GeoFIPS,GeoName,LineCode,Description,2024
00000,United States,1,RPPs: All items,100
00000,United States,2,  RPPs: Goods,99.567
00000,United States,3,  RPPs: Services: Housing,100.629
00000,United States,4,  RPPs: Services: Utilities,98.441
00000,United States,5,  RPPs: Services: Other,100.147
00999,United States (Nonmetropolitan Portion) *,1,RPPs: All items,88.699
00999,United States (Nonmetropolitan Portion) *,2,  RPPs: Goods,96.063
00999,United States (Nonmetropolitan Portion) *,3,  RPPs: Services: Housing,59.852
00999,United States (Nonmetropolitan Portion) *,4,  RPPs: Services: Utilities,88.296
00999,United States (Nonmetropolitan Portion) *,5,  RPPs: Services: Other,97.599
10180,"Abilene, TX (Metropolitan Statistical Area)",1,RPPs: All items,90.364
10180,"Abilene, TX (Metropolitan Statistical Area)",2,  RPPs: Goods,93.757
10180,"Abilene, TX (Metropolitan Statistical Area)",3,  RPPs: Services: Housing,73.791
10180,"Abilene, TX (Metropolitan Statistical Area)",4,  RPPs: Services: Utilities,81.162
10180,"Abilene, TX (Metropolitan Statistical Area)",5,  RPPs: Services: Other,96.24
10420,"Akron, OH (Metropolitan Statistical Area)",1,RPPs: All items,93.37
10420,"Akron, OH (Metropolitan Statistical Area)",2,  RPPs: Goods,93.628
10420,"Akron, OH (Metropolitan Statistical Area)",3,  RPPs: Services: Housing,76.785
10420,"Akron, OH (Metropolitan Statistical Area)",4,  RPPs: Services: Utilities,96.448
10420,"Akron, OH (Metropolitan Statistical Area)",5,  RPPs: Services: Other,98.939
10500,"Albany, GA (Metropolitan Statistical Area)",1,RPPs: All items,87.669
10500,"Albany, GA (Metropolitan Statistical Area)",2,  RPPs: Goods,96.269
10500,"Albany, GA (Metropolitan Statistical Area)",3,  RPPs: Services: Housing,54.626
10500,"Albany, GA (Metropolitan Statistical Area)",4,  RPPs: Services: Utilities,88.272
10500,"Albany, GA (Metropolitan Statistical Area)",5,  RPPs: Services: Other,98.667
10540,"Albany, OR (Metropolitan Statistical Area)",1,RPPs: All items,102.1
10540,"Albany, OR (Metropolitan Statistical Area)",2,  RPPs: Goods,105.261
10540,"Albany, OR (Metropolitan Statistical Area)",3,  RPPs: Services: Housing,101.059
10540,"Albany, OR (Metropolitan Statistical Area)",4,  RPPs: Services: Utilities,104.816
10540,"Albany, OR (Metropolitan Statistical Area)",5,  RPPs: Services: Other,100.298
10580,"Albany-Schenectady-Troy, NY (Metropolitan Statistical Area)",1,RPPs: All items,99.566
10580,"Albany-Schenectady-Troy, NY (Metropolitan Statistical Area)",2,  RPPs: Goods,99.693
10580,"Albany-Schenectady-Troy, NY (Metropolitan Statistical Area)",3,  RPPs: Services: Housing,102.582
10580,"Albany-Schenectady-Troy, NY (Metropolitan Statistical Area)",4,  RPPs: Services: Utilities,134.048
10580,"Albany-Schenectady-Troy, NY (Metropolitan Statistical Area)",5,  RPPs: Services: Other,97.754
10740,"Albuquerque, NM (Metropolitan Statistical Area)",1,RPPs: All items,95.546
10740,"Albuquerque, NM (Metropolitan Statistical Area)",2,  RPPs: Goods,96.144
10740,"Albuquerque, NM (Metropolitan Statistical Area)",3,  RPPs: Services: Housing,89.153
10740,"Albuquerque, NM (Metropolitan Statistical Area)",4,  RPPs: Services: Utilities,77.852
10740,"Albuquerque, NM (Metropolitan Statistical Area)",5,  RPPs: Services: Other,98.54
10780,"Alexandria, LA (Metropolitan Statistical Area)",1,RPPs: All items,85.686
10780,"Alexandria, LA (Metropolitan Statistical Area)",2,  RPPs: Goods,93.691
10780,"Alexandria, LA (Metropolitan Statistical Area)",3,  RPPs: Services: Housing,53.684
10780,"Alexandria, LA (Metropolitan Statistical Area)",4,  RPPs: Services: Utilities,71.076
10780,"Alexandria, LA (Metropolitan Statistical Area)",5,  RPPs: Services: Other,95.705
10900,"Allentown-Bethlehem-Easton, PA-NJ (Metropolitan Statistical Area)",1,RPPs: All items,99.968
10900,"Allentown-Bethlehem-Easton, PA-NJ (Metropolitan Statistical Area)",2,  RPPs: Goods,100.569
10900,"Allentown-Bethlehem-Easton, PA-NJ (Metropolitan Statistical Area)",3,  RPPs: Services: Housing,105.52
10900,"Allentown-Bethlehem-Easton, PA-NJ (Metropolitan Statistical Area)",4,  RPPs: Services: Utilities,107.591
10900,"Allentown-Bethlehem-Easton, PA-NJ (Metropolitan Statistical Area)",5,  RPPs: Services: Other,97.752
11020,"Altoona, PA (Metropolitan Statistical Area)",1,RPPs: All items,89.507
11020,"Altoona, PA (Metropolitan Statistical Area)",2,  RPPs: Goods,100.684
11020,"Altoona, PA (Metropolitan Statistical Area)",3,  RPPs: Services: Housing,54.978
11020,"Altoona, PA (Metropolitan Statistical Area)",4,  RPPs: Services: Utilities,107.673
11020,"Altoona, PA (Metropolitan Statistical Area)",5,  RPPs: Services: Other,97.726
11100,"Amarillo, TX (Metropolitan Statistical Area)",1,RPPs: All items,91.82
11100,"Amarillo, TX (Metropolitan Statistical Area)",2,  RPPs: Goods,93.757
11100,"Amarillo, TX (Metropolitan Statistical Area)",3,  RPPs: Services: Housing,78.38
11100,"Amarillo, TX (Metropolitan Statistical Area)",4,  RPPs: Services: Utilities,83.474
11100,"Amarillo, TX (Metropolitan Statistical Area)",5,  RPPs: Services: Other,96.24
11180,"Ames, IA (Metropolitan Statistical Area)",1,RPPs: All items,88.83
11180,"Ames, IA (Metropolitan Statistical Area)",2,  RPPs: Goods,93.73
11180,"Ames, IA (Metropolitan Statistical Area)",3,  RPPs: Services: Housing,69.163
11180,"Ames, IA (Metropolitan Statistical Area)",4,  RPPs: Services: Utilities,83.004
11180,"Ames, IA (Metropolitan Statistical Area)",5,  RPPs: Services: Other,92.927
11200,"Amherst Town-Northampton, MA (Metropolitan Statistical Area)",1,RPPs: All items,100.243
11200,"Amherst Town-Northampton, MA (Metropolitan Statistical Area)",2,  RPPs: Goods,97.015
11200,"Amherst Town-Northampton, MA (Metropolitan Statistical Area)",3,  RPPs: Services: Housing,97.537
11200,"Amherst Town-Northampton, MA (Metropolitan Statistical Area)",4,  RPPs: Services: Utilities,155.733
11200,"Amherst Town-Northampton, MA (Metropolitan Statistical Area)",5,  RPPs: Services: Other,101.197
11260,"Anchorage, AK (Metropolitan Statistical Area)",1,RPPs: All items,105.42
11260,"Anchorage, AK (Metropolitan Statistical Area)",2,  RPPs: Goods,107.34
11260,"Anchorage, AK (Metropolitan Statistical Area)",3,  RPPs: Services: Housing,109.905
11260,"Anchorage, AK (Metropolitan Statistical Area)",4,  RPPs: Services: Utilities,111.772
11260,"Anchorage, AK (Metropolitan Statistical Area)",5,  RPPs: Services: Other,103.342
11460,"Ann Arbor, MI (Metropolitan Statistical Area)",1,RPPs: All items,100.88
11460,"Ann Arbor, MI (Metropolitan Statistical Area)",2,  RPPs: Goods,93.711
11460,"Ann Arbor, MI (Metropolitan Statistical Area)",3,  RPPs: Services: Housing,125.3
11460,"Ann Arbor, MI (Metropolitan Statistical Area)",4,  RPPs: Services: Utilities,98.184
11460,"Ann Arbor, MI (Metropolitan Statistical Area)",5,  RPPs: Services: Other,99.561
11500,"Anniston-Oxford, AL (Metropolitan Statistical Area)",1,RPPs: All items,85.949
11500,"Anniston-Oxford, AL (Metropolitan Statistical Area)",2,  RPPs: Goods,96.397
11500,"Anniston-Oxford, AL (Metropolitan Statistical Area)",3,  RPPs: Services: Housing,54.705
11500,"Anniston-Oxford, AL (Metropolitan Statistical Area)",4,  RPPs: Services: Utilities,87.127
11500,"Anniston-Oxford, AL (Metropolitan Statistical Area)",5,  RPPs: Services: Other,96.693
11540,"Appleton, WI (Metropolitan Statistical Area)",1,RPPs: All items,92.419
11540,"Appleton, WI (Metropolitan Statistical Area)",2,  RPPs: Goods,93.787
11540,"Appleton, WI (Metropolitan Statistical Area)",3,  RPPs: Services: Housing,70.785
11540,"Appleton, WI (Metropolitan Statistical Area)",4,  RPPs: Services: Utilities,90.588
11540,"Appleton, WI (Metropolitan Statistical Area)",5,  RPPs: Services: Other,99.411
11700,"Asheville, NC (Metropolitan Statistical Area)",1,RPPs: All items,96.506
11700,"Asheville, NC (Metropolitan Statistical Area)",2,  RPPs: Goods,96.621
11700,"Asheville, NC (Metropolitan Statistical Area)",3,  RPPs: Services: Housing,93.371
11700,"Asheville, NC (Metropolitan Statistical Area)",4,  RPPs: Services: Utilities,88.63
11700,"Asheville, NC (Metropolitan Statistical Area)",5,  RPPs: Services: Other,98.186
12020,"Athens-Clarke County, GA (Metropolitan Statistical Area)",1,RPPs: All items,93.343
12020,"Athens-Clarke County, GA (Metropolitan Statistical Area)",2,  RPPs: Goods,96.269
12020,"Athens-Clarke County, GA (Metropolitan Statistical Area)",3,  RPPs: Services: Housing,76.759
12020,"Athens-Clarke County, GA (Metropolitan Statistical Area)",4,  RPPs: Services: Utilities,89.257
12020,"Athens-Clarke County, GA (Metropolitan Statistical Area)",5,  RPPs: Services: Other,98.667
12060,"Atlanta-Sandy Springs-Roswell, GA (Metropolitan Statistical Area)",1,RPPs: All items,100.058
12060,"Atlanta-Sandy Springs-Roswell, GA (Metropolitan Statistical Area)",2,  RPPs: Goods,100.416
12060,"Atlanta-Sandy Springs-Roswell, GA (Metropolitan Statistical Area)",3,  RPPs: Services: Housing,111.022
12060,"Atlanta-Sandy Springs-Roswell, GA (Metropolitan Statistical Area)",4,  RPPs: Services: Utilities,96.239
12060,"Atlanta-Sandy Springs-Roswell, GA (Metropolitan Statistical Area)",5,  RPPs: Services: Other,96.701
12100,"Atlantic City-Hammonton, NJ (Metropolitan Statistical Area)",1,RPPs: All items,98.857
12100,"Atlantic City-Hammonton, NJ (Metropolitan Statistical Area)",2,  RPPs: Goods,99.79
12100,"Atlantic City-Hammonton, NJ (Metropolitan Statistical Area)",3,  RPPs: Services: Housing,98.673
12100,"Atlantic City-Hammonton, NJ (Metropolitan Statistical Area)",4,  RPPs: Services: Utilities,109.204
12100,"Atlantic City-Hammonton, NJ (Metropolitan Statistical Area)",5,  RPPs: Services: Other,97.925
12220,"Auburn-Opelika, AL (Metropolitan Statistical Area)",1,RPPs: All items,87.933
12220,"Auburn-Opelika, AL (Metropolitan Statistical Area)",2,  RPPs: Goods,96.397
12220,"Auburn-Opelika, AL (Metropolitan Statistical Area)",3,  RPPs: Services: Housing,62.078
12220,"Auburn-Opelika, AL (Metropolitan Statistical Area)",4,  RPPs: Services: Utilities,83.889
12220,"Auburn-Opelika, AL (Metropolitan Statistical Area)",5,  RPPs: Services: Other,96.693
12260,"Augusta-Richmond County, GA-SC (Metropolitan Statistical Area)",1,RPPs: All items,91.903
12260,"Augusta-Richmond County, GA-SC (Metropolitan Statistical Area)",2,  RPPs: Goods,96.293
12260,"Augusta-Richmond County, GA-SC (Metropolitan Statistical Area)",3,  RPPs: Services: Housing,70.603
12260,"Augusta-Richmond County, GA-SC (Metropolitan Statistical Area)",4,  RPPs: Services: Utilities,89.473
12260,"Augusta-Richmond County, GA-SC (Metropolitan Statistical Area)",5,  RPPs: Services: Other,98.54
12420,"Austin-Round Rock-San Marcos, TX (Metropolitan Statistical Area)",1,RPPs: All items,98.066
12420,"Austin-Round Rock-San Marcos, TX (Metropolitan Statistical Area)",2,  RPPs: Goods,93.757
12420,"Austin-Round Rock-San Marcos, TX (Metropolitan Statistical Area)",3,  RPPs: Services: Housing,120.361
12420,"Austin-Round Rock-San Marcos, TX (Metropolitan Statistical Area)",4,  RPPs: Services: Utilities,82.044
12420,"Austin-Round Rock-San Marcos, TX (Metropolitan Statistical Area)",5,  RPPs: Services: Other,96.24
12540,"Bakersfield-Delano, CA (Metropolitan Statistical Area)",1,RPPs: All items,100.886
12540,"Bakersfield-Delano, CA (Metropolitan Statistical Area)",2,  RPPs: Goods,105.168
12540,"Bakersfield-Delano, CA (Metropolitan Statistical Area)",3,  RPPs: Services: Housing,90.291
12540,"Bakersfield-Delano, CA (Metropolitan Statistical Area)",4,  RPPs: Services: Utilities,158.257
12540,"Bakersfield-Delano, CA (Metropolitan Statistical Area)",5,  RPPs: Services: Other,100.267
12580,"Baltimore-Columbia-Towson, MD (Metropolitan Statistical Area)",1,RPPs: All items,104.487
12580,"Baltimore-Columbia-Towson, MD (Metropolitan Statistical Area)",2,  RPPs: Goods,102.353
12580,"Baltimore-Columbia-Towson, MD (Metropolitan Statistical Area)",3,  RPPs: Services: Housing,118.194
12580,"Baltimore-Columbia-Towson, MD (Metropolitan Statistical Area)",4,  RPPs: Services: Utilities,110.215
12580,"Baltimore-Columbia-Towson, MD (Metropolitan Statistical Area)",5,  RPPs: Services: Other,101.496
12620,"Bangor, ME (Metropolitan Statistical Area)",1,RPPs: All items,96.508
12620,"Bangor, ME (Metropolitan Statistical Area)",2,  RPPs: Goods,97.171
12620,"Bangor, ME (Metropolitan Statistical Area)",3,  RPPs: Services: Housing,77.688
12620,"Bangor, ME (Metropolitan Statistical Area)",4,  RPPs: Services: Utilities,134.759
12620,"Bangor, ME (Metropolitan Statistical Area)",5,  RPPs: Services: Other,103.191
12700,"Barnstable Town, MA (Metropolitan Statistical Area)",1,RPPs: All items,98.351
12700,"Barnstable Town, MA (Metropolitan Statistical Area)",2,  RPPs: Goods,97.015
12700,"Barnstable Town, MA (Metropolitan Statistical Area)",3,  RPPs: Services: Housing,90.012
12700,"Barnstable Town, MA (Metropolitan Statistical Area)",4,  RPPs: Services: Utilities,158.45
12700,"Barnstable Town, MA (Metropolitan Statistical Area)",5,  RPPs: Services: Other,101.197
12940,"Baton Rouge, LA (Metropolitan Statistical Area)",1,RPPs: All items,90.78
12940,"Baton Rouge, LA (Metropolitan Statistical Area)",2,  RPPs: Goods,93.691
12940,"Baton Rouge, LA (Metropolitan Statistical Area)",3,  RPPs: Services: Housing,74.183
12940,"Baton Rouge, LA (Metropolitan Statistical Area)",4,  RPPs: Services: Utilities,71.185
12940,"Baton Rouge, LA (Metropolitan Statistical Area)",5,  RPPs: Services: Other,95.705
12980,"Battle Creek, MI (Metropolitan Statistical Area)",1,RPPs: All items,90.541
12980,"Battle Creek, MI (Metropolitan Statistical Area)",2,  RPPs: Goods,93.711
12980,"Battle Creek, MI (Metropolitan Statistical Area)",3,  RPPs: Services: Housing,61.045
12980,"Battle Creek, MI (Metropolitan Statistical Area)",4,  RPPs: Services: Utilities,95.003
12980,"Battle Creek, MI (Metropolitan Statistical Area)",5,  RPPs: Services: Other,99.561
13020,"Bay City, MI (Metropolitan Statistical Area)",1,RPPs: All items,91.921
13020,"Bay City, MI (Metropolitan Statistical Area)",2,  RPPs: Goods,93.711
13020,"Bay City, MI (Metropolitan Statistical Area)",3,  RPPs: Services: Housing,66.684
13020,"Bay City, MI (Metropolitan Statistical Area)",4,  RPPs: Services: Utilities,95.219
13020,"Bay City, MI (Metropolitan Statistical Area)",5,  RPPs: Services: Other,99.561
13140,"Beaumont-Port Arthur, TX (Metropolitan Statistical Area)",1,RPPs: All items,90.046
13140,"Beaumont-Port Arthur, TX (Metropolitan Statistical Area)",2,  RPPs: Goods,93.757
13140,"Beaumont-Port Arthur, TX (Metropolitan Statistical Area)",3,  RPPs: Services: Housing,70.939
13140,"Beaumont-Port Arthur, TX (Metropolitan Statistical Area)",4,  RPPs: Services: Utilities,83.098
13140,"Beaumont-Port Arthur, TX (Metropolitan Statistical Area)",5,  RPPs: Services: Other,96.24
13220,"Beckley, WV (Metropolitan Statistical Area)",1,RPPs: All items,88.369
13220,"Beckley, WV (Metropolitan Statistical Area)",2,  RPPs: Goods,96.27
13220,"Beckley, WV (Metropolitan Statistical Area)",3,  RPPs: Services: Housing,52.246
13220,"Beckley, WV (Metropolitan Statistical Area)",4,  RPPs: Services: Utilities,91.774
13220,"Beckley, WV (Metropolitan Statistical Area)",5,  RPPs: Services: Other,99.806
13380,"Bellingham, WA (Metropolitan Statistical Area)",1,RPPs: All items,103.334
13380,"Bellingham, WA (Metropolitan Statistical Area)",2,  RPPs: Goods,105.028
13380,"Bellingham, WA (Metropolitan Statistical Area)",3,  RPPs: Services: Housing,112.946
13380,"Bellingham, WA (Metropolitan Statistical Area)",4,  RPPs: Services: Utilities,99.878
13380,"Bellingham, WA (Metropolitan Statistical Area)",5,  RPPs: Services: Other,99.472
13460,"Bend, OR (Metropolitan Statistical Area)",1,RPPs: All items,103.607
13460,"Bend, OR (Metropolitan Statistical Area)",2,  RPPs: Goods,105.261
13460,"Bend, OR (Metropolitan Statistical Area)",3,  RPPs: Services: Housing,109.958
13460,"Bend, OR (Metropolitan Statistical Area)",4,  RPPs: Services: Utilities,104.992
13460,"Bend, OR (Metropolitan Statistical Area)",5,  RPPs: Services: Other,100.298
13740,"Billings, MT (Metropolitan Statistical Area)",1,RPPs: All items,93.526
13740,"Billings, MT (Metropolitan Statistical Area)",2,  RPPs: Goods,96.006
13740,"Billings, MT (Metropolitan Statistical Area)",3,  RPPs: Services: Housing,77.364
13740,"Billings, MT (Metropolitan Statistical Area)",4,  RPPs: Services: Utilities,72.437
13740,"Billings, MT (Metropolitan Statistical Area)",5,  RPPs: Services: Other,98.715
13780,"Binghamton, NY (Metropolitan Statistical Area)",1,RPPs: All items,92.863
13780,"Binghamton, NY (Metropolitan Statistical Area)",2,  RPPs: Goods,99.693
13780,"Binghamton, NY (Metropolitan Statistical Area)",3,  RPPs: Services: Housing,69.694
13780,"Binghamton, NY (Metropolitan Statistical Area)",4,  RPPs: Services: Utilities,131.567
13780,"Binghamton, NY (Metropolitan Statistical Area)",5,  RPPs: Services: Other,97.754
13820,"Birmingham, AL (Metropolitan Statistical Area)",1,RPPs: All items,91.644
13820,"Birmingham, AL (Metropolitan Statistical Area)",2,  RPPs: Goods,96.397
13820,"Birmingham, AL (Metropolitan Statistical Area)",3,  RPPs: Services: Housing,71.851
13820,"Birmingham, AL (Metropolitan Statistical Area)",4,  RPPs: Services: Utilities,83.803
13820,"Birmingham, AL (Metropolitan Statistical Area)",5,  RPPs: Services: Other,96.693
13900,"Bismarck, ND (Metropolitan Statistical Area)",1,RPPs: All items,91.024
13900,"Bismarck, ND (Metropolitan Statistical Area)",2,  RPPs: Goods,95.701
13900,"Bismarck, ND (Metropolitan Statistical Area)",3,  RPPs: Services: Housing,84.013
13900,"Bismarck, ND (Metropolitan Statistical Area)",4,  RPPs: Services: Utilities,74.999
13900,"Bismarck, ND (Metropolitan Statistical Area)",5,  RPPs: Services: Other,91.158
13980,"Blacksburg-Christiansburg-Radford, VA (Metropolitan Statistical Area)",1,RPPs: All items,92.71
13980,"Blacksburg-Christiansburg-Radford, VA (Metropolitan Statistical Area)",2,  RPPs: Goods,96.773
13980,"Blacksburg-Christiansburg-Radford, VA (Metropolitan Statistical Area)",3,  RPPs: Services: Housing,74.371
13980,"Blacksburg-Christiansburg-Radford, VA (Metropolitan Statistical Area)",4,  RPPs: Services: Utilities,88.097
13980,"Blacksburg-Christiansburg-Radford, VA (Metropolitan Statistical Area)",5,  RPPs: Services: Other,98.612
14010,"Bloomington, IL (Metropolitan Statistical Area)",1,RPPs: All items,93.537
14010,"Bloomington, IL (Metropolitan Statistical Area)",2,  RPPs: Goods,93.643
14010,"Bloomington, IL (Metropolitan Statistical Area)",3,  RPPs: Services: Housing,74.715
14010,"Bloomington, IL (Metropolitan Statistical Area)",4,  RPPs: Services: Utilities,89.591
14010,"Bloomington, IL (Metropolitan Statistical Area)",5,  RPPs: Services: Other,99.59
14020,"Bloomington, IN (Metropolitan Statistical Area)",1,RPPs: All items,95.084
14020,"Bloomington, IN (Metropolitan Statistical Area)",2,  RPPs: Goods,94.318
14020,"Bloomington, IN (Metropolitan Statistical Area)",3,  RPPs: Services: Housing,85.59
14020,"Bloomington, IN (Metropolitan Statistical Area)",4,  RPPs: Services: Utilities,86.518
14020,"Bloomington, IN (Metropolitan Statistical Area)",5,  RPPs: Services: Other,99.141
14260,"Boise City, ID (Metropolitan Statistical Area)",1,RPPs: All items,98.391
14260,"Boise City, ID (Metropolitan Statistical Area)",2,  RPPs: Goods,96.179
14260,"Boise City, ID (Metropolitan Statistical Area)",3,  RPPs: Services: Housing,105.58
14260,"Boise City, ID (Metropolitan Statistical Area)",4,  RPPs: Services: Utilities,70.695
14260,"Boise City, ID (Metropolitan Statistical Area)",5,  RPPs: Services: Other,98.974
14460,"Boston-Cambridge-Newton, MA-NH (Metropolitan Statistical Area)",1,RPPs: All items,108.266
14460,"Boston-Cambridge-Newton, MA-NH (Metropolitan Statistical Area)",2,  RPPs: Goods,99.651
14460,"Boston-Cambridge-Newton, MA-NH (Metropolitan Statistical Area)",3,  RPPs: Services: Housing,148.424
14460,"Boston-Cambridge-Newton, MA-NH (Metropolitan Statistical Area)",4,  RPPs: Services: Utilities,148.768
14460,"Boston-Cambridge-Newton, MA-NH (Metropolitan Statistical Area)",5,  RPPs: Services: Other,103.603
14500,"Boulder, CO (Metropolitan Statistical Area)",1,RPPs: All items,105.202
14500,"Boulder, CO (Metropolitan Statistical Area)",2,  RPPs: Goods,96.052
14500,"Boulder, CO (Metropolitan Statistical Area)",3,  RPPs: Services: Housing,157.02
14500,"Boulder, CO (Metropolitan Statistical Area)",4,  RPPs: Services: Utilities,82.741
14500,"Boulder, CO (Metropolitan Statistical Area)",5,  RPPs: Services: Other,99.822
14540,"Bowling Green, KY (Metropolitan Statistical Area)",1,RPPs: All items,90.179
14540,"Bowling Green, KY (Metropolitan Statistical Area)",2,  RPPs: Goods,96.246
14540,"Bowling Green, KY (Metropolitan Statistical Area)",3,  RPPs: Services: Housing,63.395
14540,"Bowling Green, KY (Metropolitan Statistical Area)",4,  RPPs: Services: Utilities,75.2
14540,"Bowling Green, KY (Metropolitan Statistical Area)",5,  RPPs: Services: Other,96.892
14580,"Bozeman, MT (Metropolitan Statistical Area)",1,RPPs: All items,102.51
14580,"Bozeman, MT (Metropolitan Statistical Area)",2,  RPPs: Goods,96.006
14580,"Bozeman, MT (Metropolitan Statistical Area)",3,  RPPs: Services: Housing,139.188
14580,"Bozeman, MT (Metropolitan Statistical Area)",4,  RPPs: Services: Utilities,73.637
14580,"Bozeman, MT (Metropolitan Statistical Area)",5,  RPPs: Services: Other,98.715
14740,"Bremerton-Silverdale-Port Orchard, WA (Metropolitan Statistical Area)",1,RPPs: All items,105.607
14740,"Bremerton-Silverdale-Port Orchard, WA (Metropolitan Statistical Area)",2,  RPPs: Goods,105.028
14740,"Bremerton-Silverdale-Port Orchard, WA (Metropolitan Statistical Area)",3,  RPPs: Services: Housing,129.641
14740,"Bremerton-Silverdale-Port Orchard, WA (Metropolitan Statistical Area)",4,  RPPs: Services: Utilities,92.038
14740,"Bremerton-Silverdale-Port Orchard, WA (Metropolitan Statistical Area)",5,  RPPs: Services: Other,99.472
14860,"Bridgeport-Stamford-Danbury, CT Metropolitan Statistical Area",1,RPPs: All items,106.864
14860,"Bridgeport-Stamford-Danbury, CT Metropolitan Statistical Area",2,  RPPs: Goods,97.33
14860,"Bridgeport-Stamford-Danbury, CT Metropolitan Statistical Area",3,  RPPs: Services: Housing,150.453
14860,"Bridgeport-Stamford-Danbury, CT Metropolitan Statistical Area",4,  RPPs: Services: Utilities,147.074
14860,"Bridgeport-Stamford-Danbury, CT Metropolitan Statistical Area",5,  RPPs: Services: Other,102.658
15180,"Brownsville-Harlingen, TX (Metropolitan Statistical Area)",1,RPPs: All items,85.975
15180,"Brownsville-Harlingen, TX (Metropolitan Statistical Area)",2,  RPPs: Goods,93.757
15180,"Brownsville-Harlingen, TX (Metropolitan Statistical Area)",3,  RPPs: Services: Housing,57.72
15180,"Brownsville-Harlingen, TX (Metropolitan Statistical Area)",4,  RPPs: Services: Utilities,81.15
15180,"Brownsville-Harlingen, TX (Metropolitan Statistical Area)",5,  RPPs: Services: Other,96.24
15260,"Brunswick-St. Simons, GA (Metropolitan Statistical Area)",1,RPPs: All items,87.708
15260,"Brunswick-St. Simons, GA (Metropolitan Statistical Area)",2,  RPPs: Goods,96.269
15260,"Brunswick-St. Simons, GA (Metropolitan Statistical Area)",3,  RPPs: Services: Housing,56.34
15260,"Brunswick-St. Simons, GA (Metropolitan Statistical Area)",4,  RPPs: Services: Utilities,87.264
15260,"Brunswick-St. Simons, GA (Metropolitan Statistical Area)",5,  RPPs: Services: Other,98.667
15380,"Buffalo-Cheektowaga, NY (Metropolitan Statistical Area)",1,RPPs: All items,95.844
15380,"Buffalo-Cheektowaga, NY (Metropolitan Statistical Area)",2,  RPPs: Goods,99.693
15380,"Buffalo-Cheektowaga, NY (Metropolitan Statistical Area)",3,  RPPs: Services: Housing,80.989
15380,"Buffalo-Cheektowaga, NY (Metropolitan Statistical Area)",4,  RPPs: Services: Utilities,129.489
15380,"Buffalo-Cheektowaga, NY (Metropolitan Statistical Area)",5,  RPPs: Services: Other,97.754
15500,"Burlington, NC (Metropolitan Statistical Area)",1,RPPs: All items,93.196
15500,"Burlington, NC (Metropolitan Statistical Area)",2,  RPPs: Goods,96.621
15500,"Burlington, NC (Metropolitan Statistical Area)",3,  RPPs: Services: Housing,77.88
15500,"Burlington, NC (Metropolitan Statistical Area)",4,  RPPs: Services: Utilities,89.234
15500,"Burlington, NC (Metropolitan Statistical Area)",5,  RPPs: Services: Other,98.186
15540,"Burlington-South Burlington, VT (Metropolitan Statistical Area)",1,RPPs: All items,100.949
15540,"Burlington-South Burlington, VT (Metropolitan Statistical Area)",2,  RPPs: Goods,97.274
15540,"Burlington-South Burlington, VT (Metropolitan Statistical Area)",3,  RPPs: Services: Housing,103.842
15540,"Burlington-South Burlington, VT (Metropolitan Statistical Area)",4,  RPPs: Services: Utilities,125.55
15540,"Burlington-South Burlington, VT (Metropolitan Statistical Area)",5,  RPPs: Services: Other,101.586
15940,"Canton-Massillon, OH (Metropolitan Statistical Area)",1,RPPs: All items,89.406
15940,"Canton-Massillon, OH (Metropolitan Statistical Area)",2,  RPPs: Goods,93.628
15940,"Canton-Massillon, OH (Metropolitan Statistical Area)",3,  RPPs: Services: Housing,58.143
15940,"Canton-Massillon, OH (Metropolitan Statistical Area)",4,  RPPs: Services: Utilities,96.945
15940,"Canton-Massillon, OH (Metropolitan Statistical Area)",5,  RPPs: Services: Other,98.939
15980,"Cape Coral-Fort Myers, FL (Metropolitan Statistical Area)",1,RPPs: All items,102.349
15980,"Cape Coral-Fort Myers, FL (Metropolitan Statistical Area)",2,  RPPs: Goods,96.24
15980,"Cape Coral-Fort Myers, FL (Metropolitan Statistical Area)",3,  RPPs: Services: Housing,125.113
15980,"Cape Coral-Fort Myers, FL (Metropolitan Statistical Area)",4,  RPPs: Services: Utilities,86.901
15980,"Cape Coral-Fort Myers, FL (Metropolitan Statistical Area)",5,  RPPs: Services: Other,98.864
16020,"Cape Girardeau, MO-IL (Metropolitan Statistical Area)",1,RPPs: All items,86.078
16020,"Cape Girardeau, MO-IL (Metropolitan Statistical Area)",2,  RPPs: Goods,94.222
16020,"Cape Girardeau, MO-IL (Metropolitan Statistical Area)",3,  RPPs: Services: Housing,56.422
16020,"Cape Girardeau, MO-IL (Metropolitan Statistical Area)",4,  RPPs: Services: Utilities,85.609
16020,"Cape Girardeau, MO-IL (Metropolitan Statistical Area)",5,  RPPs: Services: Other,93.088
16180,"Carson City, NV (Metropolitan Statistical Area)",1,RPPs: All items,98.13
16180,"Carson City, NV (Metropolitan Statistical Area)",2,  RPPs: Goods,96.271
16180,"Carson City, NV (Metropolitan Statistical Area)",3,  RPPs: Services: Housing,101.176
16180,"Carson City, NV (Metropolitan Statistical Area)",4,  RPPs: Services: Utilities,92.674
16180,"Carson City, NV (Metropolitan Statistical Area)",5,  RPPs: Services: Other,98.744
16220,"Casper, WY (Metropolitan Statistical Area)",1,RPPs: All items,93.829
16220,"Casper, WY (Metropolitan Statistical Area)",2,  RPPs: Goods,95.368
16220,"Casper, WY (Metropolitan Statistical Area)",3,  RPPs: Services: Housing,74.189
16220,"Casper, WY (Metropolitan Statistical Area)",4,  RPPs: Services: Utilities,78.876
16220,"Casper, WY (Metropolitan Statistical Area)",5,  RPPs: Services: Other,100.428
16300,"Cedar Rapids, IA (Metropolitan Statistical Area)",1,RPPs: All items,88.963
16300,"Cedar Rapids, IA (Metropolitan Statistical Area)",2,  RPPs: Goods,93.73
16300,"Cedar Rapids, IA (Metropolitan Statistical Area)",3,  RPPs: Services: Housing,71.447
16300,"Cedar Rapids, IA (Metropolitan Statistical Area)",4,  RPPs: Services: Utilities,83.981
16300,"Cedar Rapids, IA (Metropolitan Statistical Area)",5,  RPPs: Services: Other,92.927
16540,"Chambersburg, PA (Metropolitan Statistical Area)",1,RPPs: All items,94.642
16540,"Chambersburg, PA (Metropolitan Statistical Area)",2,  RPPs: Goods,100.684
16540,"Chambersburg, PA (Metropolitan Statistical Area)",3,  RPPs: Services: Housing,71.914
16540,"Chambersburg, PA (Metropolitan Statistical Area)",4,  RPPs: Services: Utilities,108.348
16540,"Chambersburg, PA (Metropolitan Statistical Area)",5,  RPPs: Services: Other,97.726
16580,"Champaign-Urbana, IL (Metropolitan Statistical Area)",1,RPPs: All items,92.704
16580,"Champaign-Urbana, IL (Metropolitan Statistical Area)",2,  RPPs: Goods,93.643
16580,"Champaign-Urbana, IL (Metropolitan Statistical Area)",3,  RPPs: Services: Housing,71.604
16580,"Champaign-Urbana, IL (Metropolitan Statistical Area)",4,  RPPs: Services: Utilities,90.467
16580,"Champaign-Urbana, IL (Metropolitan Statistical Area)",5,  RPPs: Services: Other,99.59
16620,"Charleston, WV (Metropolitan Statistical Area)",1,RPPs: All items,88.717
16620,"Charleston, WV (Metropolitan Statistical Area)",2,  RPPs: Goods,96.27
16620,"Charleston, WV (Metropolitan Statistical Area)",3,  RPPs: Services: Housing,51.394
16620,"Charleston, WV (Metropolitan Statistical Area)",4,  RPPs: Services: Utilities,91.712
16620,"Charleston, WV (Metropolitan Statistical Area)",5,  RPPs: Services: Other,99.806
16700,"Charleston-North Charleston, SC (Metropolitan Statistical Area)",1,RPPs: All items,100.962
16700,"Charleston-North Charleston, SC (Metropolitan Statistical Area)",2,  RPPs: Goods,96.339
16700,"Charleston-North Charleston, SC (Metropolitan Statistical Area)",3,  RPPs: Services: Housing,119.77
16700,"Charleston-North Charleston, SC (Metropolitan Statistical Area)",4,  RPPs: Services: Utilities,88.212
16700,"Charleston-North Charleston, SC (Metropolitan Statistical Area)",5,  RPPs: Services: Other,98.284
16740,"Charlotte-Concord-Gastonia, NC-SC (Metropolitan Statistical Area)",1,RPPs: All items,97.348
16740,"Charlotte-Concord-Gastonia, NC-SC (Metropolitan Statistical Area)",2,  RPPs: Goods,96.58
16740,"Charlotte-Concord-Gastonia, NC-SC (Metropolitan Statistical Area)",3,  RPPs: Services: Housing,97.635
16740,"Charlotte-Concord-Gastonia, NC-SC (Metropolitan Statistical Area)",4,  RPPs: Services: Utilities,89.164
16740,"Charlotte-Concord-Gastonia, NC-SC (Metropolitan Statistical Area)",5,  RPPs: Services: Other,98.2
16820,"Charlottesville, VA (Metropolitan Statistical Area)",1,RPPs: All items,99.146
16820,"Charlottesville, VA (Metropolitan Statistical Area)",2,  RPPs: Goods,96.773
16820,"Charlottesville, VA (Metropolitan Statistical Area)",3,  RPPs: Services: Housing,107.041
16820,"Charlottesville, VA (Metropolitan Statistical Area)",4,  RPPs: Services: Utilities,88.973
16820,"Charlottesville, VA (Metropolitan Statistical Area)",5,  RPPs: Services: Other,98.612
16860,"Chattanooga, TN-GA (Metropolitan Statistical Area)",1,RPPs: All items,91.464
16860,"Chattanooga, TN-GA (Metropolitan Statistical Area)",2,  RPPs: Goods,95.994
16860,"Chattanooga, TN-GA (Metropolitan Statistical Area)",3,  RPPs: Services: Housing,76.55
16860,"Chattanooga, TN-GA (Metropolitan Statistical Area)",4,  RPPs: Services: Utilities,74.209
16860,"Chattanooga, TN-GA (Metropolitan Statistical Area)",5,  RPPs: Services: Other,95.311
16940,"Cheyenne, WY (Metropolitan Statistical Area)",1,RPPs: All items,96.491
16940,"Cheyenne, WY (Metropolitan Statistical Area)",2,  RPPs: Goods,95.368
16940,"Cheyenne, WY (Metropolitan Statistical Area)",3,  RPPs: Services: Housing,89.828
16940,"Cheyenne, WY (Metropolitan Statistical Area)",4,  RPPs: Services: Utilities,77.961
16940,"Cheyenne, WY (Metropolitan Statistical Area)",5,  RPPs: Services: Other,100.428
16980,"Chicago-Naperville-Elgin, IL-IN (Metropolitan Statistical Area)",1,RPPs: All items,103.595
16980,"Chicago-Naperville-Elgin, IL-IN (Metropolitan Statistical Area)",2,  RPPs: Goods,107.258
16980,"Chicago-Naperville-Elgin, IL-IN (Metropolitan Statistical Area)",3,  RPPs: Services: Housing,112.01
16980,"Chicago-Naperville-Elgin, IL-IN (Metropolitan Statistical Area)",4,  RPPs: Services: Utilities,83.581
16980,"Chicago-Naperville-Elgin, IL-IN (Metropolitan Statistical Area)",5,  RPPs: Services: Other,100.492
17020,"Chico, CA (Metropolitan Statistical Area)",1,RPPs: All items,101.197
17020,"Chico, CA (Metropolitan Statistical Area)",2,  RPPs: Goods,105.168
17020,"Chico, CA (Metropolitan Statistical Area)",3,  RPPs: Services: Housing,91.946
17020,"Chico, CA (Metropolitan Statistical Area)",4,  RPPs: Services: Utilities,158.837
17020,"Chico, CA (Metropolitan Statistical Area)",5,  RPPs: Services: Other,100.267
17140,"Cincinnati, OH-KY-IN (Metropolitan Statistical Area)",1,RPPs: All items,95.37
17140,"Cincinnati, OH-KY-IN (Metropolitan Statistical Area)",2,  RPPs: Goods,93.751
17140,"Cincinnati, OH-KY-IN (Metropolitan Statistical Area)",3,  RPPs: Services: Housing,87.608
17140,"Cincinnati, OH-KY-IN (Metropolitan Statistical Area)",4,  RPPs: Services: Utilities,90.954
17140,"Cincinnati, OH-KY-IN (Metropolitan Statistical Area)",5,  RPPs: Services: Other,99.04
17300,"Clarksville, TN-KY (Metropolitan Statistical Area)",1,RPPs: All items,90.947
17300,"Clarksville, TN-KY (Metropolitan Statistical Area)",2,  RPPs: Goods,96.247
17300,"Clarksville, TN-KY (Metropolitan Statistical Area)",3,  RPPs: Services: Housing,73.801
17300,"Clarksville, TN-KY (Metropolitan Statistical Area)",4,  RPPs: Services: Utilities,72.546
17300,"Clarksville, TN-KY (Metropolitan Statistical Area)",5,  RPPs: Services: Other,95.52
17410,"Cleveland, OH (Metropolitan Statistical Area)",1,RPPs: All items,93.923
17410,"Cleveland, OH (Metropolitan Statistical Area)",2,  RPPs: Goods,93.628
17410,"Cleveland, OH (Metropolitan Statistical Area)",3,  RPPs: Services: Housing,79.434
17410,"Cleveland, OH (Metropolitan Statistical Area)",4,  RPPs: Services: Utilities,95.967
17410,"Cleveland, OH (Metropolitan Statistical Area)",5,  RPPs: Services: Other,98.939
17420,"Cleveland, TN (Metropolitan Statistical Area)",1,RPPs: All items,88.08
17420,"Cleveland, TN (Metropolitan Statistical Area)",2,  RPPs: Goods,96.247
17420,"Cleveland, TN (Metropolitan Statistical Area)",3,  RPPs: Services: Housing,60.327
17420,"Cleveland, TN (Metropolitan Statistical Area)",4,  RPPs: Services: Utilities,72.32
17420,"Cleveland, TN (Metropolitan Statistical Area)",5,  RPPs: Services: Other,95.142
17660,"Coeur d'Alene, ID (Metropolitan Statistical Area)",1,RPPs: All items,98.293
17660,"Coeur d'Alene, ID (Metropolitan Statistical Area)",2,  RPPs: Goods,96.179
17660,"Coeur d'Alene, ID (Metropolitan Statistical Area)",3,  RPPs: Services: Housing,105.597
17660,"Coeur d'Alene, ID (Metropolitan Statistical Area)",4,  RPPs: Services: Utilities,70.763
17660,"Coeur d'Alene, ID (Metropolitan Statistical Area)",5,  RPPs: Services: Other,98.974
17780,"College Station-Bryan, TX (Metropolitan Statistical Area)",1,RPPs: All items,90.951
17780,"College Station-Bryan, TX (Metropolitan Statistical Area)",2,  RPPs: Goods,93.757
17780,"College Station-Bryan, TX (Metropolitan Statistical Area)",3,  RPPs: Services: Housing,75.088
17780,"College Station-Bryan, TX (Metropolitan Statistical Area)",4,  RPPs: Services: Utilities,84.39
17780,"College Station-Bryan, TX (Metropolitan Statistical Area)",5,  RPPs: Services: Other,96.24
17820,"Colorado Springs, CO (Metropolitan Statistical Area)",1,RPPs: All items,100.707
17820,"Colorado Springs, CO (Metropolitan Statistical Area)",2,  RPPs: Goods,96.052
17820,"Colorado Springs, CO (Metropolitan Statistical Area)",3,  RPPs: Services: Housing,116.207
17820,"Colorado Springs, CO (Metropolitan Statistical Area)",4,  RPPs: Services: Utilities,83.195
17820,"Colorado Springs, CO (Metropolitan Statistical Area)",5,  RPPs: Services: Other,99.822
17860,"Columbia, MO (Metropolitan Statistical Area)",1,RPPs: All items,89.438
17860,"Columbia, MO (Metropolitan Statistical Area)",2,  RPPs: Goods,94.193
17860,"Columbia, MO (Metropolitan Statistical Area)",3,  RPPs: Services: Housing,69.248
17860,"Columbia, MO (Metropolitan Statistical Area)",4,  RPPs: Services: Utilities,85.966
17860,"Columbia, MO (Metropolitan Statistical Area)",5,  RPPs: Services: Other,93.026
17900,"Columbia, SC (Metropolitan Statistical Area)",1,RPPs: All items,93.662
17900,"Columbia, SC (Metropolitan Statistical Area)",2,  RPPs: Goods,96.339
17900,"Columbia, SC (Metropolitan Statistical Area)",3,  RPPs: Services: Housing,79.455
17900,"Columbia, SC (Metropolitan Statistical Area)",4,  RPPs: Services: Utilities,88.306
17900,"Columbia, SC (Metropolitan Statistical Area)",5,  RPPs: Services: Other,98.284
17980,"Columbus, GA-AL (Metropolitan Statistical Area)",1,RPPs: All items,89.296
17980,"Columbus, GA-AL (Metropolitan Statistical Area)",2,  RPPs: Goods,96.332
17980,"Columbus, GA-AL (Metropolitan Statistical Area)",3,  RPPs: Services: Housing,61.185
17980,"Columbus, GA-AL (Metropolitan Statistical Area)",4,  RPPs: Services: Utilities,89.666
17980,"Columbus, GA-AL (Metropolitan Statistical Area)",5,  RPPs: Services: Other,98.578
18020,"Columbus, IN (Metropolitan Statistical Area)",1,RPPs: All items,93.003
18020,"Columbus, IN (Metropolitan Statistical Area)",2,  RPPs: Goods,94.318
18020,"Columbus, IN (Metropolitan Statistical Area)",3,  RPPs: Services: Housing,75.468
18020,"Columbus, IN (Metropolitan Statistical Area)",4,  RPPs: Services: Utilities,86.577
18020,"Columbus, IN (Metropolitan Statistical Area)",5,  RPPs: Services: Other,99.141
18140,"Columbus, OH (Metropolitan Statistical Area)",1,RPPs: All items,95.469
18140,"Columbus, OH (Metropolitan Statistical Area)",2,  RPPs: Goods,93.628
18140,"Columbus, OH (Metropolitan Statistical Area)",3,  RPPs: Services: Housing,87.945
18140,"Columbus, OH (Metropolitan Statistical Area)",4,  RPPs: Services: Utilities,95.523
18140,"Columbus, OH (Metropolitan Statistical Area)",5,  RPPs: Services: Other,98.939
18580,"Corpus Christi, TX (Metropolitan Statistical Area)",1,RPPs: All items,92.671
18580,"Corpus Christi, TX (Metropolitan Statistical Area)",2,  RPPs: Goods,93.757
18580,"Corpus Christi, TX (Metropolitan Statistical Area)",3,  RPPs: Services: Housing,84.905
18580,"Corpus Christi, TX (Metropolitan Statistical Area)",4,  RPPs: Services: Utilities,80.991
18580,"Corpus Christi, TX (Metropolitan Statistical Area)",5,  RPPs: Services: Other,96.24
18700,"Corvallis, OR (Metropolitan Statistical Area)",1,RPPs: All items,104.017
18700,"Corvallis, OR (Metropolitan Statistical Area)",2,  RPPs: Goods,105.261
18700,"Corvallis, OR (Metropolitan Statistical Area)",3,  RPPs: Services: Housing,114.437
18700,"Corvallis, OR (Metropolitan Statistical Area)",4,  RPPs: Services: Utilities,108.649
18700,"Corvallis, OR (Metropolitan Statistical Area)",5,  RPPs: Services: Other,100.298
18880,"Crestview-Fort Walton Beach-Destin, FL (Metropolitan Statistical Area)",1,RPPs: All items,97.031
18880,"Crestview-Fort Walton Beach-Destin, FL (Metropolitan Statistical Area)",2,  RPPs: Goods,96.24
18880,"Crestview-Fort Walton Beach-Destin, FL (Metropolitan Statistical Area)",3,  RPPs: Services: Housing,94.934
18880,"Crestview-Fort Walton Beach-Destin, FL (Metropolitan Statistical Area)",4,  RPPs: Services: Utilities,89.046
18880,"Crestview-Fort Walton Beach-Destin, FL (Metropolitan Statistical Area)",5,  RPPs: Services: Other,98.864
19100,"Dallas-Fort Worth-Arlington, TX (Metropolitan Statistical Area)",1,RPPs: All items,103.09
19100,"Dallas-Fort Worth-Arlington, TX (Metropolitan Statistical Area)",2,  RPPs: Goods,102.838
19100,"Dallas-Fort Worth-Arlington, TX (Metropolitan Statistical Area)",3,  RPPs: Services: Housing,117.874
19100,"Dallas-Fort Worth-Arlington, TX (Metropolitan Statistical Area)",4,  RPPs: Services: Utilities,90.711
19100,"Dallas-Fort Worth-Arlington, TX (Metropolitan Statistical Area)",5,  RPPs: Services: Other,99.673
19140,"Dalton, GA (Metropolitan Statistical Area)",1,RPPs: All items,89.844
19140,"Dalton, GA (Metropolitan Statistical Area)",2,  RPPs: Goods,96.269
19140,"Dalton, GA (Metropolitan Statistical Area)",3,  RPPs: Services: Housing,63.342
19140,"Dalton, GA (Metropolitan Statistical Area)",4,  RPPs: Services: Utilities,88.76
19140,"Dalton, GA (Metropolitan Statistical Area)",5,  RPPs: Services: Other,98.667
19300,"Daphne-Fairhope-Foley, AL (Metropolitan Statistical Area)",1,RPPs: All items,94.69
19300,"Daphne-Fairhope-Foley, AL (Metropolitan Statistical Area)",2,  RPPs: Goods,96.397
19300,"Daphne-Fairhope-Foley, AL (Metropolitan Statistical Area)",3,  RPPs: Services: Housing,89.15
19300,"Daphne-Fairhope-Foley, AL (Metropolitan Statistical Area)",4,  RPPs: Services: Utilities,83.286
19300,"Daphne-Fairhope-Foley, AL (Metropolitan Statistical Area)",5,  RPPs: Services: Other,96.693
19340,"Davenport-Moline-Rock Island, IA-IL (Metropolitan Statistical Area)",1,RPPs: All items,89.079
19340,"Davenport-Moline-Rock Island, IA-IL (Metropolitan Statistical Area)",2,  RPPs: Goods,94.2
19340,"Davenport-Moline-Rock Island, IA-IL (Metropolitan Statistical Area)",3,  RPPs: Services: Housing,68.346
19340,"Davenport-Moline-Rock Island, IA-IL (Metropolitan Statistical Area)",4,  RPPs: Services: Utilities,89.945
19340,"Davenport-Moline-Rock Island, IA-IL (Metropolitan Statistical Area)",5,  RPPs: Services: Other,93.53
19430,"Dayton-Kettering-Beavercreek, OH (Metropolitan Statistical Area)",1,RPPs: All items,92.694
19430,"Dayton-Kettering-Beavercreek, OH (Metropolitan Statistical Area)",2,  RPPs: Goods,93.628
19430,"Dayton-Kettering-Beavercreek, OH (Metropolitan Statistical Area)",3,  RPPs: Services: Housing,72.712
19430,"Dayton-Kettering-Beavercreek, OH (Metropolitan Statistical Area)",4,  RPPs: Services: Utilities,95.388
19430,"Dayton-Kettering-Beavercreek, OH (Metropolitan Statistical Area)",5,  RPPs: Services: Other,98.939
19460,"Decatur, AL (Metropolitan Statistical Area)",1,RPPs: All items,87.212
19460,"Decatur, AL (Metropolitan Statistical Area)",2,  RPPs: Goods,96.397
19460,"Decatur, AL (Metropolitan Statistical Area)",3,  RPPs: Services: Housing,58.067
19460,"Decatur, AL (Metropolitan Statistical Area)",4,  RPPs: Services: Utilities,84.745
19460,"Decatur, AL (Metropolitan Statistical Area)",5,  RPPs: Services: Other,96.693
19500,"Decatur, IL (Metropolitan Statistical Area)",1,RPPs: All items,88.422
19500,"Decatur, IL (Metropolitan Statistical Area)",2,  RPPs: Goods,93.643
19500,"Decatur, IL (Metropolitan Statistical Area)",3,  RPPs: Services: Housing,56.186
19500,"Decatur, IL (Metropolitan Statistical Area)",4,  RPPs: Services: Utilities,91.095
19500,"Decatur, IL (Metropolitan Statistical Area)",5,  RPPs: Services: Other,99.59
19660,"Deltona-Daytona Beach-Ormond Beach, FL (Metropolitan Statistical Area)",1,RPPs: All items,99.367
19660,"Deltona-Daytona Beach-Ormond Beach, FL (Metropolitan Statistical Area)",2,  RPPs: Goods,96.24
19660,"Deltona-Daytona Beach-Ormond Beach, FL (Metropolitan Statistical Area)",3,  RPPs: Services: Housing,108.375
19660,"Deltona-Daytona Beach-Ormond Beach, FL (Metropolitan Statistical Area)",4,  RPPs: Services: Utilities,87.566
19660,"Deltona-Daytona Beach-Ormond Beach, FL (Metropolitan Statistical Area)",5,  RPPs: Services: Other,98.864
19740,"Denver-Aurora-Centennial, CO (Metropolitan Statistical Area)",1,RPPs: All items,105.782
19740,"Denver-Aurora-Centennial, CO (Metropolitan Statistical Area)",2,  RPPs: Goods,100.957
19740,"Denver-Aurora-Centennial, CO (Metropolitan Statistical Area)",3,  RPPs: Services: Housing,146.919
19740,"Denver-Aurora-Centennial, CO (Metropolitan Statistical Area)",4,  RPPs: Services: Utilities,87.856
19740,"Denver-Aurora-Centennial, CO (Metropolitan Statistical Area)",5,  RPPs: Services: Other,99.448
19780,"Des Moines-West Des Moines, IA (Metropolitan Statistical Area)",1,RPPs: All items,91.701
19780,"Des Moines-West Des Moines, IA (Metropolitan Statistical Area)",2,  RPPs: Goods,93.73
19780,"Des Moines-West Des Moines, IA (Metropolitan Statistical Area)",3,  RPPs: Services: Housing,84.741
19780,"Des Moines-West Des Moines, IA (Metropolitan Statistical Area)",4,  RPPs: Services: Utilities,84.585
19780,"Des Moines-West Des Moines, IA (Metropolitan Statistical Area)",5,  RPPs: Services: Other,92.927
19820,"Detroit-Warren-Dearborn, MI (Metropolitan Statistical Area)",1,RPPs: All items,100.298
19820,"Detroit-Warren-Dearborn, MI (Metropolitan Statistical Area)",2,  RPPs: Goods,98.817
19820,"Detroit-Warren-Dearborn, MI (Metropolitan Statistical Area)",3,  RPPs: Services: Housing,94.69
19820,"Detroit-Warren-Dearborn, MI (Metropolitan Statistical Area)",4,  RPPs: Services: Utilities,106.988
19820,"Detroit-Warren-Dearborn, MI (Metropolitan Statistical Area)",5,  RPPs: Services: Other,102.591
20020,"Dothan, AL (Metropolitan Statistical Area)",1,RPPs: All items,83.833
20020,"Dothan, AL (Metropolitan Statistical Area)",2,  RPPs: Goods,96.397
20020,"Dothan, AL (Metropolitan Statistical Area)",3,  RPPs: Services: Housing,46.872
20020,"Dothan, AL (Metropolitan Statistical Area)",4,  RPPs: Services: Utilities,84.319
20020,"Dothan, AL (Metropolitan Statistical Area)",5,  RPPs: Services: Other,96.693
20100,"Dover, DE (Metropolitan Statistical Area)",1,RPPs: All items,97.507
20100,"Dover, DE (Metropolitan Statistical Area)",2,  RPPs: Goods,96.372
20100,"Dover, DE (Metropolitan Statistical Area)",3,  RPPs: Services: Housing,95.899
20100,"Dover, DE (Metropolitan Statistical Area)",4,  RPPs: Services: Utilities,97.183
20100,"Dover, DE (Metropolitan Statistical Area)",5,  RPPs: Services: Other,98.774
20220,"Dubuque, IA (Metropolitan Statistical Area)",1,RPPs: All items,87.328
20220,"Dubuque, IA (Metropolitan Statistical Area)",2,  RPPs: Goods,93.73
20220,"Dubuque, IA (Metropolitan Statistical Area)",3,  RPPs: Services: Housing,64.046
20220,"Dubuque, IA (Metropolitan Statistical Area)",4,  RPPs: Services: Utilities,81.196
20220,"Dubuque, IA (Metropolitan Statistical Area)",5,  RPPs: Services: Other,92.927
20260,"Duluth, MN-WI (Metropolitan Statistical Area)",1,RPPs: All items,88.768
20260,"Duluth, MN-WI (Metropolitan Statistical Area)",2,  RPPs: Goods,95.3
20260,"Duluth, MN-WI (Metropolitan Statistical Area)",3,  RPPs: Services: Housing,71.147
20260,"Duluth, MN-WI (Metropolitan Statistical Area)",4,  RPPs: Services: Utilities,87.25
20260,"Duluth, MN-WI (Metropolitan Statistical Area)",5,  RPPs: Services: Other,92.187
20500,"Durham-Chapel Hill, NC (Metropolitan Statistical Area)",1,RPPs: All items,97.572
20500,"Durham-Chapel Hill, NC (Metropolitan Statistical Area)",2,  RPPs: Goods,96.621
20500,"Durham-Chapel Hill, NC (Metropolitan Statistical Area)",3,  RPPs: Services: Housing,98.934
20500,"Durham-Chapel Hill, NC (Metropolitan Statistical Area)",4,  RPPs: Services: Utilities,89.317
20500,"Durham-Chapel Hill, NC (Metropolitan Statistical Area)",5,  RPPs: Services: Other,98.186
20580,"Eagle Pass, TX (Metropolitan Statistical Area)",1,RPPs: All items,83.805
20580,"Eagle Pass, TX (Metropolitan Statistical Area)",2,  RPPs: Goods,93.757
20580,"Eagle Pass, TX (Metropolitan Statistical Area)",3,  RPPs: Services: Housing,53.681
20580,"Eagle Pass, TX (Metropolitan Statistical Area)",4,  RPPs: Services: Utilities,81.86
20580,"Eagle Pass, TX (Metropolitan Statistical Area)",5,  RPPs: Services: Other,96.24
20740,"Eau Claire, WI (Metropolitan Statistical Area)",1,RPPs: All items,92.796
20740,"Eau Claire, WI (Metropolitan Statistical Area)",2,  RPPs: Goods,93.787
20740,"Eau Claire, WI (Metropolitan Statistical Area)",3,  RPPs: Services: Housing,72.85
20740,"Eau Claire, WI (Metropolitan Statistical Area)",4,  RPPs: Services: Utilities,90.935
20740,"Eau Claire, WI (Metropolitan Statistical Area)",5,  RPPs: Services: Other,99.411
20940,"El Centro, CA (Metropolitan Statistical Area)",1,RPPs: All items,95.174
20940,"El Centro, CA (Metropolitan Statistical Area)",2,  RPPs: Goods,105.168
20940,"El Centro, CA (Metropolitan Statistical Area)",3,  RPPs: Services: Housing,66.274
20940,"El Centro, CA (Metropolitan Statistical Area)",4,  RPPs: Services: Utilities,157.195
20940,"El Centro, CA (Metropolitan Statistical Area)",5,  RPPs: Services: Other,100.267
21060,"Elizabethtown, KY (Metropolitan Statistical Area)",1,RPPs: All items,90.572
21060,"Elizabethtown, KY (Metropolitan Statistical Area)",2,  RPPs: Goods,96.246
21060,"Elizabethtown, KY (Metropolitan Statistical Area)",3,  RPPs: Services: Housing,66.669
21060,"Elizabethtown, KY (Metropolitan Statistical Area)",4,  RPPs: Services: Utilities,74.599
21060,"Elizabethtown, KY (Metropolitan Statistical Area)",5,  RPPs: Services: Other,96.892
21140,"Elkhart-Goshen, IN (Metropolitan Statistical Area)",1,RPPs: All items,90.325
21140,"Elkhart-Goshen, IN (Metropolitan Statistical Area)",2,  RPPs: Goods,94.318
21140,"Elkhart-Goshen, IN (Metropolitan Statistical Area)",3,  RPPs: Services: Housing,64.327
21140,"Elkhart-Goshen, IN (Metropolitan Statistical Area)",4,  RPPs: Services: Utilities,86.359
21140,"Elkhart-Goshen, IN (Metropolitan Statistical Area)",5,  RPPs: Services: Other,99.141
21300,"Elmira, NY (Metropolitan Statistical Area)",1,RPPs: All items,94.398
21300,"Elmira, NY (Metropolitan Statistical Area)",2,  RPPs: Goods,99.693
21300,"Elmira, NY (Metropolitan Statistical Area)",3,  RPPs: Services: Housing,76.357
21300,"Elmira, NY (Metropolitan Statistical Area)",4,  RPPs: Services: Utilities,131.583
21300,"Elmira, NY (Metropolitan Statistical Area)",5,  RPPs: Services: Other,97.754
21340,"El Paso, TX (Metropolitan Statistical Area)",1,RPPs: All items,89.912
21340,"El Paso, TX (Metropolitan Statistical Area)",2,  RPPs: Goods,93.757
21340,"El Paso, TX (Metropolitan Statistical Area)",3,  RPPs: Services: Housing,71.248
21340,"El Paso, TX (Metropolitan Statistical Area)",4,  RPPs: Services: Utilities,82.585
21340,"El Paso, TX (Metropolitan Statistical Area)",5,  RPPs: Services: Other,96.24
21420,"Enid, OK (Metropolitan Statistical Area) *",1,RPPs: All items,84.269
21420,"Enid, OK (Metropolitan Statistical Area) *",2,  RPPs: Goods,93.778
21420,"Enid, OK (Metropolitan Statistical Area) *",3,  RPPs: Services: Housing,51.389
21420,"Enid, OK (Metropolitan Statistical Area) *",4,  RPPs: Services: Utilities,74.37
21420,"Enid, OK (Metropolitan Statistical Area) *",5,  RPPs: Services: Other,95.458
21500,"Erie, PA (Metropolitan Statistical Area)",1,RPPs: All items,90.95
21500,"Erie, PA (Metropolitan Statistical Area)",2,  RPPs: Goods,100.684
21500,"Erie, PA (Metropolitan Statistical Area)",3,  RPPs: Services: Housing,56.83
21500,"Erie, PA (Metropolitan Statistical Area)",4,  RPPs: Services: Utilities,106.806
21500,"Erie, PA (Metropolitan Statistical Area)",5,  RPPs: Services: Other,97.726
21660,"Eugene-Springfield, OR (Metropolitan Statistical Area)",1,RPPs: All items,101.568
21660,"Eugene-Springfield, OR (Metropolitan Statistical Area)",2,  RPPs: Goods,105.261
21660,"Eugene-Springfield, OR (Metropolitan Statistical Area)",3,  RPPs: Services: Housing,98.35
21660,"Eugene-Springfield, OR (Metropolitan Statistical Area)",4,  RPPs: Services: Utilities,102.531
21660,"Eugene-Springfield, OR (Metropolitan Statistical Area)",5,  RPPs: Services: Other,100.298
21780,"Evansville, IN (Metropolitan Statistical Area)",1,RPPs: All items,91.528
21780,"Evansville, IN (Metropolitan Statistical Area)",2,  RPPs: Goods,94.318
21780,"Evansville, IN (Metropolitan Statistical Area)",3,  RPPs: Services: Housing,66.735
21780,"Evansville, IN (Metropolitan Statistical Area)",4,  RPPs: Services: Utilities,86.717
21780,"Evansville, IN (Metropolitan Statistical Area)",5,  RPPs: Services: Other,99.141
21820,"Fairbanks-College, AK (Metropolitan Statistical Area)",1,RPPs: All items,103.208
21820,"Fairbanks-College, AK (Metropolitan Statistical Area)",2,  RPPs: Goods,107.34
21820,"Fairbanks-College, AK (Metropolitan Statistical Area)",3,  RPPs: Services: Housing,92.562
21820,"Fairbanks-College, AK (Metropolitan Statistical Area)",4,  RPPs: Services: Utilities,119.776
21820,"Fairbanks-College, AK (Metropolitan Statistical Area)",5,  RPPs: Services: Other,103.342
22020,"Fargo, ND-MN (Metropolitan Statistical Area)",1,RPPs: All items,90.871
22020,"Fargo, ND-MN (Metropolitan Statistical Area)",2,  RPPs: Goods,95.654
22020,"Fargo, ND-MN (Metropolitan Statistical Area)",3,  RPPs: Services: Housing,81.142
22020,"Fargo, ND-MN (Metropolitan Statistical Area)",4,  RPPs: Services: Utilities,77.324
22020,"Fargo, ND-MN (Metropolitan Statistical Area)",5,  RPPs: Services: Other,91.334
22140,"Farmington, NM (Metropolitan Statistical Area)",1,RPPs: All items,87.707
22140,"Farmington, NM (Metropolitan Statistical Area)",2,  RPPs: Goods,96.144
22140,"Farmington, NM (Metropolitan Statistical Area)",3,  RPPs: Services: Housing,56.552
22140,"Farmington, NM (Metropolitan Statistical Area)",4,  RPPs: Services: Utilities,77.865
22140,"Farmington, NM (Metropolitan Statistical Area)",5,  RPPs: Services: Other,98.54
22180,"Fayetteville, NC (Metropolitan Statistical Area)",1,RPPs: All items,91.978
22180,"Fayetteville, NC (Metropolitan Statistical Area)",2,  RPPs: Goods,96.621
22180,"Fayetteville, NC (Metropolitan Statistical Area)",3,  RPPs: Services: Housing,73.081
22180,"Fayetteville, NC (Metropolitan Statistical Area)",4,  RPPs: Services: Utilities,87.779
22180,"Fayetteville, NC (Metropolitan Statistical Area)",5,  RPPs: Services: Other,98.186
22220,"Fayetteville-Springdale-Rogers, AR (Metropolitan Statistical Area)",1,RPPs: All items,91.353
22220,"Fayetteville-Springdale-Rogers, AR (Metropolitan Statistical Area)",2,  RPPs: Goods,93.577
22220,"Fayetteville-Springdale-Rogers, AR (Metropolitan Statistical Area)",3,  RPPs: Services: Housing,76.886
22220,"Fayetteville-Springdale-Rogers, AR (Metropolitan Statistical Area)",4,  RPPs: Services: Utilities,75.109
22220,"Fayetteville-Springdale-Rogers, AR (Metropolitan Statistical Area)",5,  RPPs: Services: Other,95.295
22380,"Flagstaff, AZ (Metropolitan Statistical Area)",1,RPPs: All items,100.325
22380,"Flagstaff, AZ (Metropolitan Statistical Area)",2,  RPPs: Goods,96.237
22380,"Flagstaff, AZ (Metropolitan Statistical Area)",3,  RPPs: Services: Housing,108.961
22380,"Flagstaff, AZ (Metropolitan Statistical Area)",4,  RPPs: Services: Utilities,93.825
22380,"Flagstaff, AZ (Metropolitan Statistical Area)",5,  RPPs: Services: Other,99.838
22420,"Flint, MI (Metropolitan Statistical Area)",1,RPPs: All items,93.034
22420,"Flint, MI (Metropolitan Statistical Area)",2,  RPPs: Goods,93.711
22420,"Flint, MI (Metropolitan Statistical Area)",3,  RPPs: Services: Housing,74.039
22420,"Flint, MI (Metropolitan Statistical Area)",4,  RPPs: Services: Utilities,97.067
22420,"Flint, MI (Metropolitan Statistical Area)",5,  RPPs: Services: Other,99.561
22500,"Florence, SC (Metropolitan Statistical Area)",1,RPPs: All items,86.774
22500,"Florence, SC (Metropolitan Statistical Area)",2,  RPPs: Goods,96.339
22500,"Florence, SC (Metropolitan Statistical Area)",3,  RPPs: Services: Housing,52.425
22500,"Florence, SC (Metropolitan Statistical Area)",4,  RPPs: Services: Utilities,87.731
22500,"Florence, SC (Metropolitan Statistical Area)",5,  RPPs: Services: Other,98.284
22520,"Florence-Muscle Shoals, AL (Metropolitan Statistical Area)",1,RPPs: All items,84.817
22520,"Florence-Muscle Shoals, AL (Metropolitan Statistical Area)",2,  RPPs: Goods,96.397
22520,"Florence-Muscle Shoals, AL (Metropolitan Statistical Area)",3,  RPPs: Services: Housing,47.677
22520,"Florence-Muscle Shoals, AL (Metropolitan Statistical Area)",4,  RPPs: Services: Utilities,85.771
22520,"Florence-Muscle Shoals, AL (Metropolitan Statistical Area)",5,  RPPs: Services: Other,96.693
22540,"Fond du Lac, WI (Metropolitan Statistical Area)",1,RPPs: All items,91.643
22540,"Fond du Lac, WI (Metropolitan Statistical Area)",2,  RPPs: Goods,93.787
22540,"Fond du Lac, WI (Metropolitan Statistical Area)",3,  RPPs: Services: Housing,67.317
22540,"Fond du Lac, WI (Metropolitan Statistical Area)",4,  RPPs: Services: Utilities,91.108
22540,"Fond du Lac, WI (Metropolitan Statistical Area)",5,  RPPs: Services: Other,99.411
22660,"Fort Collins-Loveland, CO (Metropolitan Statistical Area)",1,RPPs: All items,101.128
22660,"Fort Collins-Loveland, CO (Metropolitan Statistical Area)",2,  RPPs: Goods,96.052
22660,"Fort Collins-Loveland, CO (Metropolitan Statistical Area)",3,  RPPs: Services: Housing,120.592
22660,"Fort Collins-Loveland, CO (Metropolitan Statistical Area)",4,  RPPs: Services: Utilities,82.156
22660,"Fort Collins-Loveland, CO (Metropolitan Statistical Area)",5,  RPPs: Services: Other,99.822
22900,"Fort Smith, AR-OK (Metropolitan Statistical Area)",1,RPPs: All items,85.888
22900,"Fort Smith, AR-OK (Metropolitan Statistical Area)",2,  RPPs: Goods,93.606
22900,"Fort Smith, AR-OK (Metropolitan Statistical Area)",3,  RPPs: Services: Housing,53.443
22900,"Fort Smith, AR-OK (Metropolitan Statistical Area)",4,  RPPs: Services: Utilities,73.797
22900,"Fort Smith, AR-OK (Metropolitan Statistical Area)",5,  RPPs: Services: Other,95.319
23060,"Fort Wayne, IN (Metropolitan Statistical Area)",1,RPPs: All items,92.572
23060,"Fort Wayne, IN (Metropolitan Statistical Area)",2,  RPPs: Goods,94.318
23060,"Fort Wayne, IN (Metropolitan Statistical Area)",3,  RPPs: Services: Housing,72.277
23060,"Fort Wayne, IN (Metropolitan Statistical Area)",4,  RPPs: Services: Utilities,86.247
23060,"Fort Wayne, IN (Metropolitan Statistical Area)",5,  RPPs: Services: Other,99.141
23420,"Fresno, CA (Metropolitan Statistical Area)",1,RPPs: All items,102.158
23420,"Fresno, CA (Metropolitan Statistical Area)",2,  RPPs: Goods,105.168
23420,"Fresno, CA (Metropolitan Statistical Area)",3,  RPPs: Services: Housing,95.725
23420,"Fresno, CA (Metropolitan Statistical Area)",4,  RPPs: Services: Utilities,161.01
23420,"Fresno, CA (Metropolitan Statistical Area)",5,  RPPs: Services: Other,100.267
23460,"Gadsden, AL (Metropolitan Statistical Area)",1,RPPs: All items,85.653
23460,"Gadsden, AL (Metropolitan Statistical Area)",2,  RPPs: Goods,96.397
23460,"Gadsden, AL (Metropolitan Statistical Area)",3,  RPPs: Services: Housing,53.696
23460,"Gadsden, AL (Metropolitan Statistical Area)",4,  RPPs: Services: Utilities,86.712
23460,"Gadsden, AL (Metropolitan Statistical Area)",5,  RPPs: Services: Other,96.693
23540,"Gainesville, FL (Metropolitan Statistical Area)",1,RPPs: All items,96.733
23540,"Gainesville, FL (Metropolitan Statistical Area)",2,  RPPs: Goods,96.24
23540,"Gainesville, FL (Metropolitan Statistical Area)",3,  RPPs: Services: Housing,92.982
23540,"Gainesville, FL (Metropolitan Statistical Area)",4,  RPPs: Services: Utilities,88.155
23540,"Gainesville, FL (Metropolitan Statistical Area)",5,  RPPs: Services: Other,98.864
23580,"Gainesville, GA (Metropolitan Statistical Area)",1,RPPs: All items,96.766
23580,"Gainesville, GA (Metropolitan Statistical Area)",2,  RPPs: Goods,96.269
23580,"Gainesville, GA (Metropolitan Statistical Area)",3,  RPPs: Services: Housing,93.488
23580,"Gainesville, GA (Metropolitan Statistical Area)",4,  RPPs: Services: Utilities,89.587
23580,"Gainesville, GA (Metropolitan Statistical Area)",5,  RPPs: Services: Other,98.667
23900,"Gettysburg, PA (Metropolitan Statistical Area)",1,RPPs: All items,95.379
23900,"Gettysburg, PA (Metropolitan Statistical Area)",2,  RPPs: Goods,100.684
23900,"Gettysburg, PA (Metropolitan Statistical Area)",3,  RPPs: Services: Housing,73.865
23900,"Gettysburg, PA (Metropolitan Statistical Area)",4,  RPPs: Services: Utilities,107.003
23900,"Gettysburg, PA (Metropolitan Statistical Area)",5,  RPPs: Services: Other,97.726
24020,"Glens Falls, NY (Metropolitan Statistical Area)",1,RPPs: All items,94.866
24020,"Glens Falls, NY (Metropolitan Statistical Area)",2,  RPPs: Goods,99.693
24020,"Glens Falls, NY (Metropolitan Statistical Area)",3,  RPPs: Services: Housing,76.231
24020,"Glens Falls, NY (Metropolitan Statistical Area)",4,  RPPs: Services: Utilities,133.827
24020,"Glens Falls, NY (Metropolitan Statistical Area)",5,  RPPs: Services: Other,97.754
24140,"Goldsboro, NC (Metropolitan Statistical Area)",1,RPPs: All items,88.462
24140,"Goldsboro, NC (Metropolitan Statistical Area)",2,  RPPs: Goods,96.621
24140,"Goldsboro, NC (Metropolitan Statistical Area)",3,  RPPs: Services: Housing,57.684
24140,"Goldsboro, NC (Metropolitan Statistical Area)",4,  RPPs: Services: Utilities,87.888
24140,"Goldsboro, NC (Metropolitan Statistical Area)",5,  RPPs: Services: Other,98.186
24220,"Grand Forks, ND-MN (Metropolitan Statistical Area)",1,RPPs: All items,86.663
24220,"Grand Forks, ND-MN (Metropolitan Statistical Area)",2,  RPPs: Goods,95.632
24220,"Grand Forks, ND-MN (Metropolitan Statistical Area)",3,  RPPs: Services: Housing,59.664
24220,"Grand Forks, ND-MN (Metropolitan Statistical Area)",4,  RPPs: Services: Utilities,77.088
24220,"Grand Forks, ND-MN (Metropolitan Statistical Area)",5,  RPPs: Services: Other,91.417
24260,"Grand Island, NE (Metropolitan Statistical Area)",1,RPPs: All items,86.657
24260,"Grand Island, NE (Metropolitan Statistical Area)",2,  RPPs: Goods,94.101
24260,"Grand Island, NE (Metropolitan Statistical Area)",3,  RPPs: Services: Housing,61.748
24260,"Grand Island, NE (Metropolitan Statistical Area)",4,  RPPs: Services: Utilities,74.241
24260,"Grand Island, NE (Metropolitan Statistical Area)",5,  RPPs: Services: Other,92.98
24300,"Grand Junction, CO (Metropolitan Statistical Area)",1,RPPs: All items,95.476
24300,"Grand Junction, CO (Metropolitan Statistical Area)",2,  RPPs: Goods,96.052
24300,"Grand Junction, CO (Metropolitan Statistical Area)",3,  RPPs: Services: Housing,86.367
24300,"Grand Junction, CO (Metropolitan Statistical Area)",4,  RPPs: Services: Utilities,83.286
24300,"Grand Junction, CO (Metropolitan Statistical Area)",5,  RPPs: Services: Other,99.822
24340,"Grand Rapids-Wyoming-Kentwood, MI (Metropolitan Statistical Area)",1,RPPs: All items,95.546
24340,"Grand Rapids-Wyoming-Kentwood, MI (Metropolitan Statistical Area)",2,  RPPs: Goods,93.711
24340,"Grand Rapids-Wyoming-Kentwood, MI (Metropolitan Statistical Area)",3,  RPPs: Services: Housing,86.596
24340,"Grand Rapids-Wyoming-Kentwood, MI (Metropolitan Statistical Area)",4,  RPPs: Services: Utilities,93.775
24340,"Grand Rapids-Wyoming-Kentwood, MI (Metropolitan Statistical Area)",5,  RPPs: Services: Other,99.561
24420,"Grants Pass, OR (Metropolitan Statistical Area)",1,RPPs: All items,97.76
24420,"Grants Pass, OR (Metropolitan Statistical Area)",2,  RPPs: Goods,105.261
24420,"Grants Pass, OR (Metropolitan Statistical Area)",3,  RPPs: Services: Housing,79.911
24420,"Grants Pass, OR (Metropolitan Statistical Area)",4,  RPPs: Services: Utilities,103.562
24420,"Grants Pass, OR (Metropolitan Statistical Area)",5,  RPPs: Services: Other,100.298
24500,"Great Falls, MT (Metropolitan Statistical Area)",1,RPPs: All items,96.845
24500,"Great Falls, MT (Metropolitan Statistical Area)",2,  RPPs: Goods,96.006
24500,"Great Falls, MT (Metropolitan Statistical Area)",3,  RPPs: Services: Housing,97.115
24500,"Great Falls, MT (Metropolitan Statistical Area)",4,  RPPs: Services: Utilities,73.048
24500,"Great Falls, MT (Metropolitan Statistical Area)",5,  RPPs: Services: Other,98.715
24540,"Greeley, CO (Metropolitan Statistical Area)",1,RPPs: All items,100.176
24540,"Greeley, CO (Metropolitan Statistical Area)",2,  RPPs: Goods,96.052
24540,"Greeley, CO (Metropolitan Statistical Area)",3,  RPPs: Services: Housing,112.599
24540,"Greeley, CO (Metropolitan Statistical Area)",4,  RPPs: Services: Utilities,81.997
24540,"Greeley, CO (Metropolitan Statistical Area)",5,  RPPs: Services: Other,99.822
24580,"Green Bay, WI (Metropolitan Statistical Area)",1,RPPs: All items,93.086
24580,"Green Bay, WI (Metropolitan Statistical Area)",2,  RPPs: Goods,93.787
24580,"Green Bay, WI (Metropolitan Statistical Area)",3,  RPPs: Services: Housing,74.696
24580,"Green Bay, WI (Metropolitan Statistical Area)",4,  RPPs: Services: Utilities,90.041
24580,"Green Bay, WI (Metropolitan Statistical Area)",5,  RPPs: Services: Other,99.411
24660,"Greensboro-High Point, NC (Metropolitan Statistical Area)",1,RPPs: All items,92.865
24660,"Greensboro-High Point, NC (Metropolitan Statistical Area)",2,  RPPs: Goods,96.621
24660,"Greensboro-High Point, NC (Metropolitan Statistical Area)",3,  RPPs: Services: Housing,74.519
24660,"Greensboro-High Point, NC (Metropolitan Statistical Area)",4,  RPPs: Services: Utilities,89.065
24660,"Greensboro-High Point, NC (Metropolitan Statistical Area)",5,  RPPs: Services: Other,98.186
24780,"Greenville, NC (Metropolitan Statistical Area)",1,RPPs: All items,88.402
24780,"Greenville, NC (Metropolitan Statistical Area)",2,  RPPs: Goods,96.621
24780,"Greenville, NC (Metropolitan Statistical Area)",3,  RPPs: Services: Housing,57.326
24780,"Greenville, NC (Metropolitan Statistical Area)",4,  RPPs: Services: Utilities,87.286
24780,"Greenville, NC (Metropolitan Statistical Area)",5,  RPPs: Services: Other,98.186
24860,"Greenville-Anderson-Greer, SC (Metropolitan Statistical Area)",1,RPPs: All items,93.26
24860,"Greenville-Anderson-Greer, SC (Metropolitan Statistical Area)",2,  RPPs: Goods,96.339
24860,"Greenville-Anderson-Greer, SC (Metropolitan Statistical Area)",3,  RPPs: Services: Housing,76.836
24860,"Greenville-Anderson-Greer, SC (Metropolitan Statistical Area)",4,  RPPs: Services: Utilities,88.762
24860,"Greenville-Anderson-Greer, SC (Metropolitan Statistical Area)",5,  RPPs: Services: Other,98.284
25060,"Gulfport-Biloxi, MS (Metropolitan Statistical Area)",1,RPPs: All items,90.006
25060,"Gulfport-Biloxi, MS (Metropolitan Statistical Area)",2,  RPPs: Goods,96.219
25060,"Gulfport-Biloxi, MS (Metropolitan Statistical Area)",3,  RPPs: Services: Housing,67.906
25060,"Gulfport-Biloxi, MS (Metropolitan Statistical Area)",4,  RPPs: Services: Utilities,76.34
25060,"Gulfport-Biloxi, MS (Metropolitan Statistical Area)",5,  RPPs: Services: Other,96.09
25180,"Hagerstown-Martinsburg, MD-WV (Metropolitan Statistical Area)",1,RPPs: All items,94.171
25180,"Hagerstown-Martinsburg, MD-WV (Metropolitan Statistical Area)",2,  RPPs: Goods,96.399
25180,"Hagerstown-Martinsburg, MD-WV (Metropolitan Statistical Area)",3,  RPPs: Services: Housing,75.737
25180,"Hagerstown-Martinsburg, MD-WV (Metropolitan Statistical Area)",4,  RPPs: Services: Utilities,95.694
25180,"Hagerstown-Martinsburg, MD-WV (Metropolitan Statistical Area)",5,  RPPs: Services: Other,99.48
25220,"Hammond, LA (Metropolitan Statistical Area)",1,RPPs: All items,84.46
25220,"Hammond, LA (Metropolitan Statistical Area)",2,  RPPs: Goods,93.691
25220,"Hammond, LA (Metropolitan Statistical Area)",3,  RPPs: Services: Housing,48.16
25220,"Hammond, LA (Metropolitan Statistical Area)",4,  RPPs: Services: Utilities,71.002
25220,"Hammond, LA (Metropolitan Statistical Area)",5,  RPPs: Services: Other,95.705
25260,"Hanford-Corcoran, CA (Metropolitan Statistical Area)",1,RPPs: All items,101.612
25260,"Hanford-Corcoran, CA (Metropolitan Statistical Area)",2,  RPPs: Goods,105.168
25260,"Hanford-Corcoran, CA (Metropolitan Statistical Area)",3,  RPPs: Services: Housing,93.497
25260,"Hanford-Corcoran, CA (Metropolitan Statistical Area)",4,  RPPs: Services: Utilities,157.378
25260,"Hanford-Corcoran, CA (Metropolitan Statistical Area)",5,  RPPs: Services: Other,100.267
25420,"Harrisburg-Carlisle, PA (Metropolitan Statistical Area)",1,RPPs: All items,98.65
25420,"Harrisburg-Carlisle, PA (Metropolitan Statistical Area)",2,  RPPs: Goods,100.684
25420,"Harrisburg-Carlisle, PA (Metropolitan Statistical Area)",3,  RPPs: Services: Housing,96.28
25420,"Harrisburg-Carlisle, PA (Metropolitan Statistical Area)",4,  RPPs: Services: Utilities,108.078
25420,"Harrisburg-Carlisle, PA (Metropolitan Statistical Area)",5,  RPPs: Services: Other,97.726
25500,"Harrisonburg, VA (Metropolitan Statistical Area)",1,RPPs: All items,94.892
25500,"Harrisonburg, VA (Metropolitan Statistical Area)",2,  RPPs: Goods,96.773
25500,"Harrisonburg, VA (Metropolitan Statistical Area)",3,  RPPs: Services: Housing,82.272
25500,"Harrisonburg, VA (Metropolitan Statistical Area)",4,  RPPs: Services: Utilities,88.549
25500,"Harrisonburg, VA (Metropolitan Statistical Area)",5,  RPPs: Services: Other,98.612
25540,"Hartford-West Hartford-East Hartford, CT (Metropolitan Statistical Area)",1,RPPs: All items,102.746
25540,"Hartford-West Hartford-East Hartford, CT (Metropolitan Statistical Area)",2,  RPPs: Goods,97.33
25540,"Hartford-West Hartford-East Hartford, CT (Metropolitan Statistical Area)",3,  RPPs: Services: Housing,110.234
25540,"Hartford-West Hartford-East Hartford, CT (Metropolitan Statistical Area)",4,  RPPs: Services: Utilities,144.854
25540,"Hartford-West Hartford-East Hartford, CT (Metropolitan Statistical Area)",5,  RPPs: Services: Other,102.658
25620,"Hattiesburg, MS (Metropolitan Statistical Area)",1,RPPs: All items,87.633
25620,"Hattiesburg, MS (Metropolitan Statistical Area)",2,  RPPs: Goods,96.219
25620,"Hattiesburg, MS (Metropolitan Statistical Area)",3,  RPPs: Services: Housing,60.059
25620,"Hattiesburg, MS (Metropolitan Statistical Area)",4,  RPPs: Services: Utilities,76.88
25620,"Hattiesburg, MS (Metropolitan Statistical Area)",5,  RPPs: Services: Other,96.09
25740,"Helena, MT (Metropolitan Statistical Area)",1,RPPs: All items,95.675
25740,"Helena, MT (Metropolitan Statistical Area)",2,  RPPs: Goods,96.006
25740,"Helena, MT (Metropolitan Statistical Area)",3,  RPPs: Services: Housing,90.141
25740,"Helena, MT (Metropolitan Statistical Area)",4,  RPPs: Services: Utilities,72.646
25740,"Helena, MT (Metropolitan Statistical Area)",5,  RPPs: Services: Other,98.715
25860,"Hickory-Lenoir-Morganton, NC (Metropolitan Statistical Area)",1,RPPs: All items,88.486
25860,"Hickory-Lenoir-Morganton, NC (Metropolitan Statistical Area)",2,  RPPs: Goods,96.621
25860,"Hickory-Lenoir-Morganton, NC (Metropolitan Statistical Area)",3,  RPPs: Services: Housing,59.578
25860,"Hickory-Lenoir-Morganton, NC (Metropolitan Statistical Area)",4,  RPPs: Services: Utilities,87.81
25860,"Hickory-Lenoir-Morganton, NC (Metropolitan Statistical Area)",5,  RPPs: Services: Other,98.186
25940,"Hilton Head Island-Bluffton-Port Royal, SC (Metropolitan Statistical Area)",1,RPPs: All items,98.017
25940,"Hilton Head Island-Bluffton-Port Royal, SC (Metropolitan Statistical Area)",2,  RPPs: Goods,96.339
25940,"Hilton Head Island-Bluffton-Port Royal, SC (Metropolitan Statistical Area)",3,  RPPs: Services: Housing,101.235
25940,"Hilton Head Island-Bluffton-Port Royal, SC (Metropolitan Statistical Area)",4,  RPPs: Services: Utilities,88.087
25940,"Hilton Head Island-Bluffton-Port Royal, SC (Metropolitan Statistical Area)",5,  RPPs: Services: Other,98.284
25980,"Hinesville, GA (Metropolitan Statistical Area)",1,RPPs: All items,93.933
25980,"Hinesville, GA (Metropolitan Statistical Area)",2,  RPPs: Goods,96.269
25980,"Hinesville, GA (Metropolitan Statistical Area)",3,  RPPs: Services: Housing,79.46
25980,"Hinesville, GA (Metropolitan Statistical Area)",4,  RPPs: Services: Utilities,86.837
25980,"Hinesville, GA (Metropolitan Statistical Area)",5,  RPPs: Services: Other,98.667
26140,"Homosassa Springs, FL (Metropolitan Statistical Area)",1,RPPs: All items,93.467
26140,"Homosassa Springs, FL (Metropolitan Statistical Area)",2,  RPPs: Goods,96.24
26140,"Homosassa Springs, FL (Metropolitan Statistical Area)",3,  RPPs: Services: Housing,78.427
26140,"Homosassa Springs, FL (Metropolitan Statistical Area)",4,  RPPs: Services: Utilities,87.328
26140,"Homosassa Springs, FL (Metropolitan Statistical Area)",5,  RPPs: Services: Other,98.864
26300,"Hot Springs, AR (Metropolitan Statistical Area)",1,RPPs: All items,85.73
26300,"Hot Springs, AR (Metropolitan Statistical Area)",2,  RPPs: Goods,93.577
26300,"Hot Springs, AR (Metropolitan Statistical Area)",3,  RPPs: Services: Housing,57.281
26300,"Hot Springs, AR (Metropolitan Statistical Area)",4,  RPPs: Services: Utilities,74.255
26300,"Hot Springs, AR (Metropolitan Statistical Area)",5,  RPPs: Services: Other,95.295
26380,"Houma-Bayou Cane-Thibodaux, LA (Metropolitan Statistical Area)",1,RPPs: All items,85.103
26380,"Houma-Bayou Cane-Thibodaux, LA (Metropolitan Statistical Area)",2,  RPPs: Goods,93.691
26380,"Houma-Bayou Cane-Thibodaux, LA (Metropolitan Statistical Area)",3,  RPPs: Services: Housing,51.311
26380,"Houma-Bayou Cane-Thibodaux, LA (Metropolitan Statistical Area)",4,  RPPs: Services: Utilities,71.298
26380,"Houma-Bayou Cane-Thibodaux, LA (Metropolitan Statistical Area)",5,  RPPs: Services: Other,95.705
26420,"Houston-Pasadena-The Woodlands, TX (Metropolitan Statistical Area)",1,RPPs: All items,98.629
26420,"Houston-Pasadena-The Woodlands, TX (Metropolitan Statistical Area)",2,  RPPs: Goods,100.639
26420,"Houston-Pasadena-The Woodlands, TX (Metropolitan Statistical Area)",3,  RPPs: Services: Housing,104.51
26420,"Houston-Pasadena-The Woodlands, TX (Metropolitan Statistical Area)",4,  RPPs: Services: Utilities,95.288
26420,"Houston-Pasadena-The Woodlands, TX (Metropolitan Statistical Area)",5,  RPPs: Services: Other,95.595
26580,"Huntington-Ashland, WV-KY-OH (Metropolitan Statistical Area)",1,RPPs: All items,88.422
26580,"Huntington-Ashland, WV-KY-OH (Metropolitan Statistical Area)",2,  RPPs: Goods,96.316
26580,"Huntington-Ashland, WV-KY-OH (Metropolitan Statistical Area)",3,  RPPs: Services: Housing,51.257
26580,"Huntington-Ashland, WV-KY-OH (Metropolitan Statistical Area)",4,  RPPs: Services: Utilities,87.852
26580,"Huntington-Ashland, WV-KY-OH (Metropolitan Statistical Area)",5,  RPPs: Services: Other,99.409
26620,"Huntsville, AL (Metropolitan Statistical Area)",1,RPPs: All items,93.072
26620,"Huntsville, AL (Metropolitan Statistical Area)",2,  RPPs: Goods,96.397
26620,"Huntsville, AL (Metropolitan Statistical Area)",3,  RPPs: Services: Housing,77.946
26620,"Huntsville, AL (Metropolitan Statistical Area)",4,  RPPs: Services: Utilities,83.931
26620,"Huntsville, AL (Metropolitan Statistical Area)",5,  RPPs: Services: Other,96.693
26820,"Idaho Falls, ID (Metropolitan Statistical Area)",1,RPPs: All items,94.412
26820,"Idaho Falls, ID (Metropolitan Statistical Area)",2,  RPPs: Goods,96.179
26820,"Idaho Falls, ID (Metropolitan Statistical Area)",3,  RPPs: Services: Housing,83.985
26820,"Idaho Falls, ID (Metropolitan Statistical Area)",4,  RPPs: Services: Utilities,69.651
26820,"Idaho Falls, ID (Metropolitan Statistical Area)",5,  RPPs: Services: Other,98.974
26900,"Indianapolis-Carmel-Greenwood, IN (Metropolitan Statistical Area)",1,RPPs: All items,95.696
26900,"Indianapolis-Carmel-Greenwood, IN (Metropolitan Statistical Area)",2,  RPPs: Goods,94.318
26900,"Indianapolis-Carmel-Greenwood, IN (Metropolitan Statistical Area)",3,  RPPs: Services: Housing,88.917
26900,"Indianapolis-Carmel-Greenwood, IN (Metropolitan Statistical Area)",4,  RPPs: Services: Utilities,86.358
26900,"Indianapolis-Carmel-Greenwood, IN (Metropolitan Statistical Area)",5,  RPPs: Services: Other,99.141
26980,"Iowa City, IA (Metropolitan Statistical Area)",1,RPPs: All items,91.509
26980,"Iowa City, IA (Metropolitan Statistical Area)",2,  RPPs: Goods,93.73
26980,"Iowa City, IA (Metropolitan Statistical Area)",3,  RPPs: Services: Housing,83.99
26980,"Iowa City, IA (Metropolitan Statistical Area)",4,  RPPs: Services: Utilities,83.667
26980,"Iowa City, IA (Metropolitan Statistical Area)",5,  RPPs: Services: Other,92.927
27060,"Ithaca, NY (Metropolitan Statistical Area)",1,RPPs: All items,103.317
27060,"Ithaca, NY (Metropolitan Statistical Area)",2,  RPPs: Goods,99.693
27060,"Ithaca, NY (Metropolitan Statistical Area)",3,  RPPs: Services: Housing,128.377
27060,"Ithaca, NY (Metropolitan Statistical Area)",4,  RPPs: Services: Utilities,131.638
27060,"Ithaca, NY (Metropolitan Statistical Area)",5,  RPPs: Services: Other,97.754
27100,"Jackson, MI (Metropolitan Statistical Area)",1,RPPs: All items,91.779
27100,"Jackson, MI (Metropolitan Statistical Area)",2,  RPPs: Goods,93.711
27100,"Jackson, MI (Metropolitan Statistical Area)",3,  RPPs: Services: Housing,67.092
27100,"Jackson, MI (Metropolitan Statistical Area)",4,  RPPs: Services: Utilities,97.845
27100,"Jackson, MI (Metropolitan Statistical Area)",5,  RPPs: Services: Other,99.561
27140,"Jackson, MS (Metropolitan Statistical Area)",1,RPPs: All items,89.048
27140,"Jackson, MS (Metropolitan Statistical Area)",2,  RPPs: Goods,96.219
27140,"Jackson, MS (Metropolitan Statistical Area)",3,  RPPs: Services: Housing,64.768
27140,"Jackson, MS (Metropolitan Statistical Area)",4,  RPPs: Services: Utilities,78.137
27140,"Jackson, MS (Metropolitan Statistical Area)",5,  RPPs: Services: Other,96.09
27180,"Jackson, TN (Metropolitan Statistical Area)",1,RPPs: All items,85.522
27180,"Jackson, TN (Metropolitan Statistical Area)",2,  RPPs: Goods,96.247
27180,"Jackson, TN (Metropolitan Statistical Area)",3,  RPPs: Services: Housing,56.567
27180,"Jackson, TN (Metropolitan Statistical Area)",4,  RPPs: Services: Utilities,72.619
27180,"Jackson, TN (Metropolitan Statistical Area)",5,  RPPs: Services: Other,95.142
27260,"Jacksonville, FL (Metropolitan Statistical Area)",1,RPPs: All items,99.484
27260,"Jacksonville, FL (Metropolitan Statistical Area)",2,  RPPs: Goods,96.24
27260,"Jacksonville, FL (Metropolitan Statistical Area)",3,  RPPs: Services: Housing,109.777
27260,"Jacksonville, FL (Metropolitan Statistical Area)",4,  RPPs: Services: Utilities,87.514
27260,"Jacksonville, FL (Metropolitan Statistical Area)",5,  RPPs: Services: Other,98.864
27340,"Jacksonville, NC (Metropolitan Statistical Area)",1,RPPs: All items,92.085
27340,"Jacksonville, NC (Metropolitan Statistical Area)",2,  RPPs: Goods,96.621
27340,"Jacksonville, NC (Metropolitan Statistical Area)",3,  RPPs: Services: Housing,72.118
27340,"Jacksonville, NC (Metropolitan Statistical Area)",4,  RPPs: Services: Utilities,87.243
27340,"Jacksonville, NC (Metropolitan Statistical Area)",5,  RPPs: Services: Other,98.186
27500,"Janesville-Beloit, WI (Metropolitan Statistical Area)",1,RPPs: All items,93.703
27500,"Janesville-Beloit, WI (Metropolitan Statistical Area)",2,  RPPs: Goods,93.787
27500,"Janesville-Beloit, WI (Metropolitan Statistical Area)",3,  RPPs: Services: Housing,79.552
27500,"Janesville-Beloit, WI (Metropolitan Statistical Area)",4,  RPPs: Services: Utilities,90.357
27500,"Janesville-Beloit, WI (Metropolitan Statistical Area)",5,  RPPs: Services: Other,99.411
27620,"Jefferson City, MO (Metropolitan Statistical Area)",1,RPPs: All items,87.975
27620,"Jefferson City, MO (Metropolitan Statistical Area)",2,  RPPs: Goods,94.193
27620,"Jefferson City, MO (Metropolitan Statistical Area)",3,  RPPs: Services: Housing,62.123
27620,"Jefferson City, MO (Metropolitan Statistical Area)",4,  RPPs: Services: Utilities,85.497
27620,"Jefferson City, MO (Metropolitan Statistical Area)",5,  RPPs: Services: Other,93.026
27740,"Johnson City, TN (Metropolitan Statistical Area)",1,RPPs: All items,87.928
27740,"Johnson City, TN (Metropolitan Statistical Area)",2,  RPPs: Goods,96.247
27740,"Johnson City, TN (Metropolitan Statistical Area)",3,  RPPs: Services: Housing,63.176
27740,"Johnson City, TN (Metropolitan Statistical Area)",4,  RPPs: Services: Utilities,71.934
27740,"Johnson City, TN (Metropolitan Statistical Area)",5,  RPPs: Services: Other,95.142
27780,"Johnstown, PA (Metropolitan Statistical Area)",1,RPPs: All items,85.929
27780,"Johnstown, PA (Metropolitan Statistical Area)",2,  RPPs: Goods,100.684
27780,"Johnstown, PA (Metropolitan Statistical Area)",3,  RPPs: Services: Housing,42.333
27780,"Johnstown, PA (Metropolitan Statistical Area)",4,  RPPs: Services: Utilities,108.869
27780,"Johnstown, PA (Metropolitan Statistical Area)",5,  RPPs: Services: Other,97.726
27860,"Jonesboro, AR (Metropolitan Statistical Area)",1,RPPs: All items,85.876
27860,"Jonesboro, AR (Metropolitan Statistical Area)",2,  RPPs: Goods,93.577
27860,"Jonesboro, AR (Metropolitan Statistical Area)",3,  RPPs: Services: Housing,53.848
27860,"Jonesboro, AR (Metropolitan Statistical Area)",4,  RPPs: Services: Utilities,74.971
27860,"Jonesboro, AR (Metropolitan Statistical Area)",5,  RPPs: Services: Other,95.295
27900,"Joplin, MO-KS (Metropolitan Statistical Area)",1,RPPs: All items,85.718
27900,"Joplin, MO-KS (Metropolitan Statistical Area)",2,  RPPs: Goods,94.179
27900,"Joplin, MO-KS (Metropolitan Statistical Area)",3,  RPPs: Services: Housing,53.976
27900,"Joplin, MO-KS (Metropolitan Statistical Area)",4,  RPPs: Services: Utilities,85.872
27900,"Joplin, MO-KS (Metropolitan Statistical Area)",5,  RPPs: Services: Other,93.091
27980,"Kahului-Wailuku, HI (Metropolitan Statistical Area)",1,RPPs: All items,109.393
27980,"Kahului-Wailuku, HI (Metropolitan Statistical Area)",2,  RPPs: Goods,111.562
27980,"Kahului-Wailuku, HI (Metropolitan Statistical Area)",3,  RPPs: Services: Housing,119.179
27980,"Kahului-Wailuku, HI (Metropolitan Statistical Area)",4,  RPPs: Services: Utilities,190.585
27980,"Kahului-Wailuku, HI (Metropolitan Statistical Area)",5,  RPPs: Services: Other,102.898
28020,"Kalamazoo-Portage, MI (Metropolitan Statistical Area)",1,RPPs: All items,94.84
28020,"Kalamazoo-Portage, MI (Metropolitan Statistical Area)",2,  RPPs: Goods,93.711
28020,"Kalamazoo-Portage, MI (Metropolitan Statistical Area)",3,  RPPs: Services: Housing,81.59
28020,"Kalamazoo-Portage, MI (Metropolitan Statistical Area)",4,  RPPs: Services: Utilities,99.271
28020,"Kalamazoo-Portage, MI (Metropolitan Statistical Area)",5,  RPPs: Services: Other,99.561
28100,"Kankakee, IL (Metropolitan Statistical Area)",1,RPPs: All items,96.394
28100,"Kankakee, IL (Metropolitan Statistical Area)",2,  RPPs: Goods,93.643
28100,"Kankakee, IL (Metropolitan Statistical Area)",3,  RPPs: Services: Housing,92.856
28100,"Kankakee, IL (Metropolitan Statistical Area)",4,  RPPs: Services: Utilities,89.419
28100,"Kankakee, IL (Metropolitan Statistical Area)",5,  RPPs: Services: Other,99.59
28140,"Kansas City, MO-KS (Metropolitan Statistical Area)",1,RPPs: All items,92.543
28140,"Kansas City, MO-KS (Metropolitan Statistical Area)",2,  RPPs: Goods,94.12
28140,"Kansas City, MO-KS (Metropolitan Statistical Area)",3,  RPPs: Services: Housing,86.642
28140,"Kansas City, MO-KS (Metropolitan Statistical Area)",4,  RPPs: Services: Utilities,89.034
28140,"Kansas City, MO-KS (Metropolitan Statistical Area)",5,  RPPs: Services: Other,93.373
28420,"Kennewick-Richland, WA (Metropolitan Statistical Area)",1,RPPs: All items,100.079
28420,"Kennewick-Richland, WA (Metropolitan Statistical Area)",2,  RPPs: Goods,105.028
28420,"Kennewick-Richland, WA (Metropolitan Statistical Area)",3,  RPPs: Services: Housing,94.824
28420,"Kennewick-Richland, WA (Metropolitan Statistical Area)",4,  RPPs: Services: Utilities,93.555
28420,"Kennewick-Richland, WA (Metropolitan Statistical Area)",5,  RPPs: Services: Other,99.472
28450,"Kenosha, WI (Metropolitan Statistical Area)",1,RPPs: All items,101.118
28450,"Kenosha, WI (Metropolitan Statistical Area)",2,  RPPs: Goods,106.187
28450,"Kenosha, WI (Metropolitan Statistical Area)",3,  RPPs: Services: Housing,95.814
28450,"Kenosha, WI (Metropolitan Statistical Area)",4,  RPPs: Services: Utilities,85.858
28450,"Kenosha, WI (Metropolitan Statistical Area)",5,  RPPs: Services: Other,100.334
28660,"Killeen-Temple, TX (Metropolitan Statistical Area)",1,RPPs: All items,91.132
28660,"Killeen-Temple, TX (Metropolitan Statistical Area)",2,  RPPs: Goods,93.757
28660,"Killeen-Temple, TX (Metropolitan Statistical Area)",3,  RPPs: Services: Housing,77.884
28660,"Killeen-Temple, TX (Metropolitan Statistical Area)",4,  RPPs: Services: Utilities,81.242
28660,"Killeen-Temple, TX (Metropolitan Statistical Area)",5,  RPPs: Services: Other,96.24
28700,"Kingsport-Bristol, TN-VA (Metropolitan Statistical Area)",1,RPPs: All items,86.447
28700,"Kingsport-Bristol, TN-VA (Metropolitan Statistical Area)",2,  RPPs: Goods,96.235
28700,"Kingsport-Bristol, TN-VA (Metropolitan Statistical Area)",3,  RPPs: Services: Housing,56.496
28700,"Kingsport-Bristol, TN-VA (Metropolitan Statistical Area)",4,  RPPs: Services: Utilities,75.908
28700,"Kingsport-Bristol, TN-VA (Metropolitan Statistical Area)",5,  RPPs: Services: Other,95.809
28740,"Kingston, NY (Metropolitan Statistical Area)",1,RPPs: All items,100.709
28740,"Kingston, NY (Metropolitan Statistical Area)",2,  RPPs: Goods,99.693
28740,"Kingston, NY (Metropolitan Statistical Area)",3,  RPPs: Services: Housing,110.173
28740,"Kingston, NY (Metropolitan Statistical Area)",4,  RPPs: Services: Utilities,133.595
28740,"Kingston, NY (Metropolitan Statistical Area)",5,  RPPs: Services: Other,97.754
28880,"Kiryas Joel-Poughkeepsie-Newburgh, NY (Metropolitan Statistical Area)",1,RPPs: All items,109.422
28880,"Kiryas Joel-Poughkeepsie-Newburgh, NY (Metropolitan Statistical Area)",2,  RPPs: Goods,110.254
28880,"Kiryas Joel-Poughkeepsie-Newburgh, NY (Metropolitan Statistical Area)",3,  RPPs: Services: Housing,115.763
28880,"Kiryas Joel-Poughkeepsie-Newburgh, NY (Metropolitan Statistical Area)",4,  RPPs: Services: Utilities,136.764
28880,"Kiryas Joel-Poughkeepsie-Newburgh, NY (Metropolitan Statistical Area)",5,  RPPs: Services: Other,106.536
28940,"Knoxville, TN (Metropolitan Statistical Area)",1,RPPs: All items,92.569
28940,"Knoxville, TN (Metropolitan Statistical Area)",2,  RPPs: Goods,96.247
28940,"Knoxville, TN (Metropolitan Statistical Area)",3,  RPPs: Services: Housing,82.783
28940,"Knoxville, TN (Metropolitan Statistical Area)",4,  RPPs: Services: Utilities,71.869
28940,"Knoxville, TN (Metropolitan Statistical Area)",5,  RPPs: Services: Other,95.142
29020,"Kokomo, IN (Metropolitan Statistical Area)",1,RPPs: All items,89.648
29020,"Kokomo, IN (Metropolitan Statistical Area)",2,  RPPs: Goods,94.318
29020,"Kokomo, IN (Metropolitan Statistical Area)",3,  RPPs: Services: Housing,59.252
29020,"Kokomo, IN (Metropolitan Statistical Area)",4,  RPPs: Services: Utilities,86.257
29020,"Kokomo, IN (Metropolitan Statistical Area)",5,  RPPs: Services: Other,99.141
29100,"La Crosse-Onalaska, WI-MN (Metropolitan Statistical Area)",1,RPPs: All items,91.769
29100,"La Crosse-Onalaska, WI-MN (Metropolitan Statistical Area)",2,  RPPs: Goods,93.8
29100,"La Crosse-Onalaska, WI-MN (Metropolitan Statistical Area)",3,  RPPs: Services: Housing,69.386
29100,"La Crosse-Onalaska, WI-MN (Metropolitan Statistical Area)",4,  RPPs: Services: Utilities,89.528
29100,"La Crosse-Onalaska, WI-MN (Metropolitan Statistical Area)",5,  RPPs: Services: Other,99.446
29180,"Lafayette, LA (Metropolitan Statistical Area)",1,RPPs: All items,87.209
29180,"Lafayette, LA (Metropolitan Statistical Area)",2,  RPPs: Goods,93.691
29180,"Lafayette, LA (Metropolitan Statistical Area)",3,  RPPs: Services: Housing,58.845
29180,"Lafayette, LA (Metropolitan Statistical Area)",4,  RPPs: Services: Utilities,71.215
29180,"Lafayette, LA (Metropolitan Statistical Area)",5,  RPPs: Services: Other,95.705
29200,"Lafayette-West Lafayette, IN (Metropolitan Statistical Area)",1,RPPs: All items,93.43
29200,"Lafayette-West Lafayette, IN (Metropolitan Statistical Area)",2,  RPPs: Goods,94.318
29200,"Lafayette-West Lafayette, IN (Metropolitan Statistical Area)",3,  RPPs: Services: Housing,76.442
29200,"Lafayette-West Lafayette, IN (Metropolitan Statistical Area)",4,  RPPs: Services: Utilities,86.38
29200,"Lafayette-West Lafayette, IN (Metropolitan Statistical Area)",5,  RPPs: Services: Other,99.141
29340,"Lake Charles, LA (Metropolitan Statistical Area)",1,RPPs: All items,85.852
29340,"Lake Charles, LA (Metropolitan Statistical Area)",2,  RPPs: Goods,93.691
29340,"Lake Charles, LA (Metropolitan Statistical Area)",3,  RPPs: Services: Housing,51.752
29340,"Lake Charles, LA (Metropolitan Statistical Area)",4,  RPPs: Services: Utilities,71.742
29340,"Lake Charles, LA (Metropolitan Statistical Area)",5,  RPPs: Services: Other,95.705
29420,"Lake Havasu City-Kingman, AZ (Metropolitan Statistical Area)",1,RPPs: All items,94.098
29420,"Lake Havasu City-Kingman, AZ (Metropolitan Statistical Area)",2,  RPPs: Goods,96.237
29420,"Lake Havasu City-Kingman, AZ (Metropolitan Statistical Area)",3,  RPPs: Services: Housing,79.773
29420,"Lake Havasu City-Kingman, AZ (Metropolitan Statistical Area)",4,  RPPs: Services: Utilities,88.723
29420,"Lake Havasu City-Kingman, AZ (Metropolitan Statistical Area)",5,  RPPs: Services: Other,99.838
29460,"Lakeland-Winter Haven, FL (Metropolitan Statistical Area)",1,RPPs: All items,97.141
29460,"Lakeland-Winter Haven, FL (Metropolitan Statistical Area)",2,  RPPs: Goods,96.24
29460,"Lakeland-Winter Haven, FL (Metropolitan Statistical Area)",3,  RPPs: Services: Housing,95.942
29460,"Lakeland-Winter Haven, FL (Metropolitan Statistical Area)",4,  RPPs: Services: Utilities,86.883
29460,"Lakeland-Winter Haven, FL (Metropolitan Statistical Area)",5,  RPPs: Services: Other,98.864
29540,"Lancaster, PA (Metropolitan Statistical Area)",1,RPPs: All items,98.257
29540,"Lancaster, PA (Metropolitan Statistical Area)",2,  RPPs: Goods,100.684
29540,"Lancaster, PA (Metropolitan Statistical Area)",3,  RPPs: Services: Housing,93.815
29540,"Lancaster, PA (Metropolitan Statistical Area)",4,  RPPs: Services: Utilities,107.265
29540,"Lancaster, PA (Metropolitan Statistical Area)",5,  RPPs: Services: Other,97.726
29620,"Lansing-East Lansing, MI (Metropolitan Statistical Area)",1,RPPs: All items,94.991
29620,"Lansing-East Lansing, MI (Metropolitan Statistical Area)",2,  RPPs: Goods,93.711
29620,"Lansing-East Lansing, MI (Metropolitan Statistical Area)",3,  RPPs: Services: Housing,83.472
29620,"Lansing-East Lansing, MI (Metropolitan Statistical Area)",4,  RPPs: Services: Utilities,95.519
29620,"Lansing-East Lansing, MI (Metropolitan Statistical Area)",5,  RPPs: Services: Other,99.561
29700,"Laredo, TX (Metropolitan Statistical Area)",1,RPPs: All items,86.956
29700,"Laredo, TX (Metropolitan Statistical Area)",2,  RPPs: Goods,93.757
29700,"Laredo, TX (Metropolitan Statistical Area)",3,  RPPs: Services: Housing,59.746
29700,"Laredo, TX (Metropolitan Statistical Area)",4,  RPPs: Services: Utilities,80.614
29700,"Laredo, TX (Metropolitan Statistical Area)",5,  RPPs: Services: Other,96.24
29740,"Las Cruces, NM (Metropolitan Statistical Area)",1,RPPs: All items,90.212
29740,"Las Cruces, NM (Metropolitan Statistical Area)",2,  RPPs: Goods,96.144
29740,"Las Cruces, NM (Metropolitan Statistical Area)",3,  RPPs: Services: Housing,62.982
29740,"Las Cruces, NM (Metropolitan Statistical Area)",4,  RPPs: Services: Utilities,77.918
29740,"Las Cruces, NM (Metropolitan Statistical Area)",5,  RPPs: Services: Other,98.54
29820,"Las Vegas-Henderson-North Las Vegas, NV (Metropolitan Statistical Area)",1,RPPs: All items,100.215
29820,"Las Vegas-Henderson-North Las Vegas, NV (Metropolitan Statistical Area)",2,  RPPs: Goods,96.271
29820,"Las Vegas-Henderson-North Las Vegas, NV (Metropolitan Statistical Area)",3,  RPPs: Services: Housing,115.538
29820,"Las Vegas-Henderson-North Las Vegas, NV (Metropolitan Statistical Area)",4,  RPPs: Services: Utilities,90.646
29820,"Las Vegas-Henderson-North Las Vegas, NV (Metropolitan Statistical Area)",5,  RPPs: Services: Other,98.744
29940,"Lawrence, KS (Metropolitan Statistical Area)",1,RPPs: All items,90.243
29940,"Lawrence, KS (Metropolitan Statistical Area)",2,  RPPs: Goods,94.027
29940,"Lawrence, KS (Metropolitan Statistical Area)",3,  RPPs: Services: Housing,71.636
29940,"Lawrence, KS (Metropolitan Statistical Area)",4,  RPPs: Services: Utilities,89.291
29940,"Lawrence, KS (Metropolitan Statistical Area)",5,  RPPs: Services: Other,93.816
30020,"Lawton, OK (Metropolitan Statistical Area)",1,RPPs: All items,85.941
30020,"Lawton, OK (Metropolitan Statistical Area)",2,  RPPs: Goods,93.778
30020,"Lawton, OK (Metropolitan Statistical Area)",3,  RPPs: Services: Housing,57.389
30020,"Lawton, OK (Metropolitan Statistical Area)",4,  RPPs: Services: Utilities,72.982
30020,"Lawton, OK (Metropolitan Statistical Area)",5,  RPPs: Services: Other,95.458
30140,"Lebanon, PA (Metropolitan Statistical Area)",1,RPPs: All items,93.214
30140,"Lebanon, PA (Metropolitan Statistical Area)",2,  RPPs: Goods,100.684
30140,"Lebanon, PA (Metropolitan Statistical Area)",3,  RPPs: Services: Housing,66.039
30140,"Lebanon, PA (Metropolitan Statistical Area)",4,  RPPs: Services: Utilities,108.444
30140,"Lebanon, PA (Metropolitan Statistical Area)",5,  RPPs: Services: Other,97.726
30300,"Lewiston, ID-WA (Metropolitan Statistical Area)",1,RPPs: All items,91.16
30300,"Lewiston, ID-WA (Metropolitan Statistical Area)",2,  RPPs: Goods,96.217
30300,"Lewiston, ID-WA (Metropolitan Statistical Area)",3,  RPPs: Services: Housing,71.925
30300,"Lewiston, ID-WA (Metropolitan Statistical Area)",4,  RPPs: Services: Utilities,72.591
30300,"Lewiston, ID-WA (Metropolitan Statistical Area)",5,  RPPs: Services: Other,99.363
30340,"Lewiston-Auburn, ME (Metropolitan Statistical Area)",1,RPPs: All items,94.736
30340,"Lewiston-Auburn, ME (Metropolitan Statistical Area)",2,  RPPs: Goods,97.171
30340,"Lewiston-Auburn, ME (Metropolitan Statistical Area)",3,  RPPs: Services: Housing,69.003
30340,"Lewiston-Auburn, ME (Metropolitan Statistical Area)",4,  RPPs: Services: Utilities,134.381
30340,"Lewiston-Auburn, ME (Metropolitan Statistical Area)",5,  RPPs: Services: Other,103.191
30460,"Lexington-Fayette, KY (Metropolitan Statistical Area)",1,RPPs: All items,92.889
30460,"Lexington-Fayette, KY (Metropolitan Statistical Area)",2,  RPPs: Goods,96.246
30460,"Lexington-Fayette, KY (Metropolitan Statistical Area)",3,  RPPs: Services: Housing,77.093
30460,"Lexington-Fayette, KY (Metropolitan Statistical Area)",4,  RPPs: Services: Utilities,74.587
30460,"Lexington-Fayette, KY (Metropolitan Statistical Area)",5,  RPPs: Services: Other,96.892
30500,"Lexington Park, MD (Metropolitan Statistical Area)",1,RPPs: All items,100.76
30500,"Lexington Park, MD (Metropolitan Statistical Area)",2,  RPPs: Goods,99.663
30500,"Lexington Park, MD (Metropolitan Statistical Area)",3,  RPPs: Services: Housing,103.809
30500,"Lexington Park, MD (Metropolitan Statistical Area)",4,  RPPs: Services: Utilities,106.4
30500,"Lexington Park, MD (Metropolitan Statistical Area)",5,  RPPs: Services: Other,100.322
30620,"Lima, OH (Metropolitan Statistical Area)",1,RPPs: All items,89.669
30620,"Lima, OH (Metropolitan Statistical Area)",2,  RPPs: Goods,93.628
30620,"Lima, OH (Metropolitan Statistical Area)",3,  RPPs: Services: Housing,57.275
30620,"Lima, OH (Metropolitan Statistical Area)",4,  RPPs: Services: Utilities,95.814
30620,"Lima, OH (Metropolitan Statistical Area)",5,  RPPs: Services: Other,98.939
30700,"Lincoln, NE (Metropolitan Statistical Area)",1,RPPs: All items,91.581
30700,"Lincoln, NE (Metropolitan Statistical Area)",2,  RPPs: Goods,94.101
30700,"Lincoln, NE (Metropolitan Statistical Area)",3,  RPPs: Services: Housing,84.208
30700,"Lincoln, NE (Metropolitan Statistical Area)",4,  RPPs: Services: Utilities,76.817
30700,"Lincoln, NE (Metropolitan Statistical Area)",5,  RPPs: Services: Other,92.98
30780,"Little Rock-North Little Rock-Conway, AR (Metropolitan Statistical Area)",1,RPPs: All items,89.364
30780,"Little Rock-North Little Rock-Conway, AR (Metropolitan Statistical Area)",2,  RPPs: Goods,93.577
30780,"Little Rock-North Little Rock-Conway, AR (Metropolitan Statistical Area)",3,  RPPs: Services: Housing,68.295
30780,"Little Rock-North Little Rock-Conway, AR (Metropolitan Statistical Area)",4,  RPPs: Services: Utilities,74.635
30780,"Little Rock-North Little Rock-Conway, AR (Metropolitan Statistical Area)",5,  RPPs: Services: Other,95.295
30860,"Logan, UT-ID (Metropolitan Statistical Area)",1,RPPs: All items,95.927
30860,"Logan, UT-ID (Metropolitan Statistical Area)",2,  RPPs: Goods,96.43
30860,"Logan, UT-ID (Metropolitan Statistical Area)",3,  RPPs: Services: Housing,90.959
30860,"Logan, UT-ID (Metropolitan Statistical Area)",4,  RPPs: Services: Utilities,77.857
30860,"Logan, UT-ID (Metropolitan Statistical Area)",5,  RPPs: Services: Other,98.96
30980,"Longview, TX (Metropolitan Statistical Area)",1,RPPs: All items,89.485
30980,"Longview, TX (Metropolitan Statistical Area)",2,  RPPs: Goods,93.757
30980,"Longview, TX (Metropolitan Statistical Area)",3,  RPPs: Services: Housing,66.749
30980,"Longview, TX (Metropolitan Statistical Area)",4,  RPPs: Services: Utilities,83.464
30980,"Longview, TX (Metropolitan Statistical Area)",5,  RPPs: Services: Other,96.24
31020,"Longview-Kelso, WA (Metropolitan Statistical Area)",1,RPPs: All items,97.545
31020,"Longview-Kelso, WA (Metropolitan Statistical Area)",2,  RPPs: Goods,105.028
31020,"Longview-Kelso, WA (Metropolitan Statistical Area)",3,  RPPs: Services: Housing,82.536
31020,"Longview-Kelso, WA (Metropolitan Statistical Area)",4,  RPPs: Services: Utilities,98.455
31020,"Longview-Kelso, WA (Metropolitan Statistical Area)",5,  RPPs: Services: Other,99.472
31080,"Los Angeles-Long Beach-Anaheim, CA (Metropolitan Statistical Area)",1,RPPs: All items,113.566
31080,"Los Angeles-Long Beach-Anaheim, CA (Metropolitan Statistical Area)",2,  RPPs: Goods,106.623
31080,"Los Angeles-Long Beach-Anaheim, CA (Metropolitan Statistical Area)",3,  RPPs: Services: Housing,170.433
31080,"Los Angeles-Long Beach-Anaheim, CA (Metropolitan Statistical Area)",4,  RPPs: Services: Utilities,158.589
31080,"Los Angeles-Long Beach-Anaheim, CA (Metropolitan Statistical Area)",5,  RPPs: Services: Other,104.362
31140,"Louisville/Jefferson County, KY-IN (Metropolitan Statistical Area)",1,RPPs: All items,93.074
31140,"Louisville/Jefferson County, KY-IN (Metropolitan Statistical Area)",2,  RPPs: Goods,96.23
31140,"Louisville/Jefferson County, KY-IN (Metropolitan Statistical Area)",3,  RPPs: Services: Housing,78.558
31140,"Louisville/Jefferson County, KY-IN (Metropolitan Statistical Area)",4,  RPPs: Services: Utilities,74.957
31140,"Louisville/Jefferson County, KY-IN (Metropolitan Statistical Area)",5,  RPPs: Services: Other,96.796
31180,"Lubbock, TX (Metropolitan Statistical Area)",1,RPPs: All items,91.317
31180,"Lubbock, TX (Metropolitan Statistical Area)",2,  RPPs: Goods,93.757
31180,"Lubbock, TX (Metropolitan Statistical Area)",3,  RPPs: Services: Housing,76.357
31180,"Lubbock, TX (Metropolitan Statistical Area)",4,  RPPs: Services: Utilities,82.768
31180,"Lubbock, TX (Metropolitan Statistical Area)",5,  RPPs: Services: Other,96.24
31340,"Lynchburg, VA (Metropolitan Statistical Area)",1,RPPs: All items,89.363
31340,"Lynchburg, VA (Metropolitan Statistical Area)",2,  RPPs: Goods,96.773
31340,"Lynchburg, VA (Metropolitan Statistical Area)",3,  RPPs: Services: Housing,63.912
31340,"Lynchburg, VA (Metropolitan Statistical Area)",4,  RPPs: Services: Utilities,87.774
31340,"Lynchburg, VA (Metropolitan Statistical Area)",5,  RPPs: Services: Other,98.612
31420,"Macon-Bibb County, GA (Metropolitan Statistical Area)",1,RPPs: All items,88.528
31420,"Macon-Bibb County, GA (Metropolitan Statistical Area)",2,  RPPs: Goods,96.269
31420,"Macon-Bibb County, GA (Metropolitan Statistical Area)",3,  RPPs: Services: Housing,58.916
31420,"Macon-Bibb County, GA (Metropolitan Statistical Area)",4,  RPPs: Services: Utilities,89.482
31420,"Macon-Bibb County, GA (Metropolitan Statistical Area)",5,  RPPs: Services: Other,98.667
31540,"Madison, WI (Metropolitan Statistical Area)",1,RPPs: All items,97.287
31540,"Madison, WI (Metropolitan Statistical Area)",2,  RPPs: Goods,93.787
31540,"Madison, WI (Metropolitan Statistical Area)",3,  RPPs: Services: Housing,99.748
31540,"Madison, WI (Metropolitan Statistical Area)",4,  RPPs: Services: Utilities,89.825
31540,"Madison, WI (Metropolitan Statistical Area)",5,  RPPs: Services: Other,99.411
31700,"Manchester-Nashua, NH (Metropolitan Statistical Area)",1,RPPs: All items,105.657
31700,"Manchester-Nashua, NH (Metropolitan Statistical Area)",2,  RPPs: Goods,97.687
31700,"Manchester-Nashua, NH (Metropolitan Statistical Area)",3,  RPPs: Services: Housing,134.22
31700,"Manchester-Nashua, NH (Metropolitan Statistical Area)",4,  RPPs: Services: Utilities,133.535
31700,"Manchester-Nashua, NH (Metropolitan Statistical Area)",5,  RPPs: Services: Other,103.687
31740,"Manhattan, KS (Metropolitan Statistical Area)",1,RPPs: All items,90.162
31740,"Manhattan, KS (Metropolitan Statistical Area)",2,  RPPs: Goods,94.027
31740,"Manhattan, KS (Metropolitan Statistical Area)",3,  RPPs: Services: Housing,71.971
31740,"Manhattan, KS (Metropolitan Statistical Area)",4,  RPPs: Services: Utilities,88.365
31740,"Manhattan, KS (Metropolitan Statistical Area)",5,  RPPs: Services: Other,93.816
31860,"Mankato, MN (Metropolitan Statistical Area)",1,RPPs: All items,90.955
31860,"Mankato, MN (Metropolitan Statistical Area)",2,  RPPs: Goods,95.433
31860,"Mankato, MN (Metropolitan Statistical Area)",3,  RPPs: Services: Housing,79.884
31860,"Mankato, MN (Metropolitan Statistical Area)",4,  RPPs: Services: Utilities,87.05
31860,"Mankato, MN (Metropolitan Statistical Area)",5,  RPPs: Services: Other,92.193
31900,"Mansfield, OH (Metropolitan Statistical Area)",1,RPPs: All items,88.872
31900,"Mansfield, OH (Metropolitan Statistical Area)",2,  RPPs: Goods,93.628
31900,"Mansfield, OH (Metropolitan Statistical Area)",3,  RPPs: Services: Housing,54.919
31900,"Mansfield, OH (Metropolitan Statistical Area)",4,  RPPs: Services: Utilities,96.245
31900,"Mansfield, OH (Metropolitan Statistical Area)",5,  RPPs: Services: Other,98.939
32580,"McAllen-Edinburg-Mission, TX (Metropolitan Statistical Area)",1,RPPs: All items,85.895
32580,"McAllen-Edinburg-Mission, TX (Metropolitan Statistical Area)",2,  RPPs: Goods,93.757
32580,"McAllen-Edinburg-Mission, TX (Metropolitan Statistical Area)",3,  RPPs: Services: Housing,55.892
32580,"McAllen-Edinburg-Mission, TX (Metropolitan Statistical Area)",4,  RPPs: Services: Utilities,81.186
32580,"McAllen-Edinburg-Mission, TX (Metropolitan Statistical Area)",5,  RPPs: Services: Other,96.24
32780,"Medford, OR (Metropolitan Statistical Area)",1,RPPs: All items,101.433
32780,"Medford, OR (Metropolitan Statistical Area)",2,  RPPs: Goods,105.261
32780,"Medford, OR (Metropolitan Statistical Area)",3,  RPPs: Services: Housing,97.658
32780,"Medford, OR (Metropolitan Statistical Area)",4,  RPPs: Services: Utilities,102.266
32780,"Medford, OR (Metropolitan Statistical Area)",5,  RPPs: Services: Other,100.298
32820,"Memphis, TN-MS-AR (Metropolitan Statistical Area)",1,RPPs: All items,92.179
32820,"Memphis, TN-MS-AR (Metropolitan Statistical Area)",2,  RPPs: Goods,96.221
32820,"Memphis, TN-MS-AR (Metropolitan Statistical Area)",3,  RPPs: Services: Housing,79.807
32820,"Memphis, TN-MS-AR (Metropolitan Statistical Area)",4,  RPPs: Services: Utilities,74.097
32820,"Memphis, TN-MS-AR (Metropolitan Statistical Area)",5,  RPPs: Services: Other,95.372
32900,"Merced, CA (Metropolitan Statistical Area)",1,RPPs: All items,98.275
32900,"Merced, CA (Metropolitan Statistical Area)",2,  RPPs: Goods,105.168
32900,"Merced, CA (Metropolitan Statistical Area)",3,  RPPs: Services: Housing,78.63
32900,"Merced, CA (Metropolitan Statistical Area)",4,  RPPs: Services: Utilities,158.338
32900,"Merced, CA (Metropolitan Statistical Area)",5,  RPPs: Services: Other,100.267
33100,"Miami-Fort Lauderdale-West Palm Beach, FL (Metropolitan Statistical Area)",1,RPPs: All items,114.155
33100,"Miami-Fort Lauderdale-West Palm Beach, FL (Metropolitan Statistical Area)",2,  RPPs: Goods,103.556
33100,"Miami-Fort Lauderdale-West Palm Beach, FL (Metropolitan Statistical Area)",3,  RPPs: Services: Housing,155.551
33100,"Miami-Fort Lauderdale-West Palm Beach, FL (Metropolitan Statistical Area)",4,  RPPs: Services: Utilities,97.235
33100,"Miami-Fort Lauderdale-West Palm Beach, FL (Metropolitan Statistical Area)",5,  RPPs: Services: Other,109.113
33140,"Michigan City-La Porte, IN (Metropolitan Statistical Area)",1,RPPs: All items,91.682
33140,"Michigan City-La Porte, IN (Metropolitan Statistical Area)",2,  RPPs: Goods,94.318
33140,"Michigan City-La Porte, IN (Metropolitan Statistical Area)",3,  RPPs: Services: Housing,68.451
33140,"Michigan City-La Porte, IN (Metropolitan Statistical Area)",4,  RPPs: Services: Utilities,86.422
33140,"Michigan City-La Porte, IN (Metropolitan Statistical Area)",5,  RPPs: Services: Other,99.141
33220,"Midland, MI (Metropolitan Statistical Area)",1,RPPs: All items,91.921
33220,"Midland, MI (Metropolitan Statistical Area)",2,  RPPs: Goods,93.711
33220,"Midland, MI (Metropolitan Statistical Area)",3,  RPPs: Services: Housing,66.684
33220,"Midland, MI (Metropolitan Statistical Area)",4,  RPPs: Services: Utilities,95.219
33220,"Midland, MI (Metropolitan Statistical Area)",5,  RPPs: Services: Other,99.561
33260,"Midland, TX (Metropolitan Statistical Area)",1,RPPs: All items,95.783
33260,"Midland, TX (Metropolitan Statistical Area)",2,  RPPs: Goods,93.757
33260,"Midland, TX (Metropolitan Statistical Area)",3,  RPPs: Services: Housing,101.497
33260,"Midland, TX (Metropolitan Statistical Area)",4,  RPPs: Services: Utilities,83.24
33260,"Midland, TX (Metropolitan Statistical Area)",5,  RPPs: Services: Other,96.24
33340,"Milwaukee-Waukesha, WI (Metropolitan Statistical Area)",1,RPPs: All items,96.937
33340,"Milwaukee-Waukesha, WI (Metropolitan Statistical Area)",2,  RPPs: Goods,93.787
33340,"Milwaukee-Waukesha, WI (Metropolitan Statistical Area)",3,  RPPs: Services: Housing,97.111
33340,"Milwaukee-Waukesha, WI (Metropolitan Statistical Area)",4,  RPPs: Services: Utilities,91.59
33340,"Milwaukee-Waukesha, WI (Metropolitan Statistical Area)",5,  RPPs: Services: Other,99.411
33460,"Minneapolis-St. Paul-Bloomington, MN-WI (Metropolitan Statistical Area)",1,RPPs: All items,104.822
33460,"Minneapolis-St. Paul-Bloomington, MN-WI (Metropolitan Statistical Area)",2,  RPPs: Goods,103.065
33460,"Minneapolis-St. Paul-Bloomington, MN-WI (Metropolitan Statistical Area)",3,  RPPs: Services: Housing,111.838
33460,"Minneapolis-St. Paul-Bloomington, MN-WI (Metropolitan Statistical Area)",4,  RPPs: Services: Utilities,93.493
33460,"Minneapolis-St. Paul-Bloomington, MN-WI (Metropolitan Statistical Area)",5,  RPPs: Services: Other,104.419
33500,"Minot, ND (Metropolitan Statistical Area)",1,RPPs: All items,87.028
33500,"Minot, ND (Metropolitan Statistical Area)",2,  RPPs: Goods,95.701
33500,"Minot, ND (Metropolitan Statistical Area)",3,  RPPs: Services: Housing,63.234
33500,"Minot, ND (Metropolitan Statistical Area)",4,  RPPs: Services: Utilities,72.897
33500,"Minot, ND (Metropolitan Statistical Area)",5,  RPPs: Services: Other,91.158
33540,"Missoula, MT (Metropolitan Statistical Area)",1,RPPs: All items,96.445
33540,"Missoula, MT (Metropolitan Statistical Area)",2,  RPPs: Goods,96.006
33540,"Missoula, MT (Metropolitan Statistical Area)",3,  RPPs: Services: Housing,94.945
33540,"Missoula, MT (Metropolitan Statistical Area)",4,  RPPs: Services: Utilities,72.081
33540,"Missoula, MT (Metropolitan Statistical Area)",5,  RPPs: Services: Other,98.715
33660,"Mobile, AL (Metropolitan Statistical Area)",1,RPPs: All items,88.098
33660,"Mobile, AL (Metropolitan Statistical Area)",2,  RPPs: Goods,96.397
33660,"Mobile, AL (Metropolitan Statistical Area)",3,  RPPs: Services: Housing,60.116
33660,"Mobile, AL (Metropolitan Statistical Area)",4,  RPPs: Services: Utilities,84.185
33660,"Mobile, AL (Metropolitan Statistical Area)",5,  RPPs: Services: Other,96.693
33700,"Modesto, CA (Metropolitan Statistical Area)",1,RPPs: All items,104.108
33700,"Modesto, CA (Metropolitan Statistical Area)",2,  RPPs: Goods,105.168
33700,"Modesto, CA (Metropolitan Statistical Area)",3,  RPPs: Services: Housing,108.476
33700,"Modesto, CA (Metropolitan Statistical Area)",4,  RPPs: Services: Utilities,152.259
33700,"Modesto, CA (Metropolitan Statistical Area)",5,  RPPs: Services: Other,100.267
33740,"Monroe, LA (Metropolitan Statistical Area)",1,RPPs: All items,83.597
33740,"Monroe, LA (Metropolitan Statistical Area)",2,  RPPs: Goods,93.691
33740,"Monroe, LA (Metropolitan Statistical Area)",3,  RPPs: Services: Housing,42.815
33740,"Monroe, LA (Metropolitan Statistical Area)",4,  RPPs: Services: Utilities,72.215
33740,"Monroe, LA (Metropolitan Statistical Area)",5,  RPPs: Services: Other,95.705
33780,"Monroe, MI (Metropolitan Statistical Area)",1,RPPs: All items,93.492
33780,"Monroe, MI (Metropolitan Statistical Area)",2,  RPPs: Goods,93.711
33780,"Monroe, MI (Metropolitan Statistical Area)",3,  RPPs: Services: Housing,74.641
33780,"Monroe, MI (Metropolitan Statistical Area)",4,  RPPs: Services: Utilities,93.681
33780,"Monroe, MI (Metropolitan Statistical Area)",5,  RPPs: Services: Other,99.561
33860,"Montgomery, AL (Metropolitan Statistical Area)",1,RPPs: All items,89.682
33860,"Montgomery, AL (Metropolitan Statistical Area)",2,  RPPs: Goods,96.397
33860,"Montgomery, AL (Metropolitan Statistical Area)",3,  RPPs: Services: Housing,64.347
33860,"Montgomery, AL (Metropolitan Statistical Area)",4,  RPPs: Services: Utilities,84.907
33860,"Montgomery, AL (Metropolitan Statistical Area)",5,  RPPs: Services: Other,96.693
34060,"Morgantown, WV (Metropolitan Statistical Area)",1,RPPs: All items,93.323
34060,"Morgantown, WV (Metropolitan Statistical Area)",2,  RPPs: Goods,96.27
34060,"Morgantown, WV (Metropolitan Statistical Area)",3,  RPPs: Services: Housing,69.126
34060,"Morgantown, WV (Metropolitan Statistical Area)",4,  RPPs: Services: Utilities,92.528
34060,"Morgantown, WV (Metropolitan Statistical Area)",5,  RPPs: Services: Other,99.806
34100,"Morristown, TN (Metropolitan Statistical Area)",1,RPPs: All items,86.364
34100,"Morristown, TN (Metropolitan Statistical Area)",2,  RPPs: Goods,96.247
34100,"Morristown, TN (Metropolitan Statistical Area)",3,  RPPs: Services: Housing,59.024
34100,"Morristown, TN (Metropolitan Statistical Area)",4,  RPPs: Services: Utilities,72.433
34100,"Morristown, TN (Metropolitan Statistical Area)",5,  RPPs: Services: Other,95.142
34580,"Mount Vernon-Anacortes, WA (Metropolitan Statistical Area)",1,RPPs: All items,102.443
34580,"Mount Vernon-Anacortes, WA (Metropolitan Statistical Area)",2,  RPPs: Goods,105.028
34580,"Mount Vernon-Anacortes, WA (Metropolitan Statistical Area)",3,  RPPs: Services: Housing,108.165
34580,"Mount Vernon-Anacortes, WA (Metropolitan Statistical Area)",4,  RPPs: Services: Utilities,96.008
34580,"Mount Vernon-Anacortes, WA (Metropolitan Statistical Area)",5,  RPPs: Services: Other,99.472
34620,"Muncie, IN (Metropolitan Statistical Area)",1,RPPs: All items,88.148
34620,"Muncie, IN (Metropolitan Statistical Area)",2,  RPPs: Goods,94.318
34620,"Muncie, IN (Metropolitan Statistical Area)",3,  RPPs: Services: Housing,57.474
34620,"Muncie, IN (Metropolitan Statistical Area)",4,  RPPs: Services: Utilities,86.435
34620,"Muncie, IN (Metropolitan Statistical Area)",5,  RPPs: Services: Other,99.141
34740,"Muskegon-Norton Shores, MI (Metropolitan Statistical Area)",1,RPPs: All items,92.519
34740,"Muskegon-Norton Shores, MI (Metropolitan Statistical Area)",2,  RPPs: Goods,93.711
34740,"Muskegon-Norton Shores, MI (Metropolitan Statistical Area)",3,  RPPs: Services: Housing,74.228
34740,"Muskegon-Norton Shores, MI (Metropolitan Statistical Area)",4,  RPPs: Services: Utilities,92.808
34740,"Muskegon-Norton Shores, MI (Metropolitan Statistical Area)",5,  RPPs: Services: Other,99.561
34820,"Myrtle Beach-Conway-North Myrtle Beach, SC (Metropolitan Statistical Area)",1,RPPs: All items,93.642
34820,"Myrtle Beach-Conway-North Myrtle Beach, SC (Metropolitan Statistical Area)",2,  RPPs: Goods,96.339
34820,"Myrtle Beach-Conway-North Myrtle Beach, SC (Metropolitan Statistical Area)",3,  RPPs: Services: Housing,83.129
34820,"Myrtle Beach-Conway-North Myrtle Beach, SC (Metropolitan Statistical Area)",4,  RPPs: Services: Utilities,87.986
34820,"Myrtle Beach-Conway-North Myrtle Beach, SC (Metropolitan Statistical Area)",5,  RPPs: Services: Other,98.284
34900,"Napa, CA (Metropolitan Statistical Area)",1,RPPs: All items,112.554
34900,"Napa, CA (Metropolitan Statistical Area)",2,  RPPs: Goods,105.168
34900,"Napa, CA (Metropolitan Statistical Area)",3,  RPPs: Services: Housing,197.44
34900,"Napa, CA (Metropolitan Statistical Area)",4,  RPPs: Services: Utilities,156.536
34900,"Napa, CA (Metropolitan Statistical Area)",5,  RPPs: Services: Other,100.267
34940,"Naples-Marco Island, FL (Metropolitan Statistical Area)",1,RPPs: All items,103.2
34940,"Naples-Marco Island, FL (Metropolitan Statistical Area)",2,  RPPs: Goods,96.24
34940,"Naples-Marco Island, FL (Metropolitan Statistical Area)",3,  RPPs: Services: Housing,129.441
34940,"Naples-Marco Island, FL (Metropolitan Statistical Area)",4,  RPPs: Services: Utilities,87.761
34940,"Naples-Marco Island, FL (Metropolitan Statistical Area)",5,  RPPs: Services: Other,98.864
34980,"Nashville-Davidson--Murfreesboro--Franklin, TN (Metropolitan Statistical Area)",1,RPPs: All items,96.338
34980,"Nashville-Davidson--Murfreesboro--Franklin, TN (Metropolitan Statistical Area)",2,  RPPs: Goods,96.247
34980,"Nashville-Davidson--Murfreesboro--Franklin, TN (Metropolitan Statistical Area)",3,  RPPs: Services: Housing,104.626
34980,"Nashville-Davidson--Murfreesboro--Franklin, TN (Metropolitan Statistical Area)",4,  RPPs: Services: Utilities,71.95
34980,"Nashville-Davidson--Murfreesboro--Franklin, TN (Metropolitan Statistical Area)",5,  RPPs: Services: Other,95.142
35300,"New Haven, CT (Metropolitan Statistical Area)",1,RPPs: All items,104.559
35300,"New Haven, CT (Metropolitan Statistical Area)",2,  RPPs: Goods,97.33
35300,"New Haven, CT (Metropolitan Statistical Area)",3,  RPPs: Services: Housing,124.293
35300,"New Haven, CT (Metropolitan Statistical Area)",4,  RPPs: Services: Utilities,144.848
35300,"New Haven, CT (Metropolitan Statistical Area)",5,  RPPs: Services: Other,102.658
35380,"New Orleans-Metairie, LA (Metropolitan Statistical Area)",1,RPPs: All items,92.597
35380,"New Orleans-Metairie, LA (Metropolitan Statistical Area)",2,  RPPs: Goods,93.691
35380,"New Orleans-Metairie, LA (Metropolitan Statistical Area)",3,  RPPs: Services: Housing,86.009
35380,"New Orleans-Metairie, LA (Metropolitan Statistical Area)",4,  RPPs: Services: Utilities,71.231
35380,"New Orleans-Metairie, LA (Metropolitan Statistical Area)",5,  RPPs: Services: Other,95.705
35620,"New York-Newark-Jersey City, NY-NJ (Metropolitan Statistical Area)",1,RPPs: All items,112.563
35620,"New York-Newark-Jersey City, NY-NJ (Metropolitan Statistical Area)",2,  RPPs: Goods,110.261
35620,"New York-Newark-Jersey City, NY-NJ (Metropolitan Statistical Area)",3,  RPPs: Services: Housing,148.616
35620,"New York-Newark-Jersey City, NY-NJ (Metropolitan Statistical Area)",4,  RPPs: Services: Utilities,127.018
35620,"New York-Newark-Jersey City, NY-NJ (Metropolitan Statistical Area)",5,  RPPs: Services: Other,105.836
35660,"Niles, MI (Metropolitan Statistical Area)",1,RPPs: All items,92.37
35660,"Niles, MI (Metropolitan Statistical Area)",2,  RPPs: Goods,93.711
35660,"Niles, MI (Metropolitan Statistical Area)",3,  RPPs: Services: Housing,71.599
35660,"Niles, MI (Metropolitan Statistical Area)",4,  RPPs: Services: Utilities,95.957
35660,"Niles, MI (Metropolitan Statistical Area)",5,  RPPs: Services: Other,99.561
35840,"North Port-Bradenton-Sarasota, FL (Metropolitan Statistical Area)",1,RPPs: All items,102.417
35840,"North Port-Bradenton-Sarasota, FL (Metropolitan Statistical Area)",2,  RPPs: Goods,96.24
35840,"North Port-Bradenton-Sarasota, FL (Metropolitan Statistical Area)",3,  RPPs: Services: Housing,127.95
35840,"North Port-Bradenton-Sarasota, FL (Metropolitan Statistical Area)",4,  RPPs: Services: Utilities,88.171
35840,"North Port-Bradenton-Sarasota, FL (Metropolitan Statistical Area)",5,  RPPs: Services: Other,98.864
35980,"Norwich-New London-Willimantic, CT (Metropolitan Statistical Area)",1,RPPs: All items,100.445
35980,"Norwich-New London-Willimantic, CT (Metropolitan Statistical Area)",2,  RPPs: Goods,97.33
35980,"Norwich-New London-Willimantic, CT (Metropolitan Statistical Area)",3,  RPPs: Services: Housing,93.662
35980,"Norwich-New London-Willimantic, CT (Metropolitan Statistical Area)",4,  RPPs: Services: Utilities,148.557
35980,"Norwich-New London-Willimantic, CT (Metropolitan Statistical Area)",5,  RPPs: Services: Other,102.658
36100,"Ocala, FL (Metropolitan Statistical Area)",1,RPPs: All items,95.234
36100,"Ocala, FL (Metropolitan Statistical Area)",2,  RPPs: Goods,96.24
36100,"Ocala, FL (Metropolitan Statistical Area)",3,  RPPs: Services: Housing,86.23
36100,"Ocala, FL (Metropolitan Statistical Area)",4,  RPPs: Services: Utilities,87.109
36100,"Ocala, FL (Metropolitan Statistical Area)",5,  RPPs: Services: Other,98.864
36220,"Odessa, TX (Metropolitan Statistical Area)",1,RPPs: All items,93.896
36220,"Odessa, TX (Metropolitan Statistical Area)",2,  RPPs: Goods,93.757
36220,"Odessa, TX (Metropolitan Statistical Area)",3,  RPPs: Services: Housing,89.709
36220,"Odessa, TX (Metropolitan Statistical Area)",4,  RPPs: Services: Utilities,82.86
36220,"Odessa, TX (Metropolitan Statistical Area)",5,  RPPs: Services: Other,96.24
36260,"Ogden, UT (Metropolitan Statistical Area)",1,RPPs: All items,100.349
36260,"Ogden, UT (Metropolitan Statistical Area)",2,  RPPs: Goods,96.446
36260,"Ogden, UT (Metropolitan Statistical Area)",3,  RPPs: Services: Housing,117.903
36260,"Ogden, UT (Metropolitan Statistical Area)",4,  RPPs: Services: Utilities,78.778
36260,"Ogden, UT (Metropolitan Statistical Area)",5,  RPPs: Services: Other,98.959
36420,"Oklahoma City, OK (Metropolitan Statistical Area)",1,RPPs: All items,90.408
36420,"Oklahoma City, OK (Metropolitan Statistical Area)",2,  RPPs: Goods,93.778
36420,"Oklahoma City, OK (Metropolitan Statistical Area)",3,  RPPs: Services: Housing,73.885
36420,"Oklahoma City, OK (Metropolitan Statistical Area)",4,  RPPs: Services: Utilities,74.067
36420,"Oklahoma City, OK (Metropolitan Statistical Area)",5,  RPPs: Services: Other,95.458
36500,"Olympia-Lacey-Tumwater, WA (Metropolitan Statistical Area)",1,RPPs: All items,103.67
36500,"Olympia-Lacey-Tumwater, WA (Metropolitan Statistical Area)",2,  RPPs: Goods,105.028
36500,"Olympia-Lacey-Tumwater, WA (Metropolitan Statistical Area)",3,  RPPs: Services: Housing,116.675
36500,"Olympia-Lacey-Tumwater, WA (Metropolitan Statistical Area)",4,  RPPs: Services: Utilities,91.705
36500,"Olympia-Lacey-Tumwater, WA (Metropolitan Statistical Area)",5,  RPPs: Services: Other,99.472
36540,"Omaha, NE-IA (Metropolitan Statistical Area)",1,RPPs: All items,91.911
36540,"Omaha, NE-IA (Metropolitan Statistical Area)",2,  RPPs: Goods,94.063
36540,"Omaha, NE-IA (Metropolitan Statistical Area)",3,  RPPs: Services: Housing,86.404
36540,"Omaha, NE-IA (Metropolitan Statistical Area)",4,  RPPs: Services: Utilities,76.378
36540,"Omaha, NE-IA (Metropolitan Statistical Area)",5,  RPPs: Services: Other,92.975
36740,"Orlando-Kissimmee-Sanford, FL (Metropolitan Statistical Area)",1,RPPs: All items,101.418
36740,"Orlando-Kissimmee-Sanford, FL (Metropolitan Statistical Area)",2,  RPPs: Goods,96.24
36740,"Orlando-Kissimmee-Sanford, FL (Metropolitan Statistical Area)",3,  RPPs: Services: Housing,123.374
36740,"Orlando-Kissimmee-Sanford, FL (Metropolitan Statistical Area)",4,  RPPs: Services: Utilities,87.196
36740,"Orlando-Kissimmee-Sanford, FL (Metropolitan Statistical Area)",5,  RPPs: Services: Other,98.864
36780,"Oshkosh-Neenah, WI (Metropolitan Statistical Area)",1,RPPs: All items,92.929
36780,"Oshkosh-Neenah, WI (Metropolitan Statistical Area)",2,  RPPs: Goods,93.787
36780,"Oshkosh-Neenah, WI (Metropolitan Statistical Area)",3,  RPPs: Services: Housing,74.442
36780,"Oshkosh-Neenah, WI (Metropolitan Statistical Area)",4,  RPPs: Services: Utilities,90.614
36780,"Oshkosh-Neenah, WI (Metropolitan Statistical Area)",5,  RPPs: Services: Other,99.411
36980,"Owensboro, KY (Metropolitan Statistical Area)",1,RPPs: All items,88.61
36980,"Owensboro, KY (Metropolitan Statistical Area)",2,  RPPs: Goods,96.246
36980,"Owensboro, KY (Metropolitan Statistical Area)",3,  RPPs: Services: Housing,55.698
36980,"Owensboro, KY (Metropolitan Statistical Area)",4,  RPPs: Services: Utilities,75.172
36980,"Owensboro, KY (Metropolitan Statistical Area)",5,  RPPs: Services: Other,96.892
37100,"Oxnard-Thousand Oaks-Ventura, CA (Metropolitan Statistical Area)",1,RPPs: All items,110.534
37100,"Oxnard-Thousand Oaks-Ventura, CA (Metropolitan Statistical Area)",2,  RPPs: Goods,105.168
37100,"Oxnard-Thousand Oaks-Ventura, CA (Metropolitan Statistical Area)",3,  RPPs: Services: Housing,171.096
37100,"Oxnard-Thousand Oaks-Ventura, CA (Metropolitan Statistical Area)",4,  RPPs: Services: Utilities,152.925
37100,"Oxnard-Thousand Oaks-Ventura, CA (Metropolitan Statistical Area)",5,  RPPs: Services: Other,100.267
37140,"Paducah, KY-IL (Metropolitan Statistical Area)",1,RPPs: All items,86.084
37140,"Paducah, KY-IL (Metropolitan Statistical Area)",2,  RPPs: Goods,96.025
37140,"Paducah, KY-IL (Metropolitan Statistical Area)",3,  RPPs: Services: Housing,48.794
37140,"Paducah, KY-IL (Metropolitan Statistical Area)",4,  RPPs: Services: Utilities,76.873
37140,"Paducah, KY-IL (Metropolitan Statistical Area)",5,  RPPs: Services: Other,96.897
37340,"Palm Bay-Melbourne-Titusville, FL (Metropolitan Statistical Area)",1,RPPs: All items,100.005
37340,"Palm Bay-Melbourne-Titusville, FL (Metropolitan Statistical Area)",2,  RPPs: Goods,96.24
37340,"Palm Bay-Melbourne-Titusville, FL (Metropolitan Statistical Area)",3,  RPPs: Services: Housing,111.731
37340,"Palm Bay-Melbourne-Titusville, FL (Metropolitan Statistical Area)",4,  RPPs: Services: Utilities,88.064
37340,"Palm Bay-Melbourne-Titusville, FL (Metropolitan Statistical Area)",5,  RPPs: Services: Other,98.864
37460,"Panama City-Panama City Beach, FL (Metropolitan Statistical Area)",1,RPPs: All items,97.296
37460,"Panama City-Panama City Beach, FL (Metropolitan Statistical Area)",2,  RPPs: Goods,96.24
37460,"Panama City-Panama City Beach, FL (Metropolitan Statistical Area)",3,  RPPs: Services: Housing,96.424
37460,"Panama City-Panama City Beach, FL (Metropolitan Statistical Area)",4,  RPPs: Services: Utilities,88.088
37460,"Panama City-Panama City Beach, FL (Metropolitan Statistical Area)",5,  RPPs: Services: Other,98.864
37620,"Parkersburg-Vienna, WV (Metropolitan Statistical Area)",1,RPPs: All items,87.066
37620,"Parkersburg-Vienna, WV (Metropolitan Statistical Area)",2,  RPPs: Goods,96.27
37620,"Parkersburg-Vienna, WV (Metropolitan Statistical Area)",3,  RPPs: Services: Housing,45.884
37620,"Parkersburg-Vienna, WV (Metropolitan Statistical Area)",4,  RPPs: Services: Utilities,92.898
37620,"Parkersburg-Vienna, WV (Metropolitan Statistical Area)",5,  RPPs: Services: Other,99.806
37860,"Pensacola-Ferry Pass-Brent, FL (Metropolitan Statistical Area)",1,RPPs: All items,97.717
37860,"Pensacola-Ferry Pass-Brent, FL (Metropolitan Statistical Area)",2,  RPPs: Goods,96.24
37860,"Pensacola-Ferry Pass-Brent, FL (Metropolitan Statistical Area)",3,  RPPs: Services: Housing,98.77
37860,"Pensacola-Ferry Pass-Brent, FL (Metropolitan Statistical Area)",4,  RPPs: Services: Utilities,88.477
37860,"Pensacola-Ferry Pass-Brent, FL (Metropolitan Statistical Area)",5,  RPPs: Services: Other,98.864
37900,"Peoria, IL (Metropolitan Statistical Area)",1,RPPs: All items,91.231
37900,"Peoria, IL (Metropolitan Statistical Area)",2,  RPPs: Goods,93.643
37900,"Peoria, IL (Metropolitan Statistical Area)",3,  RPPs: Services: Housing,63.763
37900,"Peoria, IL (Metropolitan Statistical Area)",4,  RPPs: Services: Utilities,90.504
37900,"Peoria, IL (Metropolitan Statistical Area)",5,  RPPs: Services: Other,99.59
37980,"Philadelphia-Camden-Wilmington, PA-NJ-DE-MD (Metropolitan Statistical Area)",1,RPPs: All items,102.554
37980,"Philadelphia-Camden-Wilmington, PA-NJ-DE-MD (Metropolitan Statistical Area)",2,  RPPs: Goods,96.833
37980,"Philadelphia-Camden-Wilmington, PA-NJ-DE-MD (Metropolitan Statistical Area)",3,  RPPs: Services: Housing,113.141
37980,"Philadelphia-Camden-Wilmington, PA-NJ-DE-MD (Metropolitan Statistical Area)",4,  RPPs: Services: Utilities,114.389
37980,"Philadelphia-Camden-Wilmington, PA-NJ-DE-MD (Metropolitan Statistical Area)",5,  RPPs: Services: Other,103.052
38060,"Phoenix-Mesa-Chandler, AZ (Metropolitan Statistical Area)",1,RPPs: All items,103.316
38060,"Phoenix-Mesa-Chandler, AZ (Metropolitan Statistical Area)",2,  RPPs: Goods,95.024
38060,"Phoenix-Mesa-Chandler, AZ (Metropolitan Statistical Area)",3,  RPPs: Services: Housing,121.236
38060,"Phoenix-Mesa-Chandler, AZ (Metropolitan Statistical Area)",4,  RPPs: Services: Utilities,93.332
38060,"Phoenix-Mesa-Chandler, AZ (Metropolitan Statistical Area)",5,  RPPs: Services: Other,104.016
38240,"Pinehurst-Southern Pines, NC (Metropolitan Statistical Area)",1,RPPs: All items,88.336
38240,"Pinehurst-Southern Pines, NC (Metropolitan Statistical Area)",2,  RPPs: Goods,96.621
38240,"Pinehurst-Southern Pines, NC (Metropolitan Statistical Area)",3,  RPPs: Services: Housing,59.318
38240,"Pinehurst-Southern Pines, NC (Metropolitan Statistical Area)",4,  RPPs: Services: Utilities,88.176
38240,"Pinehurst-Southern Pines, NC (Metropolitan Statistical Area)",5,  RPPs: Services: Other,98.186
38300,"Pittsburgh, PA (Metropolitan Statistical Area)",1,RPPs: All items,94.671
38300,"Pittsburgh, PA (Metropolitan Statistical Area)",2,  RPPs: Goods,100.684
38300,"Pittsburgh, PA (Metropolitan Statistical Area)",3,  RPPs: Services: Housing,71.986
38300,"Pittsburgh, PA (Metropolitan Statistical Area)",4,  RPPs: Services: Utilities,107.711
38300,"Pittsburgh, PA (Metropolitan Statistical Area)",5,  RPPs: Services: Other,97.726
38340,"Pittsfield, MA (Metropolitan Statistical Area)",1,RPPs: All items,95.106
38340,"Pittsfield, MA (Metropolitan Statistical Area)",2,  RPPs: Goods,97.015
38340,"Pittsfield, MA (Metropolitan Statistical Area)",3,  RPPs: Services: Housing,73.452
38340,"Pittsfield, MA (Metropolitan Statistical Area)",4,  RPPs: Services: Utilities,153.711
38340,"Pittsfield, MA (Metropolitan Statistical Area)",5,  RPPs: Services: Other,101.197
38540,"Pocatello, ID (Metropolitan Statistical Area)",1,RPPs: All items,88.906
38540,"Pocatello, ID (Metropolitan Statistical Area)",2,  RPPs: Goods,96.179
38540,"Pocatello, ID (Metropolitan Statistical Area)",3,  RPPs: Services: Housing,66.396
38540,"Pocatello, ID (Metropolitan Statistical Area)",4,  RPPs: Services: Utilities,69.773
38540,"Pocatello, ID (Metropolitan Statistical Area)",5,  RPPs: Services: Other,98.974
38860,"Portland-South Portland, ME (Metropolitan Statistical Area)",1,RPPs: All items,101.858
38860,"Portland-South Portland, ME (Metropolitan Statistical Area)",2,  RPPs: Goods,97.171
38860,"Portland-South Portland, ME (Metropolitan Statistical Area)",3,  RPPs: Services: Housing,105.164
38860,"Portland-South Portland, ME (Metropolitan Statistical Area)",4,  RPPs: Services: Utilities,134.591
38860,"Portland-South Portland, ME (Metropolitan Statistical Area)",5,  RPPs: Services: Other,103.191
38900,"Portland-Vancouver-Hillsboro, OR-WA (Metropolitan Statistical Area)",1,RPPs: All items,105.421
38900,"Portland-Vancouver-Hillsboro, OR-WA (Metropolitan Statistical Area)",2,  RPPs: Goods,105.222
38900,"Portland-Vancouver-Hillsboro, OR-WA (Metropolitan Statistical Area)",3,  RPPs: Services: Housing,125.114
38900,"Portland-Vancouver-Hillsboro, OR-WA (Metropolitan Statistical Area)",4,  RPPs: Services: Utilities,106.974
38900,"Portland-Vancouver-Hillsboro, OR-WA (Metropolitan Statistical Area)",5,  RPPs: Services: Other,100.136
38940,"Port St. Lucie, FL (Metropolitan Statistical Area)",1,RPPs: All items,100.228
38940,"Port St. Lucie, FL (Metropolitan Statistical Area)",2,  RPPs: Goods,96.24
38940,"Port St. Lucie, FL (Metropolitan Statistical Area)",3,  RPPs: Services: Housing,113.642
38940,"Port St. Lucie, FL (Metropolitan Statistical Area)",4,  RPPs: Services: Utilities,87.031
38940,"Port St. Lucie, FL (Metropolitan Statistical Area)",5,  RPPs: Services: Other,98.864
39150,"Prescott Valley-Prescott, AZ (Metropolitan Statistical Area)",1,RPPs: All items,98.255
39150,"Prescott Valley-Prescott, AZ (Metropolitan Statistical Area)",2,  RPPs: Goods,96.237
39150,"Prescott Valley-Prescott, AZ (Metropolitan Statistical Area)",3,  RPPs: Services: Housing,98.781
39150,"Prescott Valley-Prescott, AZ (Metropolitan Statistical Area)",4,  RPPs: Services: Utilities,91.457
39150,"Prescott Valley-Prescott, AZ (Metropolitan Statistical Area)",5,  RPPs: Services: Other,99.838
39300,"Providence-Warwick, RI-MA (Metropolitan Statistical Area)",1,RPPs: All items,101.773
39300,"Providence-Warwick, RI-MA (Metropolitan Statistical Area)",2,  RPPs: Goods,97.116
39300,"Providence-Warwick, RI-MA (Metropolitan Statistical Area)",3,  RPPs: Services: Housing,103.851
39300,"Providence-Warwick, RI-MA (Metropolitan Statistical Area)",4,  RPPs: Services: Utilities,148.809
39300,"Providence-Warwick, RI-MA (Metropolitan Statistical Area)",5,  RPPs: Services: Other,102.275
39340,"Provo-Orem-Lehi, UT (Metropolitan Statistical Area)",1,RPPs: All items,98.232
39340,"Provo-Orem-Lehi, UT (Metropolitan Statistical Area)",2,  RPPs: Goods,96.446
39340,"Provo-Orem-Lehi, UT (Metropolitan Statistical Area)",3,  RPPs: Services: Housing,104.081
39340,"Provo-Orem-Lehi, UT (Metropolitan Statistical Area)",4,  RPPs: Services: Utilities,78.63
39340,"Provo-Orem-Lehi, UT (Metropolitan Statistical Area)",5,  RPPs: Services: Other,98.959
39380,"Pueblo, CO (Metropolitan Statistical Area)",1,RPPs: All items,91.762
39380,"Pueblo, CO (Metropolitan Statistical Area)",2,  RPPs: Goods,96.052
39380,"Pueblo, CO (Metropolitan Statistical Area)",3,  RPPs: Services: Housing,71.285
39380,"Pueblo, CO (Metropolitan Statistical Area)",4,  RPPs: Services: Utilities,81.933
39380,"Pueblo, CO (Metropolitan Statistical Area)",5,  RPPs: Services: Other,99.822
39460,"Punta Gorda, FL (Metropolitan Statistical Area)",1,RPPs: All items,100.525
39460,"Punta Gorda, FL (Metropolitan Statistical Area)",2,  RPPs: Goods,96.24
39460,"Punta Gorda, FL (Metropolitan Statistical Area)",3,  RPPs: Services: Housing,113.277
39460,"Punta Gorda, FL (Metropolitan Statistical Area)",4,  RPPs: Services: Utilities,87.35
39460,"Punta Gorda, FL (Metropolitan Statistical Area)",5,  RPPs: Services: Other,98.864
39540,"Racine-Mount Pleasant, WI (Metropolitan Statistical Area)",1,RPPs: All items,95.961
39540,"Racine-Mount Pleasant, WI (Metropolitan Statistical Area)",2,  RPPs: Goods,93.787
39540,"Racine-Mount Pleasant, WI (Metropolitan Statistical Area)",3,  RPPs: Services: Housing,92.029
39540,"Racine-Mount Pleasant, WI (Metropolitan Statistical Area)",4,  RPPs: Services: Utilities,90.021
39540,"Racine-Mount Pleasant, WI (Metropolitan Statistical Area)",5,  RPPs: Services: Other,99.411
39580,"Raleigh-Cary, NC (Metropolitan Statistical Area)",1,RPPs: All items,98.157
39580,"Raleigh-Cary, NC (Metropolitan Statistical Area)",2,  RPPs: Goods,96.621
39580,"Raleigh-Cary, NC (Metropolitan Statistical Area)",3,  RPPs: Services: Housing,103.476
39580,"Raleigh-Cary, NC (Metropolitan Statistical Area)",4,  RPPs: Services: Utilities,88.96
39580,"Raleigh-Cary, NC (Metropolitan Statistical Area)",5,  RPPs: Services: Other,98.186
39660,"Rapid City, SD (Metropolitan Statistical Area)",1,RPPs: All items,89.16
39660,"Rapid City, SD (Metropolitan Statistical Area)",2,  RPPs: Goods,95.473
39660,"Rapid City, SD (Metropolitan Statistical Area)",3,  RPPs: Services: Housing,72.552
39660,"Rapid City, SD (Metropolitan Statistical Area)",4,  RPPs: Services: Utilities,79.087
39660,"Rapid City, SD (Metropolitan Statistical Area)",5,  RPPs: Services: Other,91.899
39740,"Reading, PA (Metropolitan Statistical Area)",1,RPPs: All items,97.06
39740,"Reading, PA (Metropolitan Statistical Area)",2,  RPPs: Goods,100.684
39740,"Reading, PA (Metropolitan Statistical Area)",3,  RPPs: Services: Housing,85.419
39740,"Reading, PA (Metropolitan Statistical Area)",4,  RPPs: Services: Utilities,108.217
39740,"Reading, PA (Metropolitan Statistical Area)",5,  RPPs: Services: Other,97.726
39820,"Redding, CA (Metropolitan Statistical Area)",1,RPPs: All items,100.684
39820,"Redding, CA (Metropolitan Statistical Area)",2,  RPPs: Goods,105.168
39820,"Redding, CA (Metropolitan Statistical Area)",3,  RPPs: Services: Housing,89.366
39820,"Redding, CA (Metropolitan Statistical Area)",4,  RPPs: Services: Utilities,157.712
39820,"Redding, CA (Metropolitan Statistical Area)",5,  RPPs: Services: Other,100.267
39900,"Reno, NV (Metropolitan Statistical Area)",1,RPPs: All items,101.014
39900,"Reno, NV (Metropolitan Statistical Area)",2,  RPPs: Goods,96.271
39900,"Reno, NV (Metropolitan Statistical Area)",3,  RPPs: Services: Housing,123.478
39900,"Reno, NV (Metropolitan Statistical Area)",4,  RPPs: Services: Utilities,89.274
39900,"Reno, NV (Metropolitan Statistical Area)",5,  RPPs: Services: Other,98.744
40060,"Richmond, VA (Metropolitan Statistical Area)",1,RPPs: All items,97.858
40060,"Richmond, VA (Metropolitan Statistical Area)",2,  RPPs: Goods,96.773
40060,"Richmond, VA (Metropolitan Statistical Area)",3,  RPPs: Services: Housing,99.136
40060,"Richmond, VA (Metropolitan Statistical Area)",4,  RPPs: Services: Utilities,89.221
40060,"Richmond, VA (Metropolitan Statistical Area)",5,  RPPs: Services: Other,98.612
40140,"Riverside-San Bernardino-Ontario, CA (Metropolitan Statistical Area)",1,RPPs: All items,106.442
40140,"Riverside-San Bernardino-Ontario, CA (Metropolitan Statistical Area)",2,  RPPs: Goods,101.431
40140,"Riverside-San Bernardino-Ontario, CA (Metropolitan Statistical Area)",3,  RPPs: Services: Housing,129.312
40140,"Riverside-San Bernardino-Ontario, CA (Metropolitan Statistical Area)",4,  RPPs: Services: Utilities,148.641
40140,"Riverside-San Bernardino-Ontario, CA (Metropolitan Statistical Area)",5,  RPPs: Services: Other,101.281
40220,"Roanoke, VA (Metropolitan Statistical Area)",1,RPPs: All items,93.618
40220,"Roanoke, VA (Metropolitan Statistical Area)",2,  RPPs: Goods,96.773
40220,"Roanoke, VA (Metropolitan Statistical Area)",3,  RPPs: Services: Housing,78.531
40220,"Roanoke, VA (Metropolitan Statistical Area)",4,  RPPs: Services: Utilities,88.913
40220,"Roanoke, VA (Metropolitan Statistical Area)",5,  RPPs: Services: Other,98.612
40340,"Rochester, MN (Metropolitan Statistical Area)",1,RPPs: All items,90.821
40340,"Rochester, MN (Metropolitan Statistical Area)",2,  RPPs: Goods,95.433
40340,"Rochester, MN (Metropolitan Statistical Area)",3,  RPPs: Services: Housing,78.628
40340,"Rochester, MN (Metropolitan Statistical Area)",4,  RPPs: Services: Utilities,87.389
40340,"Rochester, MN (Metropolitan Statistical Area)",5,  RPPs: Services: Other,92.193
40380,"Rochester, NY (Metropolitan Statistical Area)",1,RPPs: All items,97.035
40380,"Rochester, NY (Metropolitan Statistical Area)",2,  RPPs: Goods,99.693
40380,"Rochester, NY (Metropolitan Statistical Area)",3,  RPPs: Services: Housing,87.481
40380,"Rochester, NY (Metropolitan Statistical Area)",4,  RPPs: Services: Utilities,133.213
40380,"Rochester, NY (Metropolitan Statistical Area)",5,  RPPs: Services: Other,97.754
40420,"Rockford, IL (Metropolitan Statistical Area)",1,RPPs: All items,92.154
40420,"Rockford, IL (Metropolitan Statistical Area)",2,  RPPs: Goods,93.643
40420,"Rockford, IL (Metropolitan Statistical Area)",3,  RPPs: Services: Housing,70.076
40420,"Rockford, IL (Metropolitan Statistical Area)",4,  RPPs: Services: Utilities,89.378
40420,"Rockford, IL (Metropolitan Statistical Area)",5,  RPPs: Services: Other,99.59
40580,"Rocky Mount, NC (Metropolitan Statistical Area)",1,RPPs: All items,88.012
40580,"Rocky Mount, NC (Metropolitan Statistical Area)",2,  RPPs: Goods,96.621
40580,"Rocky Mount, NC (Metropolitan Statistical Area)",3,  RPPs: Services: Housing,56.103
40580,"Rocky Mount, NC (Metropolitan Statistical Area)",4,  RPPs: Services: Utilities,88.378
40580,"Rocky Mount, NC (Metropolitan Statistical Area)",5,  RPPs: Services: Other,98.186
40660,"Rome, GA (Metropolitan Statistical Area)",1,RPPs: All items,90.161
40660,"Rome, GA (Metropolitan Statistical Area)",2,  RPPs: Goods,96.269
40660,"Rome, GA (Metropolitan Statistical Area)",3,  RPPs: Services: Housing,60.276
40660,"Rome, GA (Metropolitan Statistical Area)",4,  RPPs: Services: Utilities,90.721
40660,"Rome, GA (Metropolitan Statistical Area)",5,  RPPs: Services: Other,98.667
40900,"Sacramento-Roseville-Folsom, CA (Metropolitan Statistical Area)",1,RPPs: All items,106.67
40900,"Sacramento-Roseville-Folsom, CA (Metropolitan Statistical Area)",2,  RPPs: Goods,105.168
40900,"Sacramento-Roseville-Folsom, CA (Metropolitan Statistical Area)",3,  RPPs: Services: Housing,130.23
40900,"Sacramento-Roseville-Folsom, CA (Metropolitan Statistical Area)",4,  RPPs: Services: Utilities,151.29
40900,"Sacramento-Roseville-Folsom, CA (Metropolitan Statistical Area)",5,  RPPs: Services: Other,100.267
40980,"Saginaw, MI (Metropolitan Statistical Area)",1,RPPs: All items,90.891
40980,"Saginaw, MI (Metropolitan Statistical Area)",2,  RPPs: Goods,93.711
40980,"Saginaw, MI (Metropolitan Statistical Area)",3,  RPPs: Services: Housing,63.647
40980,"Saginaw, MI (Metropolitan Statistical Area)",4,  RPPs: Services: Utilities,95.849
40980,"Saginaw, MI (Metropolitan Statistical Area)",5,  RPPs: Services: Other,99.561
41060,"St. Cloud, MN (Metropolitan Statistical Area)",1,RPPs: All items,87.632
41060,"St. Cloud, MN (Metropolitan Statistical Area)",2,  RPPs: Goods,95.433
41060,"St. Cloud, MN (Metropolitan Statistical Area)",3,  RPPs: Services: Housing,65.057
41060,"St. Cloud, MN (Metropolitan Statistical Area)",4,  RPPs: Services: Utilities,88.672
41060,"St. Cloud, MN (Metropolitan Statistical Area)",5,  RPPs: Services: Other,92.193
41100,"St. George, UT (Metropolitan Statistical Area)",1,RPPs: All items,97.321
41100,"St. George, UT (Metropolitan Statistical Area)",2,  RPPs: Goods,96.446
41100,"St. George, UT (Metropolitan Statistical Area)",3,  RPPs: Services: Housing,98.148
41100,"St. George, UT (Metropolitan Statistical Area)",4,  RPPs: Services: Utilities,77.69
41100,"St. George, UT (Metropolitan Statistical Area)",5,  RPPs: Services: Other,98.959
41140,"St. Joseph, MO-KS (Metropolitan Statistical Area)",1,RPPs: All items,86.382
41140,"St. Joseph, MO-KS (Metropolitan Statistical Area)",2,  RPPs: Goods,94.18
41140,"St. Joseph, MO-KS (Metropolitan Statistical Area)",3,  RPPs: Services: Housing,55.359
41140,"St. Joseph, MO-KS (Metropolitan Statistical Area)",4,  RPPs: Services: Utilities,88.283
41140,"St. Joseph, MO-KS (Metropolitan Statistical Area)",5,  RPPs: Services: Other,93.088
41180,"St. Louis, MO-IL (Metropolitan Statistical Area)",1,RPPs: All items,95.088
41180,"St. Louis, MO-IL (Metropolitan Statistical Area)",2,  RPPs: Goods,99.996
41180,"St. Louis, MO-IL (Metropolitan Statistical Area)",3,  RPPs: Services: Housing,79.024
41180,"St. Louis, MO-IL (Metropolitan Statistical Area)",4,  RPPs: Services: Utilities,69.921
41180,"St. Louis, MO-IL (Metropolitan Statistical Area)",5,  RPPs: Services: Other,98.642
41420,"Salem, OR (Metropolitan Statistical Area)",1,RPPs: All items,103.649
41420,"Salem, OR (Metropolitan Statistical Area)",2,  RPPs: Goods,105.261
41420,"Salem, OR (Metropolitan Statistical Area)",3,  RPPs: Services: Housing,110.333
41420,"Salem, OR (Metropolitan Statistical Area)",4,  RPPs: Services: Utilities,104.689
41420,"Salem, OR (Metropolitan Statistical Area)",5,  RPPs: Services: Other,100.298
41500,"Salinas, CA (Metropolitan Statistical Area)",1,RPPs: All items,109.042
41500,"Salinas, CA (Metropolitan Statistical Area)",2,  RPPs: Goods,105.168
41500,"Salinas, CA (Metropolitan Statistical Area)",3,  RPPs: Services: Housing,145.669
41500,"Salinas, CA (Metropolitan Statistical Area)",4,  RPPs: Services: Utilities,154.157
41500,"Salinas, CA (Metropolitan Statistical Area)",5,  RPPs: Services: Other,100.267
41540,"Salisbury, MD (Metropolitan Statistical Area)",1,RPPs: All items,95.617
41540,"Salisbury, MD (Metropolitan Statistical Area)",2,  RPPs: Goods,96.592
41540,"Salisbury, MD (Metropolitan Statistical Area)",3,  RPPs: Services: Housing,87.212
41540,"Salisbury, MD (Metropolitan Statistical Area)",4,  RPPs: Services: Utilities,102.801
41540,"Salisbury, MD (Metropolitan Statistical Area)",5,  RPPs: Services: Other,98.995
41620,"Salt Lake City-Murray, UT (Metropolitan Statistical Area)",1,RPPs: All items,100.868
41620,"Salt Lake City-Murray, UT (Metropolitan Statistical Area)",2,  RPPs: Goods,96.446
41620,"Salt Lake City-Murray, UT (Metropolitan Statistical Area)",3,  RPPs: Services: Housing,123.311
41620,"Salt Lake City-Murray, UT (Metropolitan Statistical Area)",4,  RPPs: Services: Utilities,79
41620,"Salt Lake City-Murray, UT (Metropolitan Statistical Area)",5,  RPPs: Services: Other,98.959
41660,"San Angelo, TX (Metropolitan Statistical Area)",1,RPPs: All items,92.453
41660,"San Angelo, TX (Metropolitan Statistical Area)",2,  RPPs: Goods,93.757
41660,"San Angelo, TX (Metropolitan Statistical Area)",3,  RPPs: Services: Housing,81.442
41660,"San Angelo, TX (Metropolitan Statistical Area)",4,  RPPs: Services: Utilities,81.575
41660,"San Angelo, TX (Metropolitan Statistical Area)",5,  RPPs: Services: Other,96.24
41700,"San Antonio-New Braunfels, TX (Metropolitan Statistical Area)",1,RPPs: All items,94.716
41700,"San Antonio-New Braunfels, TX (Metropolitan Statistical Area)",2,  RPPs: Goods,93.757
41700,"San Antonio-New Braunfels, TX (Metropolitan Statistical Area)",3,  RPPs: Services: Housing,94.575
41700,"San Antonio-New Braunfels, TX (Metropolitan Statistical Area)",4,  RPPs: Services: Utilities,82.169
41700,"San Antonio-New Braunfels, TX (Metropolitan Statistical Area)",5,  RPPs: Services: Other,96.24
41740,"San Diego-Chula Vista-Carlsbad, CA (Metropolitan Statistical Area)",1,RPPs: All items,111.887
41740,"San Diego-Chula Vista-Carlsbad, CA (Metropolitan Statistical Area)",2,  RPPs: Goods,107.963
41740,"San Diego-Chula Vista-Carlsbad, CA (Metropolitan Statistical Area)",3,  RPPs: Services: Housing,179.267
41740,"San Diego-Chula Vista-Carlsbad, CA (Metropolitan Statistical Area)",4,  RPPs: Services: Utilities,174.247
41740,"San Diego-Chula Vista-Carlsbad, CA (Metropolitan Statistical Area)",5,  RPPs: Services: Other,99.597
41780,"Sandusky, OH (Metropolitan Statistical Area)",1,RPPs: All items,89.281
41780,"Sandusky, OH (Metropolitan Statistical Area)",2,  RPPs: Goods,93.628
41780,"Sandusky, OH (Metropolitan Statistical Area)",3,  RPPs: Services: Housing,59.462
41780,"Sandusky, OH (Metropolitan Statistical Area)",4,  RPPs: Services: Utilities,96.703
41780,"Sandusky, OH (Metropolitan Statistical Area)",5,  RPPs: Services: Other,98.939
41860,"San Francisco-Oakland-Fremont, CA (Metropolitan Statistical Area)",1,RPPs: All items,115.613
41860,"San Francisco-Oakland-Fremont, CA (Metropolitan Statistical Area)",2,  RPPs: Goods,108.465
41860,"San Francisco-Oakland-Fremont, CA (Metropolitan Statistical Area)",3,  RPPs: Services: Housing,194.718
41860,"San Francisco-Oakland-Fremont, CA (Metropolitan Statistical Area)",4,  RPPs: Services: Utilities,172.585
41860,"San Francisco-Oakland-Fremont, CA (Metropolitan Statistical Area)",5,  RPPs: Services: Other,106.207
41940,"San Jose-Sunnyvale-Santa Clara, CA (Metropolitan Statistical Area)",1,RPPs: All items,110.423
41940,"San Jose-Sunnyvale-Santa Clara, CA (Metropolitan Statistical Area)",2,  RPPs: Goods,105.168
41940,"San Jose-Sunnyvale-Santa Clara, CA (Metropolitan Statistical Area)",3,  RPPs: Services: Housing,211.901
41940,"San Jose-Sunnyvale-Santa Clara, CA (Metropolitan Statistical Area)",4,  RPPs: Services: Utilities,156.659
41940,"San Jose-Sunnyvale-Santa Clara, CA (Metropolitan Statistical Area)",5,  RPPs: Services: Other,100.267
42020,"San Luis Obispo-Paso Robles, CA (Metropolitan Statistical Area)",1,RPPs: All items,108.596
42020,"San Luis Obispo-Paso Robles, CA (Metropolitan Statistical Area)",2,  RPPs: Goods,105.168
42020,"San Luis Obispo-Paso Robles, CA (Metropolitan Statistical Area)",3,  RPPs: Services: Housing,144.362
42020,"San Luis Obispo-Paso Robles, CA (Metropolitan Statistical Area)",4,  RPPs: Services: Utilities,147.823
42020,"San Luis Obispo-Paso Robles, CA (Metropolitan Statistical Area)",5,  RPPs: Services: Other,100.267
42100,"Santa Cruz-Watsonville, CA (Metropolitan Statistical Area)",1,RPPs: All items,109.896
42100,"Santa Cruz-Watsonville, CA (Metropolitan Statistical Area)",2,  RPPs: Goods,105.168
42100,"Santa Cruz-Watsonville, CA (Metropolitan Statistical Area)",3,  RPPs: Services: Housing,164.328
42100,"Santa Cruz-Watsonville, CA (Metropolitan Statistical Area)",4,  RPPs: Services: Utilities,152.716
42100,"Santa Cruz-Watsonville, CA (Metropolitan Statistical Area)",5,  RPPs: Services: Other,100.267
42140,"Santa Fe, NM (Metropolitan Statistical Area)",1,RPPs: All items,98.767
42140,"Santa Fe, NM (Metropolitan Statistical Area)",2,  RPPs: Goods,96.144
42140,"Santa Fe, NM (Metropolitan Statistical Area)",3,  RPPs: Services: Housing,107.978
42140,"Santa Fe, NM (Metropolitan Statistical Area)",4,  RPPs: Services: Utilities,76.705
42140,"Santa Fe, NM (Metropolitan Statistical Area)",5,  RPPs: Services: Other,98.54
42200,"Santa Maria-Santa Barbara, CA (Metropolitan Statistical Area)",1,RPPs: All items,108.798
42200,"Santa Maria-Santa Barbara, CA (Metropolitan Statistical Area)",2,  RPPs: Goods,105.168
42200,"Santa Maria-Santa Barbara, CA (Metropolitan Statistical Area)",3,  RPPs: Services: Housing,151.394
42200,"Santa Maria-Santa Barbara, CA (Metropolitan Statistical Area)",4,  RPPs: Services: Utilities,149.807
42200,"Santa Maria-Santa Barbara, CA (Metropolitan Statistical Area)",5,  RPPs: Services: Other,100.267
42220,"Santa Rosa-Petaluma, CA (Metropolitan Statistical Area)",1,RPPs: All items,107.784
42220,"Santa Rosa-Petaluma, CA (Metropolitan Statistical Area)",2,  RPPs: Goods,105.168
42220,"Santa Rosa-Petaluma, CA (Metropolitan Statistical Area)",3,  RPPs: Services: Housing,139.569
42220,"Santa Rosa-Petaluma, CA (Metropolitan Statistical Area)",4,  RPPs: Services: Utilities,154.777
42220,"Santa Rosa-Petaluma, CA (Metropolitan Statistical Area)",5,  RPPs: Services: Other,100.267
42340,"Savannah, GA (Metropolitan Statistical Area)",1,RPPs: All items,95.206
42340,"Savannah, GA (Metropolitan Statistical Area)",2,  RPPs: Goods,96.269
42340,"Savannah, GA (Metropolitan Statistical Area)",3,  RPPs: Services: Housing,86.012
42340,"Savannah, GA (Metropolitan Statistical Area)",4,  RPPs: Services: Utilities,88.603
42340,"Savannah, GA (Metropolitan Statistical Area)",5,  RPPs: Services: Other,98.667
42540,"Scranton--Wilkes-Barre, PA (Metropolitan Statistical Area)",1,RPPs: All items,93.556
42540,"Scranton--Wilkes-Barre, PA (Metropolitan Statistical Area)",2,  RPPs: Goods,100.684
42540,"Scranton--Wilkes-Barre, PA (Metropolitan Statistical Area)",3,  RPPs: Services: Housing,66.987
42540,"Scranton--Wilkes-Barre, PA (Metropolitan Statistical Area)",4,  RPPs: Services: Utilities,106.533
42540,"Scranton--Wilkes-Barre, PA (Metropolitan Statistical Area)",5,  RPPs: Services: Other,97.726
42660,"Seattle-Tacoma-Bellevue, WA (Metropolitan Statistical Area)",1,RPPs: All items,111.133
42660,"Seattle-Tacoma-Bellevue, WA (Metropolitan Statistical Area)",2,  RPPs: Goods,103.972
42660,"Seattle-Tacoma-Bellevue, WA (Metropolitan Statistical Area)",3,  RPPs: Services: Housing,151.314
42660,"Seattle-Tacoma-Bellevue, WA (Metropolitan Statistical Area)",4,  RPPs: Services: Utilities,92.814
42660,"Seattle-Tacoma-Bellevue, WA (Metropolitan Statistical Area)",5,  RPPs: Services: Other,106.835
42680,"Sebastian-Vero Beach-West Vero Corridor, FL (Metropolitan Statistical Area)",1,RPPs: All items,98.308
42680,"Sebastian-Vero Beach-West Vero Corridor, FL (Metropolitan Statistical Area)",2,  RPPs: Goods,96.24
42680,"Sebastian-Vero Beach-West Vero Corridor, FL (Metropolitan Statistical Area)",3,  RPPs: Services: Housing,101.635
42680,"Sebastian-Vero Beach-West Vero Corridor, FL (Metropolitan Statistical Area)",4,  RPPs: Services: Utilities,87.265
42680,"Sebastian-Vero Beach-West Vero Corridor, FL (Metropolitan Statistical Area)",5,  RPPs: Services: Other,98.864
42700,"Sebring, FL (Metropolitan Statistical Area)",1,RPPs: All items,92.47
42700,"Sebring, FL (Metropolitan Statistical Area)",2,  RPPs: Goods,96.24
42700,"Sebring, FL (Metropolitan Statistical Area)",3,  RPPs: Services: Housing,73.455
42700,"Sebring, FL (Metropolitan Statistical Area)",4,  RPPs: Services: Utilities,86.755
42700,"Sebring, FL (Metropolitan Statistical Area)",5,  RPPs: Services: Other,98.864
43100,"Sheboygan, WI (Metropolitan Statistical Area)",1,RPPs: All items,94.014
43100,"Sheboygan, WI (Metropolitan Statistical Area)",2,  RPPs: Goods,93.787
43100,"Sheboygan, WI (Metropolitan Statistical Area)",3,  RPPs: Services: Housing,80.54
43100,"Sheboygan, WI (Metropolitan Statistical Area)",4,  RPPs: Services: Utilities,87.566
43100,"Sheboygan, WI (Metropolitan Statistical Area)",5,  RPPs: Services: Other,99.411
43300,"Sherman-Denison, TX (Metropolitan Statistical Area)",1,RPPs: All items,93.771
43300,"Sherman-Denison, TX (Metropolitan Statistical Area)",2,  RPPs: Goods,93.757
43300,"Sherman-Denison, TX (Metropolitan Statistical Area)",3,  RPPs: Services: Housing,89.466
43300,"Sherman-Denison, TX (Metropolitan Statistical Area)",4,  RPPs: Services: Utilities,83.323
43300,"Sherman-Denison, TX (Metropolitan Statistical Area)",5,  RPPs: Services: Other,96.24
43340,"Shreveport-Bossier City, LA (Metropolitan Statistical Area)",1,RPPs: All items,84.766
43340,"Shreveport-Bossier City, LA (Metropolitan Statistical Area)",2,  RPPs: Goods,93.691
43340,"Shreveport-Bossier City, LA (Metropolitan Statistical Area)",3,  RPPs: Services: Housing,52.286
43340,"Shreveport-Bossier City, LA (Metropolitan Statistical Area)",4,  RPPs: Services: Utilities,72.558
43340,"Shreveport-Bossier City, LA (Metropolitan Statistical Area)",5,  RPPs: Services: Other,95.705
43420,"Sierra Vista-Douglas, AZ (Metropolitan Statistical Area)",1,RPPs: All items,89.243
43420,"Sierra Vista-Douglas, AZ (Metropolitan Statistical Area)",2,  RPPs: Goods,96.237
43420,"Sierra Vista-Douglas, AZ (Metropolitan Statistical Area)",3,  RPPs: Services: Housing,61.918
43420,"Sierra Vista-Douglas, AZ (Metropolitan Statistical Area)",4,  RPPs: Services: Utilities,91.945
43420,"Sierra Vista-Douglas, AZ (Metropolitan Statistical Area)",5,  RPPs: Services: Other,99.838
43580,"Sioux City, IA-NE-SD (Metropolitan Statistical Area)",1,RPPs: All items,86.454
43580,"Sioux City, IA-NE-SD (Metropolitan Statistical Area)",2,  RPPs: Goods,94.013
43580,"Sioux City, IA-NE-SD (Metropolitan Statistical Area)",3,  RPPs: Services: Housing,57.849
43580,"Sioux City, IA-NE-SD (Metropolitan Statistical Area)",4,  RPPs: Services: Utilities,82.706
43580,"Sioux City, IA-NE-SD (Metropolitan Statistical Area)",5,  RPPs: Services: Other,92.749
43620,"Sioux Falls, SD-MN (Metropolitan Statistical Area)",1,RPPs: All items,90.631
43620,"Sioux Falls, SD-MN (Metropolitan Statistical Area)",2,  RPPs: Goods,95.472
43620,"Sioux Falls, SD-MN (Metropolitan Statistical Area)",3,  RPPs: Services: Housing,77.605
43620,"Sioux Falls, SD-MN (Metropolitan Statistical Area)",4,  RPPs: Services: Utilities,80.7
43620,"Sioux Falls, SD-MN (Metropolitan Statistical Area)",5,  RPPs: Services: Other,91.906
43640,"Slidell-Mandeville-Covington, LA (Metropolitan Statistical Area)",1,RPPs: All items,92.726
43640,"Slidell-Mandeville-Covington, LA (Metropolitan Statistical Area)",2,  RPPs: Goods,93.691
43640,"Slidell-Mandeville-Covington, LA (Metropolitan Statistical Area)",3,  RPPs: Services: Housing,85.449
43640,"Slidell-Mandeville-Covington, LA (Metropolitan Statistical Area)",4,  RPPs: Services: Utilities,71.65
43640,"Slidell-Mandeville-Covington, LA (Metropolitan Statistical Area)",5,  RPPs: Services: Other,95.705
43780,"South Bend-Mishawaka, IN-MI (Metropolitan Statistical Area)",1,RPPs: All items,92.858
43780,"South Bend-Mishawaka, IN-MI (Metropolitan Statistical Area)",2,  RPPs: Goods,94.221
43780,"South Bend-Mishawaka, IN-MI (Metropolitan Statistical Area)",3,  RPPs: Services: Housing,74.586
43780,"South Bend-Mishawaka, IN-MI (Metropolitan Statistical Area)",4,  RPPs: Services: Utilities,87.733
43780,"South Bend-Mishawaka, IN-MI (Metropolitan Statistical Area)",5,  RPPs: Services: Other,99.213
43900,"Spartanburg, SC (Metropolitan Statistical Area)",1,RPPs: All items,91.051
43900,"Spartanburg, SC (Metropolitan Statistical Area)",2,  RPPs: Goods,96.339
43900,"Spartanburg, SC (Metropolitan Statistical Area)",3,  RPPs: Services: Housing,68.007
43900,"Spartanburg, SC (Metropolitan Statistical Area)",4,  RPPs: Services: Utilities,88.331
43900,"Spartanburg, SC (Metropolitan Statistical Area)",5,  RPPs: Services: Other,98.284
44060,"Spokane-Spokane Valley, WA (Metropolitan Statistical Area)",1,RPPs: All items,100.346
44060,"Spokane-Spokane Valley, WA (Metropolitan Statistical Area)",2,  RPPs: Goods,105.028
44060,"Spokane-Spokane Valley, WA (Metropolitan Statistical Area)",3,  RPPs: Services: Housing,97.059
44060,"Spokane-Spokane Valley, WA (Metropolitan Statistical Area)",4,  RPPs: Services: Utilities,91.196
44060,"Spokane-Spokane Valley, WA (Metropolitan Statistical Area)",5,  RPPs: Services: Other,99.472
44100,"Springfield, IL (Metropolitan Statistical Area)",1,RPPs: All items,92.745
44100,"Springfield, IL (Metropolitan Statistical Area)",2,  RPPs: Goods,93.643
44100,"Springfield, IL (Metropolitan Statistical Area)",3,  RPPs: Services: Housing,71.616
44100,"Springfield, IL (Metropolitan Statistical Area)",4,  RPPs: Services: Utilities,90.406
44100,"Springfield, IL (Metropolitan Statistical Area)",5,  RPPs: Services: Other,99.59
44140,"Springfield, MA (Metropolitan Statistical Area)",1,RPPs: All items,96.061
44140,"Springfield, MA (Metropolitan Statistical Area)",2,  RPPs: Goods,97.015
44140,"Springfield, MA (Metropolitan Statistical Area)",3,  RPPs: Services: Housing,75.781
44140,"Springfield, MA (Metropolitan Statistical Area)",4,  RPPs: Services: Utilities,154.996
44140,"Springfield, MA (Metropolitan Statistical Area)",5,  RPPs: Services: Other,101.197
44180,"Springfield, MO (Metropolitan Statistical Area)",1,RPPs: All items,88.585
44180,"Springfield, MO (Metropolitan Statistical Area)",2,  RPPs: Goods,94.193
44180,"Springfield, MO (Metropolitan Statistical Area)",3,  RPPs: Services: Housing,65.568
44180,"Springfield, MO (Metropolitan Statistical Area)",4,  RPPs: Services: Utilities,85.825
44180,"Springfield, MO (Metropolitan Statistical Area)",5,  RPPs: Services: Other,93.026
44220,"Springfield, OH (Metropolitan Statistical Area)",1,RPPs: All items,90.482
44220,"Springfield, OH (Metropolitan Statistical Area)",2,  RPPs: Goods,93.628
44220,"Springfield, OH (Metropolitan Statistical Area)",3,  RPPs: Services: Housing,61.726
44220,"Springfield, OH (Metropolitan Statistical Area)",4,  RPPs: Services: Utilities,97.155
44220,"Springfield, OH (Metropolitan Statistical Area)",5,  RPPs: Services: Other,98.939
44300,"State College, PA (Metropolitan Statistical Area)",1,RPPs: All items,96.762
44300,"State College, PA (Metropolitan Statistical Area)",2,  RPPs: Goods,100.684
44300,"State College, PA (Metropolitan Statistical Area)",3,  RPPs: Services: Housing,85.688
44300,"State College, PA (Metropolitan Statistical Area)",4,  RPPs: Services: Utilities,109.462
44300,"State College, PA (Metropolitan Statistical Area)",5,  RPPs: Services: Other,97.726
44420,"Staunton-Stuarts Draft, VA (Metropolitan Statistical Area)",1,RPPs: All items,91.128
44420,"Staunton-Stuarts Draft, VA (Metropolitan Statistical Area)",2,  RPPs: Goods,96.773
44420,"Staunton-Stuarts Draft, VA (Metropolitan Statistical Area)",3,  RPPs: Services: Housing,68.232
44420,"Staunton-Stuarts Draft, VA (Metropolitan Statistical Area)",4,  RPPs: Services: Utilities,89.522
44420,"Staunton-Stuarts Draft, VA (Metropolitan Statistical Area)",5,  RPPs: Services: Other,98.612
44700,"Stockton-Lodi, CA (Metropolitan Statistical Area)",1,RPPs: All items,105.089
44700,"Stockton-Lodi, CA (Metropolitan Statistical Area)",2,  RPPs: Goods,105.168
44700,"Stockton-Lodi, CA (Metropolitan Statistical Area)",3,  RPPs: Services: Housing,115.614
44700,"Stockton-Lodi, CA (Metropolitan Statistical Area)",4,  RPPs: Services: Utilities,158.247
44700,"Stockton-Lodi, CA (Metropolitan Statistical Area)",5,  RPPs: Services: Other,100.267
44940,"Sumter, SC (Metropolitan Statistical Area)",1,RPPs: All items,88.02
44940,"Sumter, SC (Metropolitan Statistical Area)",2,  RPPs: Goods,96.339
44940,"Sumter, SC (Metropolitan Statistical Area)",3,  RPPs: Services: Housing,60.833
44940,"Sumter, SC (Metropolitan Statistical Area)",4,  RPPs: Services: Utilities,87.304
44940,"Sumter, SC (Metropolitan Statistical Area)",5,  RPPs: Services: Other,98.284
45060,"Syracuse, NY (Metropolitan Statistical Area)",1,RPPs: All items,95.742
45060,"Syracuse, NY (Metropolitan Statistical Area)",2,  RPPs: Goods,99.693
45060,"Syracuse, NY (Metropolitan Statistical Area)",3,  RPPs: Services: Housing,80.656
45060,"Syracuse, NY (Metropolitan Statistical Area)",4,  RPPs: Services: Utilities,133.405
45060,"Syracuse, NY (Metropolitan Statistical Area)",5,  RPPs: Services: Other,97.754
45220,"Tallahassee, FL (Metropolitan Statistical Area)",1,RPPs: All items,93.919
45220,"Tallahassee, FL (Metropolitan Statistical Area)",2,  RPPs: Goods,96.24
45220,"Tallahassee, FL (Metropolitan Statistical Area)",3,  RPPs: Services: Housing,78.528
45220,"Tallahassee, FL (Metropolitan Statistical Area)",4,  RPPs: Services: Utilities,87.471
45220,"Tallahassee, FL (Metropolitan Statistical Area)",5,  RPPs: Services: Other,98.864
45300,"Tampa-St. Petersburg-Clearwater, FL (Metropolitan Statistical Area)",1,RPPs: All items,100.89
45300,"Tampa-St. Petersburg-Clearwater, FL (Metropolitan Statistical Area)",2,  RPPs: Goods,95.47
45300,"Tampa-St. Petersburg-Clearwater, FL (Metropolitan Statistical Area)",3,  RPPs: Services: Housing,125.839
45300,"Tampa-St. Petersburg-Clearwater, FL (Metropolitan Statistical Area)",4,  RPPs: Services: Utilities,88.525
45300,"Tampa-St. Petersburg-Clearwater, FL (Metropolitan Statistical Area)",5,  RPPs: Services: Other,97.565
45460,"Terre Haute, IN (Metropolitan Statistical Area)",1,RPPs: All items,87.797
45460,"Terre Haute, IN (Metropolitan Statistical Area)",2,  RPPs: Goods,94.318
45460,"Terre Haute, IN (Metropolitan Statistical Area)",3,  RPPs: Services: Housing,51.923
45460,"Terre Haute, IN (Metropolitan Statistical Area)",4,  RPPs: Services: Utilities,86.564
45460,"Terre Haute, IN (Metropolitan Statistical Area)",5,  RPPs: Services: Other,99.141
45500,"Texarkana, TX-AR (Metropolitan Statistical Area)",1,RPPs: All items,84.012
45500,"Texarkana, TX-AR (Metropolitan Statistical Area)",2,  RPPs: Goods,93.693
45500,"Texarkana, TX-AR (Metropolitan Statistical Area)",3,  RPPs: Services: Housing,49.885
45500,"Texarkana, TX-AR (Metropolitan Statistical Area)",4,  RPPs: Services: Utilities,79.258
45500,"Texarkana, TX-AR (Metropolitan Statistical Area)",5,  RPPs: Services: Other,95.895
45780,"Toledo, OH (Metropolitan Statistical Area)",1,RPPs: All items,91.455
45780,"Toledo, OH (Metropolitan Statistical Area)",2,  RPPs: Goods,93.628
45780,"Toledo, OH (Metropolitan Statistical Area)",3,  RPPs: Services: Housing,67.317
45780,"Toledo, OH (Metropolitan Statistical Area)",4,  RPPs: Services: Utilities,96.285
45780,"Toledo, OH (Metropolitan Statistical Area)",5,  RPPs: Services: Other,98.939
45820,"Topeka, KS (Metropolitan Statistical Area)",1,RPPs: All items,88.82
45820,"Topeka, KS (Metropolitan Statistical Area)",2,  RPPs: Goods,94.027
45820,"Topeka, KS (Metropolitan Statistical Area)",3,  RPPs: Services: Housing,64.987
45820,"Topeka, KS (Metropolitan Statistical Area)",4,  RPPs: Services: Utilities,88.942
45820,"Topeka, KS (Metropolitan Statistical Area)",5,  RPPs: Services: Other,93.816
45900,"Traverse City, MI (Metropolitan Statistical Area)",1,RPPs: All items,93.372
45900,"Traverse City, MI (Metropolitan Statistical Area)",2,  RPPs: Goods,93.711
45900,"Traverse City, MI (Metropolitan Statistical Area)",3,  RPPs: Services: Housing,78.146
45900,"Traverse City, MI (Metropolitan Statistical Area)",4,  RPPs: Services: Utilities,92.356
45900,"Traverse City, MI (Metropolitan Statistical Area)",5,  RPPs: Services: Other,99.561
45940,"Trenton-Princeton, NJ (Metropolitan Statistical Area)",1,RPPs: All items,103.18
45940,"Trenton-Princeton, NJ (Metropolitan Statistical Area)",2,  RPPs: Goods,99.79
45940,"Trenton-Princeton, NJ (Metropolitan Statistical Area)",3,  RPPs: Services: Housing,135.082
45940,"Trenton-Princeton, NJ (Metropolitan Statistical Area)",4,  RPPs: Services: Utilities,112.266
45940,"Trenton-Princeton, NJ (Metropolitan Statistical Area)",5,  RPPs: Services: Other,97.925
46060,"Tucson, AZ (Metropolitan Statistical Area)",1,RPPs: All items,96.896
46060,"Tucson, AZ (Metropolitan Statistical Area)",2,  RPPs: Goods,96.237
46060,"Tucson, AZ (Metropolitan Statistical Area)",3,  RPPs: Services: Housing,91.765
46060,"Tucson, AZ (Metropolitan Statistical Area)",4,  RPPs: Services: Utilities,89.521
46060,"Tucson, AZ (Metropolitan Statistical Area)",5,  RPPs: Services: Other,99.838
46140,"Tulsa, OK (Metropolitan Statistical Area)",1,RPPs: All items,89.214
46140,"Tulsa, OK (Metropolitan Statistical Area)",2,  RPPs: Goods,93.778
46140,"Tulsa, OK (Metropolitan Statistical Area)",3,  RPPs: Services: Housing,68.235
46140,"Tulsa, OK (Metropolitan Statistical Area)",4,  RPPs: Services: Utilities,73.856
46140,"Tulsa, OK (Metropolitan Statistical Area)",5,  RPPs: Services: Other,95.458
46220,"Tuscaloosa, AL (Metropolitan Statistical Area)",1,RPPs: All items,87.722
46220,"Tuscaloosa, AL (Metropolitan Statistical Area)",2,  RPPs: Goods,96.397
46220,"Tuscaloosa, AL (Metropolitan Statistical Area)",3,  RPPs: Services: Housing,58.246
46220,"Tuscaloosa, AL (Metropolitan Statistical Area)",4,  RPPs: Services: Utilities,84.396
46220,"Tuscaloosa, AL (Metropolitan Statistical Area)",5,  RPPs: Services: Other,96.693
46300,"Twin Falls, ID (Metropolitan Statistical Area) *",1,RPPs: All items,92.108
46300,"Twin Falls, ID (Metropolitan Statistical Area) *",2,  RPPs: Goods,96.179
46300,"Twin Falls, ID (Metropolitan Statistical Area) *",3,  RPPs: Services: Housing,73.833
46300,"Twin Falls, ID (Metropolitan Statistical Area) *",4,  RPPs: Services: Utilities,70.028
46300,"Twin Falls, ID (Metropolitan Statistical Area) *",5,  RPPs: Services: Other,98.974
46340,"Tyler, TX (Metropolitan Statistical Area)",1,RPPs: All items,92.156
46340,"Tyler, TX (Metropolitan Statistical Area)",2,  RPPs: Goods,93.757
46340,"Tyler, TX (Metropolitan Statistical Area)",3,  RPPs: Services: Housing,79.911
46340,"Tyler, TX (Metropolitan Statistical Area)",4,  RPPs: Services: Utilities,82.904
46340,"Tyler, TX (Metropolitan Statistical Area)",5,  RPPs: Services: Other,96.24
46520,"Urban Honolulu, HI (Metropolitan Statistical Area)",1,RPPs: All items,110.961
46520,"Urban Honolulu, HI (Metropolitan Statistical Area)",2,  RPPs: Goods,111.562
46520,"Urban Honolulu, HI (Metropolitan Statistical Area)",3,  RPPs: Services: Housing,135.538
46520,"Urban Honolulu, HI (Metropolitan Statistical Area)",4,  RPPs: Services: Utilities,187.263
46520,"Urban Honolulu, HI (Metropolitan Statistical Area)",5,  RPPs: Services: Other,102.898
46540,"Utica-Rome, NY (Metropolitan Statistical Area)",1,RPPs: All items,92.678
46540,"Utica-Rome, NY (Metropolitan Statistical Area)",2,  RPPs: Goods,99.693
46540,"Utica-Rome, NY (Metropolitan Statistical Area)",3,  RPPs: Services: Housing,66.063
46540,"Utica-Rome, NY (Metropolitan Statistical Area)",4,  RPPs: Services: Utilities,131.909
46540,"Utica-Rome, NY (Metropolitan Statistical Area)",5,  RPPs: Services: Other,97.754
46660,"Valdosta, GA (Metropolitan Statistical Area)",1,RPPs: All items,88.271
46660,"Valdosta, GA (Metropolitan Statistical Area)",2,  RPPs: Goods,96.269
46660,"Valdosta, GA (Metropolitan Statistical Area)",3,  RPPs: Services: Housing,58.758
46660,"Valdosta, GA (Metropolitan Statistical Area)",4,  RPPs: Services: Utilities,87.803
46660,"Valdosta, GA (Metropolitan Statistical Area)",5,  RPPs: Services: Other,98.667
46700,"Vallejo, CA (Metropolitan Statistical Area)",1,RPPs: All items,108.479
46700,"Vallejo, CA (Metropolitan Statistical Area)",2,  RPPs: Goods,105.168
46700,"Vallejo, CA (Metropolitan Statistical Area)",3,  RPPs: Services: Housing,142.042
46700,"Vallejo, CA (Metropolitan Statistical Area)",4,  RPPs: Services: Utilities,154.993
46700,"Vallejo, CA (Metropolitan Statistical Area)",5,  RPPs: Services: Other,100.267
47020,"Victoria, TX (Metropolitan Statistical Area)",1,RPPs: All items,89.839
47020,"Victoria, TX (Metropolitan Statistical Area)",2,  RPPs: Goods,93.757
47020,"Victoria, TX (Metropolitan Statistical Area)",3,  RPPs: Services: Housing,69.318
47020,"Victoria, TX (Metropolitan Statistical Area)",4,  RPPs: Services: Utilities,85.271
47020,"Victoria, TX (Metropolitan Statistical Area)",5,  RPPs: Services: Other,96.24
47220,"Vineland, NJ (Metropolitan Statistical Area)",1,RPPs: All items,95.968
47220,"Vineland, NJ (Metropolitan Statistical Area)",2,  RPPs: Goods,99.79
47220,"Vineland, NJ (Metropolitan Statistical Area)",3,  RPPs: Services: Housing,83.883
47220,"Vineland, NJ (Metropolitan Statistical Area)",4,  RPPs: Services: Utilities,108.227
47220,"Vineland, NJ (Metropolitan Statistical Area)",5,  RPPs: Services: Other,97.925
47260,"Virginia Beach-Chesapeake-Norfolk, VA-NC (Metropolitan Statistical Area)",1,RPPs: All items,97.941
47260,"Virginia Beach-Chesapeake-Norfolk, VA-NC (Metropolitan Statistical Area)",2,  RPPs: Goods,96.767
47260,"Virginia Beach-Chesapeake-Norfolk, VA-NC (Metropolitan Statistical Area)",3,  RPPs: Services: Housing,99.805
47260,"Virginia Beach-Chesapeake-Norfolk, VA-NC (Metropolitan Statistical Area)",4,  RPPs: Services: Utilities,89.579
47260,"Virginia Beach-Chesapeake-Norfolk, VA-NC (Metropolitan Statistical Area)",5,  RPPs: Services: Other,98.599
47300,"Visalia, CA (Metropolitan Statistical Area)",1,RPPs: All items,99.825
47300,"Visalia, CA (Metropolitan Statistical Area)",2,  RPPs: Goods,105.168
47300,"Visalia, CA (Metropolitan Statistical Area)",3,  RPPs: Services: Housing,84.053
47300,"Visalia, CA (Metropolitan Statistical Area)",4,  RPPs: Services: Utilities,156.446
47300,"Visalia, CA (Metropolitan Statistical Area)",5,  RPPs: Services: Other,100.267
47380,"Waco, TX (Metropolitan Statistical Area)",1,RPPs: All items,92.55
47380,"Waco, TX (Metropolitan Statistical Area)",2,  RPPs: Goods,93.757
47380,"Waco, TX (Metropolitan Statistical Area)",3,  RPPs: Services: Housing,83.531
47380,"Waco, TX (Metropolitan Statistical Area)",4,  RPPs: Services: Utilities,80.967
47380,"Waco, TX (Metropolitan Statistical Area)",5,  RPPs: Services: Other,96.24
47460,"Walla Walla, WA (Metropolitan Statistical Area)",1,RPPs: All items,98.519
47460,"Walla Walla, WA (Metropolitan Statistical Area)",2,  RPPs: Goods,105.028
47460,"Walla Walla, WA (Metropolitan Statistical Area)",3,  RPPs: Services: Housing,86.579
47460,"Walla Walla, WA (Metropolitan Statistical Area)",4,  RPPs: Services: Utilities,94.308
47460,"Walla Walla, WA (Metropolitan Statistical Area)",5,  RPPs: Services: Other,99.472
47580,"Warner Robins, GA (Metropolitan Statistical Area)",1,RPPs: All items,93.789
47580,"Warner Robins, GA (Metropolitan Statistical Area)",2,  RPPs: Goods,96.269
47580,"Warner Robins, GA (Metropolitan Statistical Area)",3,  RPPs: Services: Housing,79.172
47580,"Warner Robins, GA (Metropolitan Statistical Area)",4,  RPPs: Services: Utilities,88.135
47580,"Warner Robins, GA (Metropolitan Statistical Area)",5,  RPPs: Services: Other,98.667
47900,"Washington-Arlington-Alexandria, DC-VA-MD-WV (Metropolitan Statistical Area)",1,RPPs: All items,108.884
47900,"Washington-Arlington-Alexandria, DC-VA-MD-WV (Metropolitan Statistical Area)",2,  RPPs: Goods,104.847
47900,"Washington-Arlington-Alexandria, DC-VA-MD-WV (Metropolitan Statistical Area)",3,  RPPs: Services: Housing,151.134
47900,"Washington-Arlington-Alexandria, DC-VA-MD-WV (Metropolitan Statistical Area)",4,  RPPs: Services: Utilities,106.7
47900,"Washington-Arlington-Alexandria, DC-VA-MD-WV (Metropolitan Statistical Area)",5,  RPPs: Services: Other,102.321
47930,"Waterbury-Shelton, CT (Metropolitan Statistical Area)",1,RPPs: All items,99.778
47930,"Waterbury-Shelton, CT (Metropolitan Statistical Area)",2,  RPPs: Goods,97.33
47930,"Waterbury-Shelton, CT (Metropolitan Statistical Area)",3,  RPPs: Services: Housing,89.111
47930,"Waterbury-Shelton, CT (Metropolitan Statistical Area)",4,  RPPs: Services: Utilities,147.562
47930,"Waterbury-Shelton, CT (Metropolitan Statistical Area)",5,  RPPs: Services: Other,102.658
47940,"Waterloo-Cedar Falls, IA (Metropolitan Statistical Area)",1,RPPs: All items,87.057
47940,"Waterloo-Cedar Falls, IA (Metropolitan Statistical Area)",2,  RPPs: Goods,93.73
47940,"Waterloo-Cedar Falls, IA (Metropolitan Statistical Area)",3,  RPPs: Services: Housing,63.13
47940,"Waterloo-Cedar Falls, IA (Metropolitan Statistical Area)",4,  RPPs: Services: Utilities,83.652
47940,"Waterloo-Cedar Falls, IA (Metropolitan Statistical Area)",5,  RPPs: Services: Other,92.927
48060,"Watertown-Fort Drum, NY (Metropolitan Statistical Area)",1,RPPs: All items,87.69
48060,"Watertown-Fort Drum, NY (Metropolitan Statistical Area)",2,  RPPs: Goods,99.693
48060,"Watertown-Fort Drum, NY (Metropolitan Statistical Area)",3,  RPPs: Services: Housing,53.185
48060,"Watertown-Fort Drum, NY (Metropolitan Statistical Area)",4,  RPPs: Services: Utilities,132.18
48060,"Watertown-Fort Drum, NY (Metropolitan Statistical Area)",5,  RPPs: Services: Other,97.754
48140,"Wausau, WI (Metropolitan Statistical Area)",1,RPPs: All items,92.651
48140,"Wausau, WI (Metropolitan Statistical Area)",2,  RPPs: Goods,93.787
48140,"Wausau, WI (Metropolitan Statistical Area)",3,  RPPs: Services: Housing,71.464
48140,"Wausau, WI (Metropolitan Statistical Area)",4,  RPPs: Services: Utilities,89.981
48140,"Wausau, WI (Metropolitan Statistical Area)",5,  RPPs: Services: Other,99.411
48260,"Weirton-Steubenville, WV-OH (Metropolitan Statistical Area)",1,RPPs: All items,89.024
48260,"Weirton-Steubenville, WV-OH (Metropolitan Statistical Area)",2,  RPPs: Goods,96.446
48260,"Weirton-Steubenville, WV-OH (Metropolitan Statistical Area)",3,  RPPs: Services: Housing,52.383
48260,"Weirton-Steubenville, WV-OH (Metropolitan Statistical Area)",4,  RPPs: Services: Utilities,94.991
48260,"Weirton-Steubenville, WV-OH (Metropolitan Statistical Area)",5,  RPPs: Services: Other,99.651
48300,"Wenatchee-East Wenatchee, WA (Metropolitan Statistical Area)",1,RPPs: All items,103.855
48300,"Wenatchee-East Wenatchee, WA (Metropolitan Statistical Area)",2,  RPPs: Goods,105.028
48300,"Wenatchee-East Wenatchee, WA (Metropolitan Statistical Area)",3,  RPPs: Services: Housing,114.958
48300,"Wenatchee-East Wenatchee, WA (Metropolitan Statistical Area)",4,  RPPs: Services: Utilities,100.591
48300,"Wenatchee-East Wenatchee, WA (Metropolitan Statistical Area)",5,  RPPs: Services: Other,99.472
48540,"Wheeling, WV-OH (Metropolitan Statistical Area)",1,RPPs: All items,88.323
48540,"Wheeling, WV-OH (Metropolitan Statistical Area)",2,  RPPs: Goods,96.42
48540,"Wheeling, WV-OH (Metropolitan Statistical Area)",3,  RPPs: Services: Housing,51.443
48540,"Wheeling, WV-OH (Metropolitan Statistical Area)",4,  RPPs: Services: Utilities,94.892
48540,"Wheeling, WV-OH (Metropolitan Statistical Area)",5,  RPPs: Services: Other,99.675
48620,"Wichita, KS (Metropolitan Statistical Area)",1,RPPs: All items,88.946
48620,"Wichita, KS (Metropolitan Statistical Area)",2,  RPPs: Goods,94.027
48620,"Wichita, KS (Metropolitan Statistical Area)",3,  RPPs: Services: Housing,66.245
48620,"Wichita, KS (Metropolitan Statistical Area)",4,  RPPs: Services: Utilities,88.459
48620,"Wichita, KS (Metropolitan Statistical Area)",5,  RPPs: Services: Other,93.816
48660,"Wichita Falls, TX (Metropolitan Statistical Area)",1,RPPs: All items,89.513
48660,"Wichita Falls, TX (Metropolitan Statistical Area)",2,  RPPs: Goods,93.757
48660,"Wichita Falls, TX (Metropolitan Statistical Area)",3,  RPPs: Services: Housing,68.208
48660,"Wichita Falls, TX (Metropolitan Statistical Area)",4,  RPPs: Services: Utilities,84.092
48660,"Wichita Falls, TX (Metropolitan Statistical Area)",5,  RPPs: Services: Other,96.24
48680,"Wildwood-The Villages, FL (Metropolitan Statistical Area)",1,RPPs: All items,85.424
48680,"Wildwood-The Villages, FL (Metropolitan Statistical Area)",2,  RPPs: Goods,96.24
48680,"Wildwood-The Villages, FL (Metropolitan Statistical Area)",3,  RPPs: Services: Housing,51.733
48680,"Wildwood-The Villages, FL (Metropolitan Statistical Area)",4,  RPPs: Services: Utilities,88.996
48680,"Wildwood-The Villages, FL (Metropolitan Statistical Area)",5,  RPPs: Services: Other,98.864
48700,"Williamsport, PA (Metropolitan Statistical Area)",1,RPPs: All items,92.35
48700,"Williamsport, PA (Metropolitan Statistical Area)",2,  RPPs: Goods,100.684
48700,"Williamsport, PA (Metropolitan Statistical Area)",3,  RPPs: Services: Housing,64.392
48700,"Williamsport, PA (Metropolitan Statistical Area)",4,  RPPs: Services: Utilities,107.451
48700,"Williamsport, PA (Metropolitan Statistical Area)",5,  RPPs: Services: Other,97.726
48900,"Wilmington, NC (Metropolitan Statistical Area)",1,RPPs: All items,96.422
48900,"Wilmington, NC (Metropolitan Statistical Area)",2,  RPPs: Goods,96.621
48900,"Wilmington, NC (Metropolitan Statistical Area)",3,  RPPs: Services: Housing,93.215
48900,"Wilmington, NC (Metropolitan Statistical Area)",4,  RPPs: Services: Utilities,87.902
48900,"Wilmington, NC (Metropolitan Statistical Area)",5,  RPPs: Services: Other,98.186
49020,"Winchester, VA-WV (Metropolitan Statistical Area)",1,RPPs: All items,96.45
49020,"Winchester, VA-WV (Metropolitan Statistical Area)",2,  RPPs: Goods,96.699
49020,"Winchester, VA-WV (Metropolitan Statistical Area)",3,  RPPs: Services: Housing,90.009
49020,"Winchester, VA-WV (Metropolitan Statistical Area)",4,  RPPs: Services: Utilities,89.716
49020,"Winchester, VA-WV (Metropolitan Statistical Area)",5,  RPPs: Services: Other,98.797
49180,"Winston-Salem, NC (Metropolitan Statistical Area)",1,RPPs: All items,92.043
49180,"Winston-Salem, NC (Metropolitan Statistical Area)",2,  RPPs: Goods,96.621
49180,"Winston-Salem, NC (Metropolitan Statistical Area)",3,  RPPs: Services: Housing,71.377
49180,"Winston-Salem, NC (Metropolitan Statistical Area)",4,  RPPs: Services: Utilities,88.421
49180,"Winston-Salem, NC (Metropolitan Statistical Area)",5,  RPPs: Services: Other,98.186
49340,"Worcester, MA (Metropolitan Statistical Area)",1,RPPs: All items,102.523
49340,"Worcester, MA (Metropolitan Statistical Area)",2,  RPPs: Goods,97.015
49340,"Worcester, MA (Metropolitan Statistical Area)",3,  RPPs: Services: Housing,113.001
49340,"Worcester, MA (Metropolitan Statistical Area)",4,  RPPs: Services: Utilities,155.206
49340,"Worcester, MA (Metropolitan Statistical Area)",5,  RPPs: Services: Other,101.197
49420,"Yakima, WA (Metropolitan Statistical Area)",1,RPPs: All items,95.545
49420,"Yakima, WA (Metropolitan Statistical Area)",2,  RPPs: Goods,105.028
49420,"Yakima, WA (Metropolitan Statistical Area)",3,  RPPs: Services: Housing,72.628
49420,"Yakima, WA (Metropolitan Statistical Area)",4,  RPPs: Services: Utilities,91.901
49420,"Yakima, WA (Metropolitan Statistical Area)",5,  RPPs: Services: Other,99.472
49620,"York-Hanover, PA (Metropolitan Statistical Area)",1,RPPs: All items,96
49620,"York-Hanover, PA (Metropolitan Statistical Area)",2,  RPPs: Goods,100.684
49620,"York-Hanover, PA (Metropolitan Statistical Area)",3,  RPPs: Services: Housing,79.762
49620,"York-Hanover, PA (Metropolitan Statistical Area)",4,  RPPs: Services: Utilities,107.011
49620,"York-Hanover, PA (Metropolitan Statistical Area)",5,  RPPs: Services: Other,97.726
49660,"Youngstown-Warren, OH (Metropolitan Statistical Area)",1,RPPs: All items,87.394
49660,"Youngstown-Warren, OH (Metropolitan Statistical Area)",2,  RPPs: Goods,93.628
49660,"Youngstown-Warren, OH (Metropolitan Statistical Area)",3,  RPPs: Services: Housing,53.448
49660,"Youngstown-Warren, OH (Metropolitan Statistical Area)",4,  RPPs: Services: Utilities,96.292
49660,"Youngstown-Warren, OH (Metropolitan Statistical Area)",5,  RPPs: Services: Other,98.939
49700,"Yuba City, CA (Metropolitan Statistical Area)",1,RPPs: All items,104.233
49700,"Yuba City, CA (Metropolitan Statistical Area)",2,  RPPs: Goods,105.168
49700,"Yuba City, CA (Metropolitan Statistical Area)",3,  RPPs: Services: Housing,108.279
49700,"Yuba City, CA (Metropolitan Statistical Area)",4,  RPPs: Services: Utilities,160.771
49700,"Yuba City, CA (Metropolitan Statistical Area)",5,  RPPs: Services: Other,100.267
49740,"Yuma, AZ (Metropolitan Statistical Area)",1,RPPs: All items,92.706
49740,"Yuma, AZ (Metropolitan Statistical Area)",2,  RPPs: Goods,96.237
49740,"Yuma, AZ (Metropolitan Statistical Area)",3,  RPPs: Services: Housing,73.776
49740,"Yuma, AZ (Metropolitan Statistical Area)",4,  RPPs: Services: Utilities,87.834
49740,"Yuma, AZ (Metropolitan Statistical Area)",5,  RPPs: Services: Other,99.838