,,,,Monthly,,,,,,,,Annual,,,,,,,,Rankings,,,,
case_id,State abv.,Areaname,Family,Housing,Food,Transportation,Healthcare,Other Necessities ,Childcare,Taxes,Total,Housing,Food,Transportation,Healthcare,Other Necessities ,Childcare,Taxes,Total,median_family_income,top100,top100_cost_rank,top100_med_aff_rank,top100_med_faminc_rank
3144,TX,"Abilene, TX MSA",1p0c,944,323,1058,561,393,0,606,3885,11328,3877,12691,6730,4721,0,7277,46623,81872.07127,0,,,
3144,TX,"Abilene, TX MSA",1p1c,1207,474,1270,882,522,578,641,5574,14484,5685,15240,10587,6262,6935,7693,66887,81872.07127,0,,,
3144,TX,"Abilene, TX MSA",1p2c,1207,699,1387,1204,592,1125,760,6973,14484,8384,16647,14444,7100,13505,9114,83678,81872.07127,0,,,
3144,TX,"Abilene, TX MSA",1p3c,1571,931,1535,1525,777,1294,1111,8744,18852,11171,18421,18301,9321,15527,13330,104923,81872.07127,0,,,
3144,TX,"Abilene, TX MSA",1p4c,1571,1140,1597,1600,842,1294,1295,9339,18852,13677,19166,19205,10099,15527,15539,112066,81872.07127,0,,,
3144,TX,"Abilene, TX MSA",2p0c,950,592,1221,1122,479,0,676,5040,11400,7108,14656,13460,5746,0,8108,60479,81872.07127,0,,,
3144,TX,"Abilene, TX MSA",2p1c,1207,735,1333,1443,603,578,778,6677,14484,8819,15997,17317,7235,6935,9338,80125,81872.07127,0,,,
3144,TX,"Abilene, TX MSA",2p2c,1207,935,1477,1765,665,1125,817,7990,14484,11215,17719,21174,7979,13505,9807,95883,81872.07127,0,,,
3144,TX,"Abilene, TX MSA",2p3c,1571,1140,1536,2086,842,1294,995,9463,18852,13682,18426,25031,10101,15527,11943,113561,81872.07127,0,,,
3144,TX,"Abilene, TX MSA",2p4c,1571,1396,1583,2161,921,1294,1149,10075,18852,16747,18997,25935,11052,15527,13784,120894,81872.07127,0,,,
3145,OH,"Akron, OH MSA",1p0c,799,374,1006,442,364,0,612,3597,9588,4492,12069,5300,4372,0,7344,43164,93193.34254,1,70,49,69
3145,OH,"Akron, OH MSA",1p1c,1131,549,1238,691,522,1176,924,6231,13572,6587,14854,8297,6259,14113,11092,74775,93193.34254,1,70,49,69
3145,OH,"Akron, OH MSA",1p2c,1131,810,1423,941,603,1937,1292,8135,13572,9714,17071,11294,7230,23238,15499,97618,93193.34254,1,70,49,69
3145,OH,"Akron, OH MSA",1p3c,1398,1079,1511,1191,769,2171,1694,9812,16776,12944,18135,14291,9227,26046,20326,117746,93193.34254,1,70,49,69
3145,OH,"Akron, OH MSA",1p4c,1398,1321,1574,1256,844,2171,1927,10490,16776,15848,18890,15067,10129,26046,23126,125883,93193.34254,1,70,49,69
3145,OH,"Akron, OH MSA",2p0c,880,686,1193,883,486,0,722,4851,10560,8236,14319,10600,5836,0,8659,58209,93193.34254,1,70,49,69
3145,OH,"Akron, OH MSA",2p1c,1131,852,1372,1133,616,1176,1068,7348,13572,10219,16467,13597,7386,14113,12817,88172,93193.34254,1,70,49,69
3145,OH,"Akron, OH MSA",2p2c,1131,1083,1457,1383,687,1937,1220,8898,13572,12995,17480,16594,8248,23238,14642,106771,93193.34254,1,70,49,69
3145,OH,"Akron, OH MSA",2p3c,1398,1321,1516,1633,844,2171,1481,10364,16776,15853,18196,19591,10130,26046,17770,124364,93193.34254,1,70,49,69
3145,OH,"Akron, OH MSA",2p4c,1398,1617,1564,1697,936,2171,1702,11085,16776,19404,18770,20368,11233,26046,20424,133020,93193.34254,1,70,49,69
3146,GA,"Albany, GA MSA",1p0c,926,340,1050,446,393,0,790,3944,11112,4077,12596,5350,4716,0,9478,47328,67308.38962,0,,,
3146,GA,"Albany, GA MSA",1p1c,1080,498,1255,698,490,621,850,5493,12960,5978,15057,8380,5880,7452,10203,65910,67308.38962,0,,,
3146,GA,"Albany, GA MSA",1p2c,1080,735,1374,951,563,961,919,6582,12960,8815,16484,11411,6761,11526,11029,78986,67308.38962,0,,,
3146,GA,"Albany, GA MSA",1p3c,1461,979,1461,1203,758,1065,1287,8214,17532,11747,17532,14441,9090,12780,15440,98562,67308.38962,0,,,
3146,GA,"Albany, GA MSA",1p4c,1461,1199,1525,1270,826,1065,1496,8841,17532,14382,18300,15244,9908,12780,17949,106095,67308.38962,0,,,
3146,GA,"Albany, GA MSA",2p0c,952,623,1203,892,489,0,872,5030,11424,7474,14441,10699,5867,0,10458,60364,67308.38962,0,,,
3146,GA,"Albany, GA MSA",2p1c,1080,773,1316,1144,575,621,995,6505,12960,9273,15796,13730,6903,7452,11942,78056,67308.38962,0,,,
3146,GA,"Albany, GA MSA",2p2c,1080,983,1399,1397,640,961,982,7441,12960,11793,16786,16760,7685,11526,11786,89296,67308.38962,0,,,
3146,GA,"Albany, GA MSA",2p3c,1461,1199,1459,1649,826,1065,1167,8826,17532,14387,17510,19791,9910,12780,14004,105913,67308.38962,0,,,
3146,GA,"Albany, GA MSA",2p4c,1461,1467,1577,1716,909,1065,1391,9587,17532,17609,18923,20594,10910,12780,16689,115038,67308.38962,0,,,
3147,OR,"Albany, OR MSA",1p0c,1000,352,1114,513,420,0,1001,4400,12000,4223,13371,6152,5037,0,12012,52795,87508,0,,,
3147,OR,"Albany, OR MSA",1p1c,1459,516,1359,772,613,885,1483,7088,17508,6193,16308,9264,7358,10620,17798,85050,87508,0,,,
3147,OR,"Albany, OR MSA",1p2c,1459,761,1556,1031,689,1273,1796,8566,17508,9132,18668,12376,8271,15280,21556,102792,87508,0,,,
3147,OR,"Albany, OR MSA",1p3c,1957,1014,1653,1291,922,1393,2459,10690,23484,12169,19840,15488,11069,16714,29512,128277,87508,0,,,
3147,OR,"Albany, OR MSA",1p4c,1957,1242,1723,1340,993,1393,2699,11346,23484,14899,20678,16078,11917,16714,32385,136155,87508,0,,,
3147,OR,"Albany, OR MSA",2p0c,1203,645,1295,1025,574,0,1225,5967,14436,7743,15534,12305,6886,0,14698,71600,87508,0,,,
3147,OR,"Albany, OR MSA",2p1c,1459,801,1484,1285,702,885,1637,8252,17508,9607,17805,15417,8418,10620,19648,99024,87508,0,,,
3147,OR,"Albany, OR MSA",2p2c,1459,1018,1576,1544,769,1273,1755,9395,17508,12217,18909,18529,9229,15280,21063,112735,87508,0,,,
3147,OR,"Albany, OR MSA",2p3c,1957,1242,1641,1803,993,1393,2269,11298,23484,14904,19695,21641,11918,16714,27224,135580,87508,0,,,
3147,OR,"Albany, OR MSA",2p4c,1957,1520,1694,1853,1080,1393,2525,12021,23484,18242,20330,22231,12955,16714,30294,144250,87508,0,,,
3148,NY,"Albany-Schenectady-Troy, NY MSA",1p0c,1074,376,1066,585,450,0,924,4475,12888,4516,12794,7019,5403,0,11084,53704,113719.3214,1,25,62,23
3148,NY,"Albany-Schenectady-Troy, NY MSA",1p1c,1487,552,1322,982,633,1280,1568,7825,17844,6622,15868,11788,7596,15364,18816,93898,113719.3214,1,25,62,23
3148,NY,"Albany-Schenectady-Troy, NY MSA",1p2c,1487,814,1453,1022,714,2398,2133,10021,17844,9764,17437,12266,8572,28773,25596,120253,113719.3214,1,25,62,23
3148,NY,"Albany-Schenectady-Troy, NY MSA",1p3c,1792,1084,1602,1062,893,2742,2668,11843,21504,13011,19227,12744,10716,32899,32018,142120,113719.3214,1,25,62,23
3148,NY,"Albany-Schenectady-Troy, NY MSA",1p4c,1792,1328,1665,1102,969,2742,2941,12537,21504,15930,19983,13222,11622,32899,35288,150449,113719.3214,1,25,62,23
3148,NY,"Albany-Schenectady-Troy, NY MSA",2p0c,1230,690,1275,1170,596,0,1111,6071,14760,8279,15297,14037,7153,0,13326,72852,113719.3214,1,25,62,23
3148,NY,"Albany-Schenectady-Troy, NY MSA",2p1c,1487,856,1399,1644,727,1280,1592,8986,17844,10272,16791,19726,8729,15364,19101,107828,113719.3214,1,25,62,23
3148,NY,"Albany-Schenectady-Troy, NY MSA",2p2c,1487,1089,1544,1684,800,2398,2073,11073,17844,13062,18526,20204,9596,28773,24876,132881,113719.3214,1,25,62,23
3148,NY,"Albany-Schenectady-Troy, NY MSA",2p3c,1792,1328,1603,1724,969,2742,2458,12615,21504,15936,19241,20682,11624,32899,29495,151381,113719.3214,1,25,62,23
3148,NY,"Albany-Schenectady-Troy, NY MSA",2p4c,1792,1625,1650,1763,1061,2742,2733,13366,21504,19505,19801,21161,12732,32899,32790,160391,113719.3214,1,25,62,23
3149,NM,"Albuquerque, NM MSA",1p0c,913,341,986,445,389,0,683,3757,10956,4096,11828,5340,4673,0,8194,45087,84246.3295,1,76,20,90
3149,NM,"Albuquerque, NM MSA",1p1c,1331,501,1197,707,569,933,954,6191,15972,6006,14367,8482,6824,11192,11451,74294,84246.3295,1,76,20,90
3149,NM,"Albuquerque, NM MSA",1p2c,1331,738,1372,969,642,1698,1341,8091,15972,8857,16468,11625,7709,20373,16094,97097,84246.3295,1,76,20,90
3149,NM,"Albuquerque, NM MSA",1p3c,1865,984,1458,1231,884,1933,1950,10304,22380,11802,17490,14767,10613,23197,23399,123648,84246.3295,1,76,20,90
3149,NM,"Albuquerque, NM MSA",1p4c,1865,1204,1519,1306,953,1933,2170,10950,22380,14450,18222,15670,11435,23197,26042,131396,84246.3295,1,76,20,90
3149,NM,"Albuquerque, NM MSA",2p0c,1084,626,1155,890,531,0,774,5060,13008,7509,13859,10680,6370,0,9291,60718,84246.3295,1,76,20,90
3149,NM,"Albuquerque, NM MSA",2p1c,1331,776,1325,1152,654,933,1101,7272,15972,9317,15901,13823,7852,11192,13207,87263,84246.3295,1,76,20,90
3149,NM,"Albuquerque, NM MSA",2p2c,1331,987,1407,1414,720,1698,1251,8807,15972,11849,16878,16965,8638,20373,15012,105685,84246.3295,1,76,20,90
3149,NM,"Albuquerque, NM MSA",2p3c,1865,1205,1465,1676,953,1933,1693,10789,22380,14455,17575,20107,11436,23197,20313,129463,84246.3295,1,76,20,90
3149,NM,"Albuquerque, NM MSA",2p4c,1865,1474,1512,1751,1037,1933,1912,11484,22380,17693,18138,21011,12441,23197,22944,137804,84246.3295,1,76,20,90
3150,LA,"Alexandria, LA MSA",1p0c,710,333,1079,525,324,0,661,3631,8520,3995,12947,6294,3886,0,7928,43569,69718.17134,0,,,
3150,LA,"Alexandria, LA MSA",1p1c,1000,488,1302,824,462,733,843,5653,12000,5858,15629,9890,5544,8796,10117,67835,69718.17134,0,,,
3150,LA,"Alexandria, LA MSA",1p2c,1000,720,1429,1124,534,1399,1156,7362,12000,8639,17151,13486,6408,16789,13871,88343,69718.17134,0,,,
3150,LA,"Alexandria, LA MSA",1p3c,1354,959,1521,1424,718,1604,1638,9217,16248,11511,18249,17082,8618,19248,19650,110605,69718.17134,0,,,
3150,LA,"Alexandria, LA MSA",1p4c,1354,1174,1656,1496,785,1604,1917,9987,16248,14093,19871,17954,9420,19248,23007,119842,69718.17134,0,,,
3150,LA,"Alexandria, LA MSA",2p0c,762,610,1251,1049,426,0,762,4861,9144,7324,15017,12588,5113,0,9140,58326,69718.17134,0,,,
3150,LA,"Alexandria, LA MSA",2p1c,1000,757,1371,1349,546,733,979,6734,12000,9087,16449,16184,6547,8796,11747,80810,69718.17134,0,,,
3150,LA,"Alexandria, LA MSA",2p2c,1000,963,1456,1648,610,1399,1101,8177,12000,11556,17476,19780,7314,16789,13210,98125,69718.17134,0,,,
3150,LA,"Alexandria, LA MSA",2p3c,1354,1175,1587,1948,785,1604,1423,9876,16248,14098,19045,23376,9422,19248,17074,118510,69718.17134,0,,,
3150,LA,"Alexandria, LA MSA",2p4c,1354,1438,1640,2021,867,1604,1636,10559,16248,17256,19679,24248,10402,19248,19630,126711,69718.17134,0,,,
3151,PA,"Allentown-Bethlehem-Easton, PA HUD Metro FMR Area",1p0c,1033,371,1004,442,436,0,764,4049,12396,4448,12053,5298,5230,0,9167,48593,97987.39059,1,58,52,59
3151,PA,"Allentown-Bethlehem-Easton, PA HUD Metro FMR Area",1p1c,1507,544,1293,701,637,900,1114,6695,18084,6523,15514,8416,7640,10798,13368,80343,97987.39059,1,58,52,59
3151,PA,"Allentown-Bethlehem-Easton, PA HUD Metro FMR Area",1p2c,1507,802,1420,961,717,1781,1547,8734,18084,9619,17042,11534,8601,21367,18560,104807,97987.39059,1,58,52,59
3151,PA,"Allentown-Bethlehem-Easton, PA HUD Metro FMR Area",1p3c,1924,1068,1507,1221,929,2052,2090,10790,23088,12818,18080,14651,11148,24620,25075,129480,97987.39059,1,58,52,59
3151,PA,"Allentown-Bethlehem-Easton, PA HUD Metro FMR Area",1p4c,1924,1308,1568,1288,1003,2052,2309,11452,23088,15693,18812,15454,12041,24620,27713,137421,97987.39059,1,58,52,59
3151,PA,"Allentown-Bethlehem-Easton, PA HUD Metro FMR Area",2p0c,1213,680,1245,883,588,0,949,5558,14556,8156,14942,10597,7051,0,11393,66695,97987.39059,1,58,52,59
3151,PA,"Allentown-Bethlehem-Easton, PA HUD Metro FMR Area",2p1c,1507,843,1367,1143,730,900,1219,7708,18084,10119,16399,13715,8756,10798,14627,92498,97987.39059,1,58,52,59
3151,PA,"Allentown-Bethlehem-Easton, PA HUD Metro FMR Area",2p2c,1507,1072,1449,1403,801,1781,1450,9463,18084,12868,17385,16832,9610,21367,17403,113550,97987.39059,1,58,52,59
3151,PA,"Allentown-Bethlehem-Easton, PA HUD Metro FMR Area",2p3c,1924,1308,1506,1663,1004,2052,1848,11305,23088,15699,18077,19950,12042,24620,22178,135654,97987.39059,1,58,52,59
3151,PA,"Allentown-Bethlehem-Easton, PA HUD Metro FMR Area",2p4c,1924,1601,1617,1729,1095,2052,2126,12143,23088,19215,19404,20752,13134,24620,25508,145721,97987.39059,1,58,52,59
3152,NJ,"Warren County, NJ HUD Metro FMR Area",1p0c,1385,370,1155,487,545,0,946,4888,16620,4442,13855,5848,6539,0,11355,58660,118994,0,,,
3152,NJ,"Warren County, NJ HUD Metro FMR Area",1p1c,1686,543,1443,754,692,1408,1421,7947,20232,6514,17318,9050,8304,16895,17055,95367,118994,0,,,
3152,NJ,"Warren County, NJ HUD Metro FMR Area",1p2c,1686,801,1589,1021,772,2106,1882,9857,20232,9606,19068,12252,9264,25275,22582,118279,118994,0,,,
3152,NJ,"Warren County, NJ HUD Metro FMR Area",1p3c,2159,1067,1752,1288,1002,2321,2538,12126,25908,12800,21025,15453,12018,27854,30452,145511,118994,0,,,
3152,NJ,"Warren County, NJ HUD Metro FMR Area",1p4c,2159,1306,1822,1356,1076,2321,2775,12814,25908,15672,21858,16266,12909,27854,33296,153763,118994,0,,,
3152,NJ,"Warren County, NJ HUD Metro FMR Area",2p0c,1392,679,1391,975,643,0,974,6054,16704,8144,16690,11697,7715,0,11692,72642,118994,0,,,
3152,NJ,"Warren County, NJ HUD Metro FMR Area",2p1c,1686,842,1529,1242,785,1408,1432,8923,20232,10105,18349,14898,9419,16895,17181,107079,118994,0,,,
3152,NJ,"Warren County, NJ HUD Metro FMR Area",2p2c,1686,1071,1687,1508,856,2106,1793,10707,20232,12851,20238,18100,10271,25275,21517,128484,118994,0,,,
3152,NJ,"Warren County, NJ HUD Metro FMR Area",2p3c,2159,1306,1752,1775,1076,2321,2311,12700,25908,15677,21018,21302,12911,27854,27734,152404,118994,0,,,
3152,NJ,"Warren County, NJ HUD Metro FMR Area",2p4c,2159,1599,1802,1843,1167,2321,2578,13469,25908,19189,21626,22115,14001,27854,30932,161625,118994,0,,,
3153,PA,"Altoona, PA MSA",1p0c,728,339,1009,347,331,0,608,3363,8736,4073,12108,4166,3977,0,7291,40352,83069,0,,,
3153,PA,"Altoona, PA MSA",1p1c,1062,498,1222,551,484,864,789,5471,12744,5973,14668,6606,5811,10373,9473,65648,83069,0,,,
3153,PA,"Altoona, PA MSA",1p2c,1062,734,1341,754,558,1536,977,6961,12744,8808,16091,9046,6691,18426,11720,83527,83069,0,,,
3153,PA,"Altoona, PA MSA",1p3c,1337,978,1487,957,719,1742,1307,8527,16044,11737,17843,11486,8625,20904,15684,102322,83069,0,,,
3153,PA,"Altoona, PA MSA",1p4c,1337,1197,1550,1017,787,1742,1519,9149,16044,14369,18599,12205,9443,20904,18222,109787,83069,0,,,
3153,PA,"Altoona, PA MSA",2p0c,882,622,1172,694,467,0,724,4562,10584,7468,14068,8332,5604,0,8683,54739,83069,0,,,
3153,PA,"Altoona, PA MSA",2p1c,1062,772,1285,898,569,864,913,6363,12744,9265,15416,10772,6833,10373,10950,76353,83069,0,,,
3153,PA,"Altoona, PA MSA",2p2c,1062,982,1426,1101,635,1536,1008,7749,12744,11783,17111,13212,7615,18426,12097,92988,83069,0,,,
3153,PA,"Altoona, PA MSA",2p3c,1337,1198,1485,1304,787,1742,1156,9010,16044,14374,17823,15652,9444,20904,13876,108117,83069,0,,,
3153,PA,"Altoona, PA MSA",2p4c,1337,1466,1534,1364,870,1742,1342,9655,16044,17594,18402,16372,10444,20904,16103,115862,83069,0,,,
3154,TX,"Amarillo, TX HUD Metro FMR Area",1p0c,813,332,1054,497,356,0,551,3603,9756,3989,12651,5958,4268,0,6610,43232,85133.23392,0,,,
3154,TX,"Amarillo, TX HUD Metro FMR Area",1p1c,1158,488,1283,779,511,689,635,5543,13896,5850,15394,9353,6131,8273,7621,66517,85133.23392,0,,,
3154,TX,"Amarillo, TX HUD Metro FMR Area",1p2c,1158,719,1466,1062,583,1343,800,7132,13896,8627,17597,12747,6993,16121,9599,85579,85133.23392,0,,,
3154,TX,"Amarillo, TX HUD Metro FMR Area",1p3c,1592,958,1553,1345,792,1545,1178,8962,19104,11495,18630,16142,9500,18536,14139,107546,85133.23392,0,,,
3154,TX,"Amarillo, TX HUD Metro FMR Area",1p4c,1592,1173,1614,1416,858,1545,1364,9561,19104,14074,19362,16990,10301,18536,16369,114735,85133.23392,0,,,
3154,TX,"Amarillo, TX HUD Metro FMR Area",2p0c,952,610,1237,993,485,0,654,4930,11424,7314,14841,11916,5818,0,7849,59162,85133.23392,0,,,
3154,TX,"Amarillo, TX HUD Metro FMR Area",2p1c,1158,756,1415,1276,594,689,776,6665,13896,9075,16981,15311,7132,8273,9309,79976,85133.23392,0,,,
3154,TX,"Amarillo, TX HUD Metro FMR Area",2p2c,1158,962,1497,1559,658,1343,818,7995,13896,11540,17966,18705,7897,16121,9819,95945,85133.23392,0,,,
3154,TX,"Amarillo, TX HUD Metro FMR Area",2p3c,1592,1173,1555,1842,859,1545,1027,9592,19104,14079,18662,22100,10302,18536,12327,115109,85133.23392,0,,,
3154,TX,"Amarillo, TX HUD Metro FMR Area",2p4c,1592,1436,1602,1912,940,1545,1183,10210,19104,17232,19218,22948,11281,18536,14199,122518,85133.23392,0,,,
3155,TX,"Oldham County, TX HUD Metro FMR Area",1p0c,781,342,1317,497,349,0,608,3893,9372,4108,15798,5958,4185,0,7295,46717,82981,0,,,
3155,TX,"Oldham County, TX HUD Metro FMR Area",1p1c,1113,502,1596,779,501,689,707,5888,13356,6024,19148,9353,6017,8273,8485,70656,82981,0,,,
3155,TX,"Oldham County, TX HUD Metro FMR Area",1p2c,1113,740,1818,1062,575,1343,931,7583,13356,8883,21820,12747,6904,16121,11169,91001,82981,0,,,
3155,TX,"Oldham County, TX HUD Metro FMR Area",1p3c,1387,986,1924,1345,737,1545,1241,9166,16644,11836,23093,16142,8842,18536,14894,109987,82981,0,,,
3155,TX,"Oldham County, TX HUD Metro FMR Area",1p4c,1387,1208,2000,1416,806,1545,1438,9799,16644,14492,24001,16990,9667,18536,17258,117587,82981,0,,,
3155,TX,"Oldham County, TX HUD Metro FMR Area",2p0c,915,628,1523,993,479,0,718,5256,10980,7531,18280,11916,5747,0,8619,63073,82981,0,,,
3155,TX,"Oldham County, TX HUD Metro FMR Area",2p1c,1113,779,1737,1276,587,689,847,7029,13356,9344,20845,15311,7048,8273,10167,84345,82981,0,,,
3155,TX,"Oldham County, TX HUD Metro FMR Area",2p2c,1113,990,1837,1559,653,1343,901,8396,13356,11883,22038,18705,7836,16121,10814,100753,82981,0,,,
3155,TX,"Oldham County, TX HUD Metro FMR Area",2p3c,1387,1208,1907,1842,806,1545,1070,9764,16644,14496,22884,22100,9668,18536,12842,117171,82981,0,,,
3155,TX,"Oldham County, TX HUD Metro FMR Area",2p4c,1387,1479,1963,1912,890,1545,1235,10411,16644,17744,23559,22948,10676,18536,14820,124927,82981,0,,,
3156,IA,"Ames, IA HUD Metro FMR Area",1p0c,875,361,1064,395,384,0,745,3824,10500,4327,12773,4740,4603,0,8944,45887,116208,0,,,
3156,IA,"Ames, IA HUD Metro FMR Area",1p1c,1056,529,1337,617,492,744,916,5691,12672,6345,16045,7402,5904,8929,10991,68289,116208,0,,,
3156,IA,"Ames, IA HUD Metro FMR Area",1p2c,1056,780,1476,839,570,1339,1207,7267,12672,9357,17710,10064,6839,16072,14485,87199,116208,0,,,
3156,IA,"Ames, IA HUD Metro FMR Area",1p3c,1476,1039,1568,1061,781,1523,1746,9193,17712,12468,18815,12726,9370,18270,20951,110313,116208,0,,,
3156,IA,"Ames, IA HUD Metro FMR Area",1p4c,1476,1272,1699,1122,853,1523,2037,9981,17712,15265,20383,13461,10238,18270,24439,119769,116208,0,,,
3156,IA,"Ames, IA HUD Metro FMR Area",2p0c,951,661,1290,790,501,0,836,5028,11412,7933,15481,9481,6006,0,10029,60341,116208,0,,,
3156,IA,"Ames, IA HUD Metro FMR Area",2p1c,1056,820,1423,1012,583,744,1034,6672,12672,9843,17072,12143,6990,8929,12412,80061,116208,0,,,
3156,IA,"Ames, IA HUD Metro FMR Area",2p2c,1056,1043,1510,1234,652,1339,1156,7990,12672,12517,18123,14805,7821,16072,13866,95875,116208,0,,,
3156,IA,"Ames, IA HUD Metro FMR Area",2p3c,1476,1273,1638,1456,853,1523,1496,9714,17712,15270,19650,17467,10240,18270,17952,116562,116208,0,,,
3156,IA,"Ames, IA HUD Metro FMR Area",2p4c,1476,1558,1687,1517,942,1523,1730,10431,17712,18691,20244,18202,11302,18270,20754,125174,116208,0,,,
3157,IA,"Boone County, IA HUD Metro FMR Area",1p0c,714,341,1148,391,328,0,693,3614,8568,4096,13778,4689,3932,0,8310,43373,100723,0,,,
3157,IA,"Boone County, IA HUD Metro FMR Area",1p1c,930,501,1477,610,444,711,880,5553,11160,6007,17727,7320,5330,8530,10560,66633,100723,0,,,
3157,IA,"Boone County, IA HUD Metro FMR Area",1p2c,930,738,1624,829,518,1280,1135,7054,11160,8858,19490,9951,6215,15354,13624,84652,100723,0,,,
3157,IA,"Boone County, IA HUD Metro FMR Area",1p3c,1303,984,1724,1049,710,1455,1612,8836,15636,11803,20692,12582,8519,17454,19341,106028,100723,0,,,
3157,IA,"Boone County, IA HUD Metro FMR Area",1p4c,1303,1204,1796,1109,778,1455,1863,9509,15636,14451,21546,13313,9341,17454,22360,114102,100723,0,,,
3157,IA,"Boone County, IA HUD Metro FMR Area",2p0c,719,626,1418,782,418,0,761,4723,8628,7510,17018,9378,5010,0,9126,56670,100723,0,,,
3157,IA,"Boone County, IA HUD Metro FMR Area",2p1c,930,777,1556,1001,530,711,990,6494,11160,9318,18677,12009,6358,8530,11875,77928,100723,0,,,
3157,IA,"Boone County, IA HUD Metro FMR Area",2p2c,930,987,1650,1220,595,1280,1098,7760,11160,11849,19803,14640,7144,15354,13171,93121,100723,0,,,
3157,IA,"Boone County, IA HUD Metro FMR Area",2p3c,1303,1205,1717,1439,779,1455,1346,9242,15636,14456,20598,17271,9343,17454,16150,110908,100723,0,,,
3157,IA,"Boone County, IA HUD Metro FMR Area",2p4c,1303,1475,1769,1500,862,1455,1561,9925,15636,17694,21230,18002,10348,17454,18737,119101,100723,0,,,
3158,AK,"Anchorage, AK HUD Metro FMR Area",1p0c,1089,428,1104,727,471,0,752,4571,13068,5135,13252,8720,5651,0,9021,54848,119109,0,,,
3158,AK,"Anchorage, AK HUD Metro FMR Area",1p1c,1563,628,1350,1157,680,1469,1328,8175,18756,7530,16204,13886,8161,17627,15933,98096,119109,0,,,
3158,AK,"Anchorage, AK HUD Metro FMR Area",1p2c,1563,925,1475,1588,773,2089,1710,10122,18756,11103,17697,19051,9270,25067,20515,121461,119109,0,,,
3158,AK,"Anchorage, AK HUD Metro FMR Area",1p3c,2190,1233,1619,2018,1063,2280,2371,12773,26280,14795,19422,24217,12753,27357,28456,153280,119109,0,,,
3158,AK,"Anchorage, AK HUD Metro FMR Area",1p4c,2190,1510,1678,2114,1149,2280,2558,13478,26280,18114,20134,25369,13783,27357,30698,161735,119109,0,,,
3158,AK,"Anchorage, AK HUD Metro FMR Area",2p0c,1191,785,1295,1453,613,0,914,6251,14292,9414,15536,17441,7360,0,10967,75009,119109,0,,,
3158,AK,"Anchorage, AK HUD Metro FMR Area",2p1c,1563,973,1413,1884,788,1469,1382,9472,18756,11680,16951,22606,9450,17627,16589,113659,119109,0,,,
3158,AK,"Anchorage, AK HUD Metro FMR Area",2p2c,1563,1238,1552,2314,870,2089,1660,11285,18756,14854,18618,27772,10435,25067,19917,135419,119109,0,,,
3158,AK,"Anchorage, AK HUD Metro FMR Area",2p3c,2190,1510,1607,2745,1149,2280,2207,13687,26280,18121,19288,32937,13785,27357,26478,164245,119109,0,,,
3158,AK,"Anchorage, AK HUD Metro FMR Area",2p4c,2190,1848,1651,2841,1254,2280,2455,14518,26280,22179,19811,34089,15045,27357,29458,174220,119109,0,,,
3159,AK,"Matanuska-Susitna Borough, AK HUD Metro FMR Area",1p0c,1019,443,1322,760,454,0,818,4816,12228,5319,15864,9116,5448,0,9821,57796,106547,0,,,
3159,AK,"Matanuska-Susitna Borough, AK HUD Metro FMR Area",1p1c,1384,650,1594,1210,632,1172,1240,7882,16608,7800,19130,14519,7578,14062,14883,94580,106547,0,,,
3159,AK,"Matanuska-Susitna Borough, AK HUD Metro FMR Area",1p2c,1384,959,1735,1660,727,1994,1731,10190,16608,11503,20820,19922,8728,23931,20775,122285,106547,0,,,
3159,AK,"Matanuska-Susitna Borough, AK HUD Metro FMR Area",1p3c,1939,1277,1897,2110,999,2247,2396,12865,23268,15327,22760,25324,11983,26967,28749,154379,106547,0,,,
3159,AK,"Matanuska-Susitna Borough, AK HUD Metro FMR Area",1p4c,1939,1564,1965,2209,1088,2247,2591,13602,23268,18766,23581,26505,13050,26967,31091,163229,106547,0,,,
3159,AK,"Matanuska-Susitna Borough, AK HUD Metro FMR Area",2p0c,1055,813,1510,1519,580,0,948,6425,12660,9752,18120,18233,6958,0,11378,77101,106547,0,,,
3159,AK,"Matanuska-Susitna Borough, AK HUD Metro FMR Area",2p1c,1384,1008,1641,1970,743,1172,1322,9240,16608,12100,19695,23635,8913,14062,15861,110875,106547,0,,,
3159,AK,"Matanuska-Susitna Borough, AK HUD Metro FMR Area",2p2c,1384,1282,1796,2420,828,1994,1693,11398,16608,15388,21552,29038,9934,23931,20321,136771,106547,0,,,
3159,AK,"Matanuska-Susitna Borough, AK HUD Metro FMR Area",2p3c,1939,1564,1859,2870,1088,2247,2244,13811,23268,18772,22311,34440,13052,26967,26922,165734,106547,0,,,
3159,AK,"Matanuska-Susitna Borough, AK HUD Metro FMR Area",2p4c,1939,1915,1909,2969,1197,2247,2502,14677,23268,22977,22906,35622,14358,26967,30028,176126,106547,0,,,
3160,MI,"Ann Arbor, MI MSA",1p0c,1327,382,1028,410,531,0,795,4471,15924,4581,12334,4914,6366,0,9537,53656,122207,0,,,
3160,MI,"Ann Arbor, MI MSA",1p1c,1607,560,1281,640,673,1138,1323,7222,19284,6717,15371,7679,8073,13655,15879,86659,122207,0,,,
3160,MI,"Ann Arbor, MI MSA",1p2c,1607,826,1409,870,755,2180,1871,9517,19284,9906,16907,10445,9063,26154,22448,114206,122207,0,,,
3160,MI,"Ann Arbor, MI MSA",1p3c,1936,1100,1555,1101,943,2500,2399,11534,23232,13199,18661,13210,11311,29999,28790,138403,122207,0,,,
3160,MI,"Ann Arbor, MI MSA",1p4c,1936,1347,1616,1163,1019,2500,2623,12205,23232,16161,19393,13958,12230,29999,31481,146454,122207,0,,,
3160,MI,"Ann Arbor, MI MSA",2p0c,1346,700,1239,819,635,0,1004,5743,16152,8398,14863,9827,7622,0,12051,68914,122207,0,,,
3160,MI,"Ann Arbor, MI MSA",2p1c,1607,868,1361,1049,769,1138,1358,8150,19284,10420,16329,12593,9222,13655,16299,97803,122207,0,,,
3160,MI,"Ann Arbor, MI MSA",2p2c,1607,1104,1503,1280,842,2180,1731,10246,19284,13251,18031,15358,10101,26154,20766,122946,122207,0,,,
3160,MI,"Ann Arbor, MI MSA",2p3c,1936,1347,1560,1510,1019,2500,2124,11997,23232,16166,18724,18124,12232,29999,25485,143962,122207,0,,,
3160,MI,"Ann Arbor, MI MSA",2p4c,1936,1649,1606,1573,1113,2500,2357,12733,23232,19787,19266,18872,13356,29999,28281,152793,122207,0,,,
3161,AL,"Anniston-Oxford-Jacksonville, AL MSA",1p0c,725,343,1076,456,332,0,699,3632,8700,4119,12916,5477,3980,0,8393,43585,71552,0,,,
3161,AL,"Anniston-Oxford-Jacksonville, AL MSA",1p1c,941,503,1296,678,448,581,788,5236,11292,6041,15552,8138,5381,6969,9459,62832,71552,0,,,
3161,AL,"Anniston-Oxford-Jacksonville, AL MSA",1p2c,941,742,1421,900,523,1098,929,6554,11292,8908,17049,10800,6271,13178,11144,78642,71552,0,,,
3161,AL,"Anniston-Oxford-Jacksonville, AL MSA",1p3c,1295,989,1511,1122,709,1257,1273,8156,15540,11870,18128,13462,8510,15088,15275,97873,71552,0,,,
3161,AL,"Anniston-Oxford-Jacksonville, AL MSA",1p4c,1295,1211,1645,1163,778,1257,1506,8855,15540,14532,19739,13954,9337,15088,18066,106256,71552,0,,,
3161,AL,"Anniston-Oxford-Jacksonville, AL MSA",2p0c,730,629,1246,913,422,0,801,4741,8760,7552,14949,10953,5064,0,9617,56895,71552,0,,,
3161,AL,"Anniston-Oxford-Jacksonville, AL MSA",2p1c,941,781,1364,1135,535,581,960,6295,11292,9370,16367,13615,6415,6969,11516,75545,71552,0,,,
3161,AL,"Anniston-Oxford-Jacksonville, AL MSA",2p2c,941,993,1449,1356,601,1098,1027,7465,11292,11916,17385,16277,7206,13178,12321,89574,71552,0,,,
3161,AL,"Anniston-Oxford-Jacksonville, AL MSA",2p3c,1295,1211,1579,1578,778,1257,1233,8933,15540,14537,18948,18939,9338,15088,14801,107192,71552,0,,,
3161,AL,"Anniston-Oxford-Jacksonville, AL MSA",2p4c,1295,1483,1632,1619,862,1257,1420,9569,15540,17793,19579,19430,10349,15088,17043,114823,71552,0,,,
3162,WI,"Appleton, WI MSA",1p0c,769,360,1106,444,351,0,705,3735,9228,4324,13267,5329,4208,0,8458,44814,104880.6549,0,,,
3162,WI,"Appleton, WI MSA",1p1c,1106,528,1423,695,507,1065,1097,6422,13272,6341,17071,8343,6089,12775,13169,77060,104880.6549,0,,,
3162,WI,"Appleton, WI MSA",1p2c,1106,779,1559,946,585,2002,1616,8595,13272,9351,18712,11357,7024,24029,19391,103136,104880.6549,0,,,
3162,WI,"Appleton, WI MSA",1p3c,1528,1038,1651,1198,797,2291,2232,10734,18336,12460,19809,14371,9561,27492,26782,128812,104880.6549,0,,,
3162,WI,"Appleton, WI MSA",1p4c,1528,1271,1784,1262,869,2291,2528,11533,18336,15256,21407,15149,10429,27492,30332,138401,104880.6549,0,,,
3162,WI,"Appleton, WI MSA",2p0c,866,661,1370,888,474,0,786,5046,10392,7928,16445,10658,5688,0,9437,60547,104880.6549,0,,,
3162,WI,"Appleton, WI MSA",2p1c,1106,820,1501,1139,598,1065,1154,7382,13272,9837,18008,13672,7175,12775,13843,88582,104880.6549,0,,,
3162,WI,"Appleton, WI MSA",2p2c,1106,1042,1587,1391,667,2002,1425,9221,13272,12509,19047,16686,8004,24029,17105,110653,104880.6549,0,,,
3162,WI,"Appleton, WI MSA",2p3c,1528,1272,1717,1642,869,2291,1953,11271,18336,15261,20602,19700,10431,27492,23435,135257,104880.6549,0,,,
3162,WI,"Appleton, WI MSA",2p4c,1528,1557,1766,1707,958,2291,2228,12034,18336,18679,21193,20478,11492,27492,26736,144406,104880.6549,0,,,
3163,NC,"Asheville, NC HUD Metro FMR Area",1p0c,1286,389,1035,530,520,0,998,4758,15432,4673,12416,6359,6242,0,11971,57093,87498.22448,0,,,
3163,NC,"Asheville, NC HUD Metro FMR Area",1p1c,1512,571,1270,833,647,803,1231,6867,18144,6852,15242,9993,7761,9631,14775,82399,87498.22448,0,,,
3163,NC,"Asheville, NC HUD Metro FMR Area",1p2c,1512,842,1461,1136,731,1462,1701,8844,18144,10105,17526,13628,8770,17544,20410,106126,87498.22448,0,,,
3163,NC,"Asheville, NC HUD Metro FMR Area",1p3c,1944,1122,1554,1439,952,1665,2315,10991,23328,13465,18649,17262,11423,19979,27783,131890,87498.22448,0,,,
3163,NC,"Asheville, NC HUD Metro FMR Area",1p4c,1944,1374,1621,1512,1030,1665,2595,11740,23328,16486,19452,18139,12361,19979,31138,140883,87498.22448,0,,,
3163,NC,"Asheville, NC HUD Metro FMR Area",2p0c,1347,714,1222,1060,640,0,1097,6079,16164,8567,14659,12717,7678,0,13158,72943,87498.22448,0,,,
3163,NC,"Asheville, NC HUD Metro FMR Area",2p1c,1512,886,1405,1363,744,803,1370,8083,18144,10630,16865,16352,8933,9631,16444,97000,87498.22448,0,,,
3163,NC,"Asheville, NC HUD Metro FMR Area",2p2c,1512,1127,1494,1666,819,1462,1615,9695,18144,13518,17931,19986,9830,17544,19385,116337,87498.22448,0,,,
3163,NC,"Asheville, NC HUD Metro FMR Area",2p3c,1944,1374,1557,1968,1030,1665,2117,11656,23328,16491,18688,23621,12363,19979,25399,139868,87498.22448,0,,,
3163,NC,"Asheville, NC HUD Metro FMR Area",2p4c,1944,1682,1608,2042,1126,1665,2408,12474,23328,20185,19300,24498,13510,19979,28892,149692,87498.22448,0,,,
3164,NC,"Haywood County, NC HUD Metro FMR Area",1p0c,987,362,1071,530,419,0,840,4209,11844,4339,12854,6359,5024,0,10085,50504,81941,0,,,
3164,NC,"Haywood County, NC HUD Metro FMR Area",1p1c,1223,530,1308,833,544,553,938,5929,14676,6362,15693,9993,6532,6633,11261,71151,81941,0,,,
3164,NC,"Haywood County, NC HUD Metro FMR Area",1p2c,1223,782,1443,1136,622,1109,1239,7554,14676,9382,17311,13628,7469,13312,14867,90644,81941,0,,,
3164,NC,"Haywood County, NC HUD Metro FMR Area",1p3c,1473,1042,1539,1439,781,1281,1666,9220,17676,12501,18473,17262,9369,15367,19987,110635,81941,0,,,
3164,NC,"Haywood County, NC HUD Metro FMR Area",1p4c,1473,1276,1679,1512,853,1281,1974,10047,17676,15306,20149,18139,10240,15367,23683,120561,81941,0,,,
3164,NC,"Haywood County, NC HUD Metro FMR Area",2p0c,1105,663,1255,1060,549,0,980,5611,13260,7954,15060,12717,6586,0,11756,67333,81941,0,,,
3164,NC,"Haywood County, NC HUD Metro FMR Area",2p1c,1223,822,1381,1363,635,553,1123,7101,14676,9869,16576,16352,7621,6633,13480,85207,81941,0,,,
3164,NC,"Haywood County, NC HUD Metro FMR Area",2p2c,1223,1046,1472,1666,704,1109,1238,8457,14676,12550,17659,19986,8453,13312,14851,101488,81941,0,,,
3164,NC,"Haywood County, NC HUD Metro FMR Area",2p3c,1473,1276,1606,1968,854,1281,1548,10005,17676,15311,19275,23621,10242,15367,18574,120065,81941,0,,,
3164,NC,"Haywood County, NC HUD Metro FMR Area",2p4c,1473,1562,1662,2042,942,1281,1808,10769,17676,18740,19942,24498,11306,15367,21696,129225,81941,0,,,
3165,GA,"Athens-Clarke County, GA MSA",1p0c,1065,371,1036,522,446,0,887,4327,12780,4451,12431,6262,5350,0,10647,51919,90978.7105,0,,,
3165,GA,"Athens-Clarke County, GA MSA",1p1c,1225,544,1261,820,549,638,985,6022,14700,6526,15131,9838,6590,7657,11825,72268,90978.7105,0,,,
3165,GA,"Athens-Clarke County, GA MSA",1p2c,1225,802,1384,1118,629,988,1154,7299,14700,9624,16603,13414,7552,11853,13846,87592,90978.7105,0,,,
3165,GA,"Athens-Clarke County, GA MSA",1p3c,1627,1069,1535,1416,837,1095,1660,9238,19524,12824,18414,16991,10043,13143,19916,110856,90978.7105,0,,,
3165,GA,"Athens-Clarke County, GA MSA",1p4c,1627,1308,1599,1488,911,1095,1905,9934,19524,15701,19182,17861,10936,13143,22860,119207,90978.7105,0,,,
3165,GA,"Athens-Clarke County, GA MSA",2p0c,1106,680,1214,1044,555,0,1022,5620,13272,8159,14566,12523,6654,0,12262,67437,90978.7105,0,,,
3165,GA,"Athens-Clarke County, GA MSA",2p1c,1225,844,1331,1342,642,638,1170,7192,14700,10124,15966,16100,7707,7657,14045,86300,90978.7105,0,,,
3165,GA,"Athens-Clarke County, GA MSA",2p2c,1225,1073,1477,1640,713,988,1207,8322,14700,12875,17723,19676,8561,11853,14478,99866,90978.7105,0,,,
3165,GA,"Athens-Clarke County, GA MSA",2p3c,1627,1309,1538,1938,912,1095,1521,9939,19524,15706,18450,23253,10938,13143,18251,119265,90978.7105,0,,,
3165,GA,"Athens-Clarke County, GA MSA",2p4c,1627,1602,1586,2010,1003,1095,1749,10673,19524,19224,19037,24123,12030,13143,20991,128073,90978.7105,0,,,
3166,GA,"Atlanta-Sandy Springs-Roswell, GA HUD Metro FMR Area",1p0c,1591,378,1054,515,611,0,1231,5379,19092,4535,12644,6174,7336,0,14770,64550,106062.8948,1,41,68,36
3166,GA,"Atlanta-Sandy Springs-Roswell, GA HUD Metro FMR Area",1p1c,1830,554,1364,808,740,867,1545,7709,21960,6651,16371,9697,8883,10400,18540,92502,106062.8948,1,41,68,36
3166,GA,"Atlanta-Sandy Springs-Roswell, GA HUD Metro FMR Area",1p2c,1830,817,1500,1102,822,1272,1815,9157,21960,9807,18003,13221,9863,15258,21775,109887,106062.8948,1,41,68,36
3166,GA,"Atlanta-Sandy Springs-Roswell, GA HUD Metro FMR Area",1p3c,2205,1089,1592,1395,1023,1396,2321,11021,26460,13068,19101,16745,12272,16753,27856,132254,106062.8948,1,41,68,36
3166,GA,"Atlanta-Sandy Springs-Roswell, GA HUD Metro FMR Area",1p4c,2205,1333,1656,1467,1099,1396,2573,11729,26460,16000,19872,17608,13183,16753,30870,140745,106062.8948,1,41,68,36
3166,GA,"Atlanta-Sandy Springs-Roswell, GA HUD Metro FMR Area",2p0c,1653,693,1319,1029,728,0,1304,6727,19836,8315,15833,12347,8740,0,15650,80721,106062.8948,1,41,68,36
3166,GA,"Atlanta-Sandy Springs-Roswell, GA HUD Metro FMR Area",2p1c,1830,860,1449,1323,835,867,1562,8725,21960,10317,17388,15871,10021,10400,18738,104695,106062.8948,1,41,68,36
3166,GA,"Atlanta-Sandy Springs-Roswell, GA HUD Metro FMR Area",2p2c,1830,1093,1536,1616,908,1272,1712,9966,21960,13120,18429,19395,10891,15258,20541,119593,106062.8948,1,41,68,36
3166,GA,"Atlanta-Sandy Springs-Roswell, GA HUD Metro FMR Area",2p3c,2205,1334,1596,1910,1099,1396,2106,11646,26460,16005,19156,22918,13184,16753,25277,139753,106062.8948,1,41,68,36
3166,GA,"Atlanta-Sandy Springs-Roswell, GA HUD Metro FMR Area",2p4c,2205,1633,1714,1982,1191,1396,2407,12528,26460,19590,20567,23782,14297,16753,28882,150331,106062.8948,1,41,68,36
3167,GA,"Butts County, GA HUD Metro FMR Area",1p0c,963,381,1107,516,417,0,868,4253,11556,4569,13285,6195,5006,0,10421,51033,73793,0,,,
3167,GA,"Butts County, GA HUD Metro FMR Area",1p1c,1156,558,1342,811,532,647,989,6036,13872,6700,16106,9731,6387,7765,11866,72428,73793,0,,,
3167,GA,"Butts County, GA HUD Metro FMR Area",1p2c,1156,823,1476,1106,615,1002,1170,7348,13872,9881,17717,13268,7375,12024,14043,88179,73793,0,,,
3167,GA,"Butts County, GA HUD Metro FMR Area",1p3c,1554,1097,1574,1400,823,1111,1648,9208,18648,13166,18882,16804,9877,13334,19781,110492,73793,0,,,
3167,GA,"Butts County, GA HUD Metro FMR Area",1p4c,1554,1343,1715,1472,900,1111,1945,10041,18648,16120,20583,17669,10794,13334,23345,120494,73793,0,,,
3167,GA,"Butts County, GA HUD Metro FMR Area",2p0c,969,698,1289,1033,518,0,990,5496,11628,8377,15462,12390,6211,0,11884,65952,73793,0,,,
3167,GA,"Butts County, GA HUD Metro FMR Area",2p1c,1156,866,1415,1327,628,647,1177,7215,13872,10394,16975,15926,7534,7765,14118,86584,73793,0,,,
3167,GA,"Butts County, GA HUD Metro FMR Area",2p2c,1156,1102,1505,1622,701,1002,1197,8285,13872,13218,18064,19462,8411,12024,14363,99414,73793,0,,,
3167,GA,"Butts County, GA HUD Metro FMR Area",2p3c,1554,1344,1642,1917,900,1111,1545,10013,18648,16125,19706,22999,10796,13334,18541,120150,73793,0,,,
3167,GA,"Butts County, GA HUD Metro FMR Area",2p4c,1554,1645,1698,1989,993,1111,1783,10773,18648,19737,20378,23864,11918,13334,21401,129280,73793,0,,,
3168,GA,"Haralson County, GA HUD Metro FMR Area",1p0c,823,320,1126,474,355,0,773,3872,9876,3842,13515,5688,4259,0,9279,46461,81777,0,,,
3168,GA,"Haralson County, GA HUD Metro FMR Area",1p1c,1087,470,1350,743,483,517,853,5504,13044,5634,16201,8921,5799,6205,10237,66042,81777,0,,,
3168,GA,"Haralson County, GA HUD Metro FMR Area",1p2c,1087,692,1479,1013,552,796,899,6518,13044,8309,17747,12154,6629,9551,10785,78220,81777,0,,,
3168,GA,"Haralson County, GA HUD Metro FMR Area",1p3c,1416,923,1573,1282,726,882,1217,8019,16992,11072,18874,15388,8713,10580,14603,96222,81777,0,,,
3168,GA,"Haralson County, GA HUD Metro FMR Area",1p4c,1416,1130,1712,1351,790,882,1459,8740,16992,13555,20543,16216,9484,10580,17506,104876,81777,0,,,
3168,GA,"Haralson County, GA HUD Metro FMR Area",2p0c,829,587,1295,948,440,0,851,4949,9948,7044,15538,11376,5276,0,10210,59392,81777,0,,,
3168,GA,"Haralson County, GA HUD Metro FMR Area",2p1c,1087,728,1416,1217,564,517,1002,6531,13044,8740,16990,14609,6763,6205,12024,78376,81777,0,,,
3168,GA,"Haralson County, GA HUD Metro FMR Area",2p2c,1087,926,1504,1487,625,796,970,7395,13044,11115,18043,17843,7501,9551,11644,88740,81777,0,,,
3168,GA,"Haralson County, GA HUD Metro FMR Area",2p3c,1416,1130,1638,1756,791,882,1146,8759,16992,13560,19654,21076,9486,10580,13754,105102,81777,0,,,
3168,GA,"Haralson County, GA HUD Metro FMR Area",2p4c,1416,1383,1693,1825,869,882,1331,9398,16992,16597,20311,21904,10429,10580,15968,112781,81777,0,,,
3169,GA,"Lamar County, GA HUD Metro FMR Area",1p0c,807,316,1119,516,349,0,776,3883,9684,3796,13423,6195,4185,0,9314,46597,81813,0,,,
3169,GA,"Lamar County, GA HUD Metro FMR Area",1p1c,1066,464,1356,811,475,647,911,5729,12792,5567,16268,9731,5700,7765,10928,68751,81813,0,,,
3169,GA,"Lamar County, GA HUD Metro FMR Area",1p2c,1066,684,1493,1106,543,1002,1029,6923,12792,8209,17911,13268,6520,12024,12348,83071,81813,0,,,
3169,GA,"Lamar County, GA HUD Metro FMR Area",1p3c,1408,912,1592,1400,720,1111,1408,8551,16896,10939,19108,16804,8642,13334,16891,102614,81813,0,,,
3169,GA,"Lamar County, GA HUD Metro FMR Area",1p4c,1408,1116,1737,1472,784,1111,1664,9292,16896,13393,20839,17669,9404,13334,19963,111498,81813,0,,,
3169,GA,"Lamar County, GA HUD Metro FMR Area",2p0c,813,580,1300,1033,433,0,871,5029,9756,6960,15600,12390,5190,0,10454,60350,81813,0,,,
3169,GA,"Lamar County, GA HUD Metro FMR Area",2p1c,1066,720,1429,1327,554,647,1075,6818,12792,8635,17142,15926,6653,7765,12901,81815,81813,0,,,
3169,GA,"Lamar County, GA HUD Metro FMR Area",2p2c,1066,915,1522,1622,615,1002,1079,7821,12792,10982,18261,19462,7381,12024,12944,93846,81813,0,,,
3169,GA,"Lamar County, GA HUD Metro FMR Area",2p3c,1408,1116,1661,1917,784,1111,1321,9317,16896,13397,19930,22999,9405,13334,15847,111809,81813,0,,,
3169,GA,"Lamar County, GA HUD Metro FMR Area",2p4c,1408,1367,1719,1989,861,1111,1515,9970,16896,16398,20628,23864,10337,13334,18181,119638,81813,0,,,
3170,GA,"Meriwether County, GA HUD Metro FMR Area",1p0c,777,363,1127,514,354,0,783,3917,9324,4350,13522,6170,4245,0,9396,47009,67010,0,,,
3170,GA,"Meriwether County, GA HUD Metro FMR Area",1p1c,1026,532,1354,808,484,647,922,5772,12312,6379,16249,9692,5803,7765,11058,69258,67010,0,,,
3170,GA,"Meriwether County, GA HUD Metro FMR Area",1p2c,1026,784,1488,1101,562,1002,1063,7025,12312,9407,17852,13214,6743,12024,12753,84304,67010,0,,,
3170,GA,"Meriwether County, GA HUD Metro FMR Area",1p3c,1438,1045,1586,1395,771,1111,1521,8866,17256,12535,19034,16736,9249,13334,18253,106396,67010,0,,,
3170,GA,"Meriwether County, GA HUD Metro FMR Area",1p4c,1438,1279,1659,1467,844,1111,1765,9562,17256,15346,19904,17599,10122,13334,21178,114739,67010,0,,,
3170,GA,"Meriwether County, GA HUD Metro FMR Area",2p0c,782,665,1297,1028,449,0,893,5114,9384,7975,15566,12341,5390,0,10715,61371,67010,0,,,
3170,GA,"Meriwether County, GA HUD Metro FMR Area",2p1c,1026,825,1422,1322,575,647,1100,6917,12312,9895,17069,15862,6895,7765,13204,83003,67010,0,,,
3170,GA,"Meriwether County, GA HUD Metro FMR Area",2p2c,1026,1049,1514,1615,644,1002,1116,7966,12312,12584,18172,19384,7729,12024,13390,95595,67010,0,,,
3170,GA,"Meriwether County, GA HUD Metro FMR Area",2p3c,1438,1279,1582,1909,844,1111,1398,9561,17256,15352,18981,22906,10124,13334,16780,114732,67010,0,,,
3170,GA,"Meriwether County, GA HUD Metro FMR Area",2p4c,1438,1566,1710,1981,933,1111,1656,10394,17256,18790,20524,23769,11191,13334,19867,124732,67010,0,,,
3171,GA,"Morgan County, GA HUD Metro FMR Area",1p0c,1032,328,1186,522,422,0,904,4394,12384,3935,14228,6262,5067,0,10852,52727,96270,0,,,
3171,GA,"Morgan County, GA HUD Metro FMR Area",1p1c,1363,481,1448,820,572,647,1117,6448,16356,5770,17381,9838,6869,7765,13401,77381,96270,0,,,
3171,GA,"Morgan County, GA HUD Metro FMR Area",1p2c,1363,709,1593,1118,643,1002,1301,7729,16356,8508,19116,13414,7720,12024,15611,92749,96270,0,,,
3171,GA,"Morgan County, GA HUD Metro FMR Area",1p3c,1642,945,1768,1416,803,1111,1724,9408,19704,11338,21214,16991,9638,13334,20682,112900,96270,0,,,
3171,GA,"Morgan County, GA HUD Metro FMR Area",1p4c,1642,1157,1844,1488,869,1111,1955,10066,19704,13881,22127,17861,10427,13334,23458,120792,96270,0,,,
3171,GA,"Morgan County, GA HUD Metro FMR Area",2p0c,1039,601,1389,1044,509,0,1017,5599,12468,7214,16673,12523,6111,0,12199,67187,96270,0,,,
3171,GA,"Morgan County, GA HUD Metro FMR Area",2p1c,1363,746,1526,1342,655,647,1258,7536,16356,8950,18306,16100,7857,7765,15100,90434,96270,0,,,
3171,GA,"Morgan County, GA HUD Metro FMR Area",2p2c,1363,949,1694,1640,718,1002,1292,8656,16356,11382,20326,19676,8612,12024,15501,103877,96270,0,,,
3171,GA,"Morgan County, GA HUD Metro FMR Area",2p3c,1642,1157,1765,1938,869,1111,1552,10034,19704,13886,21179,23253,10429,13334,18627,120411,96270,0,,,
3171,GA,"Morgan County, GA HUD Metro FMR Area",2p4c,1642,1416,1822,2010,950,1111,1764,10715,19704,16996,21869,24123,11394,13334,21164,128584,96270,0,,,
3172,NJ,"Atlantic City-Hammonton, NJ MSA",1p0c,1240,368,1051,465,499,0,804,4428,14880,4419,12616,5580,5992,0,9648,53135,94662,0,,,
3172,NJ,"Atlantic City-Hammonton, NJ MSA",1p1c,1719,540,1332,720,701,1410,1365,7787,20628,6480,15988,8635,8416,16915,16381,93444,94662,0,,,
3172,NJ,"Atlantic City-Hammonton, NJ MSA",1p2c,1719,796,1456,974,781,2086,1785,9598,20628,9556,17472,11690,9371,25037,21422,115175,94662,0,,,
3172,NJ,"Atlantic City-Hammonton, NJ MSA",1p3c,2409,1061,1540,1229,1077,2295,2548,12159,28908,12734,18484,14744,12929,27536,30570,145904,94662,0,,,
3172,NJ,"Atlantic City-Hammonton, NJ MSA",1p4c,2409,1299,1600,1295,1151,2295,2775,12824,28908,15591,19198,15539,13816,27536,33304,153892,94662,0,,,
3172,NJ,"Atlantic City-Hammonton, NJ MSA",2p0c,1414,675,1282,930,649,0,938,5887,16968,8102,15382,11161,7784,0,11251,70648,94662,0,,,
3172,NJ,"Atlantic City-Hammonton, NJ MSA",2p1c,1719,838,1400,1185,794,1410,1374,8719,20628,10053,16803,14215,9526,16915,16486,104626,94662,0,,,
3172,NJ,"Atlantic City-Hammonton, NJ MSA",2p2c,1719,1065,1481,1439,865,2086,1662,10317,20628,12784,17768,17270,10374,25037,19947,123807,94662,0,,,
3172,NJ,"Atlantic City-Hammonton, NJ MSA",2p3c,2409,1300,1537,1694,1151,2295,2305,12691,28908,15596,18446,20325,13817,27536,27662,152290,94662,0,,,
3172,NJ,"Atlantic City-Hammonton, NJ MSA",2p4c,2409,1591,1648,1760,1242,2295,2603,13547,28908,19089,19770,21120,14902,27536,31234,162558,94662,0,,,
3173,AL,"Auburn-Opelika, AL MSA",1p0c,844,388,1067,495,382,0,775,3950,10128,4650,12798,5937,4588,0,9294,47396,88725,0,,,
3173,AL,"Auburn-Opelika, AL MSA",1p1c,1168,568,1321,736,539,637,950,5918,14016,6819,15848,8828,6469,7641,11398,71019,88725,0,,,
3173,AL,"Auburn-Opelika, AL MSA",1p2c,1168,838,1521,977,623,1241,1260,7626,14016,10055,18249,11719,7473,14888,15117,91517,88725,0,,,
3173,AL,"Auburn-Opelika, AL MSA",1p3c,1527,1117,1617,1218,821,1427,1709,9435,18324,13399,19407,14610,9849,17119,20508,113216,88725,0,,,
3173,AL,"Auburn-Opelika, AL MSA",1p4c,1527,1367,1686,1258,899,1427,1944,10107,18324,16405,20234,15101,10782,17119,23324,121288,88725,0,,,
3173,AL,"Auburn-Opelika, AL MSA",2p0c,1009,710,1272,990,534,0,980,5494,12108,8525,15261,11874,6406,0,11759,65933,88725,0,,,
3173,AL,"Auburn-Opelika, AL MSA",2p1c,1168,882,1464,1230,636,637,1171,7188,14016,10578,17570,14765,7636,7641,14054,86260,88725,0,,,
3173,AL,"Auburn-Opelika, AL MSA",2p2c,1168,1121,1555,1471,711,1241,1284,8551,14016,13452,18660,17656,8528,14888,15410,102610,88725,0,,,
3173,AL,"Auburn-Opelika, AL MSA",2p3c,1527,1368,1620,1712,899,1427,1599,10151,18324,16410,19434,20547,10784,17119,19188,121806,88725,0,,,
3173,AL,"Auburn-Opelika, AL MSA",2p4c,1527,1674,1671,1753,994,1427,1822,10867,18324,20086,20050,21038,11925,17119,21868,130409,88725,0,,,
3174,GA,"Augusta-Richmond County, GA-SC HUD Metro FMR Area",1p0c,868,341,1100,475,375,0,791,3950,10416,4086,13200,5704,4502,0,9497,47405,81849.38861,1,94,30,93
3174,GA,"Augusta-Richmond County, GA-SC HUD Metro FMR Area",1p1c,1175,499,1332,746,520,718,969,5959,14100,5991,15988,8947,6238,8615,11632,71511,81849.38861,1,94,30,93
3174,GA,"Augusta-Richmond County, GA-SC HUD Metro FMR Area",1p2c,1175,736,1460,1016,593,1180,1161,7322,14100,8835,17521,12190,7121,14159,13937,87863,81849.38861,1,94,30,93
3174,GA,"Augusta-Richmond County, GA-SC HUD Metro FMR Area",1p3c,1545,981,1618,1286,784,1322,1635,9171,18540,11773,19416,15433,9411,15866,19617,110054,81849.38861,1,94,30,93
3174,GA,"Augusta-Richmond County, GA-SC HUD Metro FMR Area",1p4c,1545,1201,1685,1355,853,1322,1864,9825,18540,14413,20224,16262,10231,15866,22368,117904,81849.38861,1,94,30,93
3174,GA,"Augusta-Richmond County, GA-SC HUD Metro FMR Area",2p0c,1039,624,1281,951,516,0,958,5369,12468,7490,15368,11409,6197,0,11494,64426,81849.38861,1,94,30,93
3174,GA,"Augusta-Richmond County, GA-SC HUD Metro FMR Area",2p1c,1175,775,1402,1221,605,718,1127,7022,14100,9294,16819,14651,7263,8615,13527,84269,81849.38861,1,94,30,93
3174,GA,"Augusta-Richmond County, GA-SC HUD Metro FMR Area",2p2c,1175,985,1554,1491,671,1180,1186,8242,14100,11819,18651,17894,8047,14159,14233,98903,81849.38861,1,94,30,93
3174,GA,"Augusta-Richmond County, GA-SC HUD Metro FMR Area",2p3c,1545,1202,1618,1761,853,1322,1464,9764,18540,14418,19410,21137,10233,15866,17568,117172,81849.38861,1,94,30,93
3174,GA,"Augusta-Richmond County, GA-SC HUD Metro FMR Area",2p4c,1545,1471,1669,1831,936,1322,1673,10446,18540,17648,20023,21966,11235,15866,20075,125353,81849.38861,1,94,30,93
3175,SC,"Augusta-Richmond County, GA-SC HUD Metro FMR Area",1p0c,868,341,1100,475,375,0,759,3918,10416,4086,13200,5704,4502,0,9112,47020,81849.38861,,,,
3175,SC,"Augusta-Richmond County, GA-SC HUD Metro FMR Area",1p1c,1175,499,1332,746,520,718,859,5849,14100,5991,15988,8947,6238,8615,10313,70191,81849.38861,,,,
3175,SC,"Augusta-Richmond County, GA-SC HUD Metro FMR Area",1p2c,1175,736,1460,1016,593,1180,1038,7198,14100,8835,17521,12190,7121,14159,12450,86376,81849.38861,,,,
3175,SC,"Augusta-Richmond County, GA-SC HUD Metro FMR Area",1p3c,1545,981,1618,1286,784,1322,1525,9061,18540,11773,19416,15433,9411,15866,18295,108733,81849.38861,,,,
3175,SC,"Augusta-Richmond County, GA-SC HUD Metro FMR Area",1p4c,1545,1201,1685,1355,853,1322,1746,9708,18540,14413,20224,16262,10231,15866,20957,116493,81849.38861,,,,
3175,SC,"Augusta-Richmond County, GA-SC HUD Metro FMR Area",2p0c,1039,624,1281,951,516,0,862,5273,12468,7490,15368,11409,6197,0,10345,63277,81849.38861,,,,
3175,SC,"Augusta-Richmond County, GA-SC HUD Metro FMR Area",2p1c,1175,775,1402,1221,605,718,991,6886,14100,9294,16819,14651,7263,8615,11895,82637,81849.38861,,,,
3175,SC,"Augusta-Richmond County, GA-SC HUD Metro FMR Area",2p2c,1175,985,1554,1491,671,1180,1046,8101,14100,11819,18651,17894,8047,14159,12546,97216,81849.38861,,,,
3175,SC,"Augusta-Richmond County, GA-SC HUD Metro FMR Area",2p3c,1545,1202,1618,1761,853,1322,1320,9621,18540,14418,19410,21137,10233,15866,15844,115448,81849.38861,,,,
3175,SC,"Augusta-Richmond County, GA-SC HUD Metro FMR Area",2p4c,1545,1471,1669,1831,936,1322,1518,10291,18540,17648,20023,21966,11235,15866,18215,123493,81849.38861,,,,
3176,GA,"Lincoln County, GA HUD Metro FMR Area",1p0c,698,318,1147,499,316,0,732,3709,8376,3819,13760,5982,3786,0,8781,44504,63201,0,,,
3176,GA,"Lincoln County, GA HUD Metro FMR Area",1p1c,942,467,1391,783,437,517,814,5350,11304,5601,16687,9391,5248,6205,9768,64204,63201,0,,,
3176,GA,"Lincoln County, GA HUD Metro FMR Area",1p2c,942,688,1534,1067,506,796,859,6392,11304,8259,18409,12799,6074,9551,10306,76701,63201,0,,,
3176,GA,"Lincoln County, GA HUD Metro FMR Area",1p3c,1208,917,1640,1351,660,882,1137,7794,14496,11005,19676,16208,7917,10580,13639,93522,63201,0,,,
3176,GA,"Lincoln County, GA HUD Metro FMR Area",1p4c,1208,1123,1718,1422,724,882,1344,8419,14496,13474,20610,17058,8684,10580,16128,101030,63201,0,,,
3176,GA,"Lincoln County, GA HUD Metro FMR Area",2p0c,718,584,1330,997,404,0,828,4861,8616,7002,15965,11963,4849,0,9941,58336,63201,0,,,
3176,GA,"Lincoln County, GA HUD Metro FMR Area",2p1c,942,724,1465,1281,517,517,974,6420,11304,8688,17577,15372,6207,6205,11682,77035,63201,0,,,
3176,GA,"Lincoln County, GA HUD Metro FMR Area",2p2c,942,921,1563,1565,578,796,950,7315,11304,11048,18759,18781,6940,9551,11400,87783,63201,0,,,
3176,GA,"Lincoln County, GA HUD Metro FMR Area",2p3c,1208,1123,1636,1849,724,882,1063,8484,14496,13478,19626,22190,8685,10580,12751,101807,63201,0,,,
3176,GA,"Lincoln County, GA HUD Metro FMR Area",2p4c,1208,1375,1770,1920,802,882,1279,9236,14496,16498,21241,23040,9623,10580,15350,110827,63201,0,,,
3177,TX,"Austin-Round Rock, TX MSA",1p0c,1549,334,1062,467,585,0,818,4813,18588,4003,12746,5599,7014,0,9811,57761,122896.2079,1,35,93,15
3177,TX,"Austin-Round Rock, TX MSA",1p1c,1949,489,1325,732,757,1002,1082,7335,23388,5870,15894,8779,9084,12020,12982,88017,122896.2079,1,35,93,15
3177,TX,"Austin-Round Rock, TX MSA",1p2c,1949,721,1456,997,829,1947,1475,9374,23388,8656,17471,11959,9949,23364,17696,112483,122896.2079,1,35,93,15
3177,TX,"Austin-Round Rock, TX MSA",1p3c,2484,961,1607,1262,1070,2238,2021,11642,29808,11534,19281,15139,12836,26855,24254,139706,122896.2079,1,35,93,15
3177,TX,"Austin-Round Rock, TX MSA",1p4c,2484,1177,1669,1330,1137,2238,2215,12250,29808,14122,20027,15960,13639,26855,26585,146996,122896.2079,1,35,93,15
3177,TX,"Austin-Round Rock, TX MSA",2p0c,1650,612,1284,933,702,0,876,6056,19800,7339,15402,11198,8426,0,10507,72671,122896.2079,1,35,93,15
3177,TX,"Austin-Round Rock, TX MSA",2p1c,1949,759,1409,1198,841,1002,1086,8243,23388,9106,16907,14378,10088,12020,13033,98921,122896.2079,1,35,93,15
3177,TX,"Austin-Round Rock, TX MSA",2p2c,1949,965,1555,1463,905,1947,1333,10117,23388,11580,18664,17558,10856,23364,15997,121407,122896.2079,1,35,93,15
3177,TX,"Austin-Round Rock, TX MSA",2p3c,2484,1177,1614,1728,1137,2238,1738,12116,29808,14127,19370,20738,13640,26855,20850,145388,122896.2079,1,35,93,15
3177,TX,"Austin-Round Rock, TX MSA",2p4c,2484,1441,1660,1797,1219,2238,1933,12771,29808,17291,19921,21559,14623,26855,23195,153252,122896.2079,1,35,93,15
3178,CA,"Bakersfield, CA MSA",1p0c,1058,333,1145,419,432,0,753,4139,12696,3992,13742,5024,5181,0,9035,49670,75186,1,92,9,97
3178,CA,"Bakersfield, CA MSA",1p1c,1380,488,1397,665,580,865,822,6196,16560,5854,16758,7977,6959,10380,9859,74348,75186,1,92,9,97
3178,CA,"Bakersfield, CA MSA",1p2c,1380,719,1535,911,652,1327,981,7504,16560,8633,18417,10930,7822,15923,11768,90052,75186,1,92,9,97
3178,CA,"Bakersfield, CA MSA",1p3c,1934,959,1699,1157,898,1469,1727,9843,23208,11504,20389,13882,10777,17628,20726,118114,75186,1,92,9,97
3178,CA,"Bakersfield, CA MSA",1p4c,1934,1174,1772,1230,965,1469,1968,10511,23208,14085,21258,14763,11578,17628,23612,126132,75186,1,92,9,97
3178,CA,"Bakersfield, CA MSA",2p0c,1064,610,1326,837,520,0,721,5078,12768,7319,15917,10048,6237,0,8652,60940,75186,1,92,9,97
3178,CA,"Bakersfield, CA MSA",2p1c,1380,757,1457,1083,663,865,931,7136,16560,9082,17482,13001,7961,10380,11168,85633,75186,1,92,9,97
3178,CA,"Bakersfield, CA MSA",2p2c,1380,962,1615,1329,727,1327,949,8291,16560,11549,19383,15953,8727,15923,11391,99486,75186,1,92,9,97
3178,CA,"Bakersfield, CA MSA",2p3c,1934,1174,1683,1576,965,1469,1374,10175,23208,14089,20197,18906,11580,17628,16489,122097,75186,1,92,9,97
3178,CA,"Bakersfield, CA MSA",2p4c,1934,1437,1738,1649,1047,1469,1589,10863,23208,17245,20855,19787,12560,17628,19072,130354,75186,1,92,9,97
3179,MD,"Baltimore-Columbia-Towson, MD MSA",1p0c,1407,384,1036,358,556,0,987,4728,16884,4609,12430,4290,6673,0,11844,56730,121715.8875,1,26,84,19
3179,MD,"Baltimore-Columbia-Towson, MD MSA",1p1c,1965,563,1281,557,785,1255,1596,8002,23580,6759,15374,6686,9419,15054,19153,96026,121715.8875,1,26,84,19
3179,MD,"Baltimore-Columbia-Towson, MD MSA",1p2c,1965,831,1405,757,868,2405,2215,10445,23580,9967,16861,9081,10415,28863,26575,125342,121715.8875,1,26,84,19
3179,MD,"Baltimore-Columbia-Towson, MD MSA",1p3c,2529,1107,1546,956,1129,2759,2942,12969,30348,13281,18557,11477,13546,33111,35307,155627,121715.8875,1,26,84,19
3179,MD,"Baltimore-Columbia-Towson, MD MSA",1p4c,2529,1355,1605,1017,1206,2759,3121,13592,30348,16261,19262,12203,14471,33111,37447,163102,121715.8875,1,26,84,19
3179,MD,"Baltimore-Columbia-Towson, MD MSA",2p0c,1604,704,1238,715,717,0,1115,6092,19248,8450,14850,8579,8600,0,13382,73109,121715.8875,1,26,84,19
3179,MD,"Baltimore-Columbia-Towson, MD MSA",2p1c,1965,874,1355,915,881,1255,1510,8755,23580,10485,16265,10975,10576,15054,18121,105056,121715.8875,1,26,84,19
3179,MD,"Baltimore-Columbia-Towson, MD MSA",2p2c,1965,1111,1492,1114,955,2405,2002,11045,23580,13333,17908,13371,11461,28863,24027,132543,121715.8875,1,26,84,19
3179,MD,"Baltimore-Columbia-Towson, MD MSA",2p3c,2529,1356,1548,1314,1206,2759,2618,13330,30348,16266,18574,15767,14472,33111,31419,159958,121715.8875,1,26,84,19
3179,MD,"Baltimore-Columbia-Towson, MD MSA",2p4c,2529,1659,1591,1374,1300,2759,2895,14108,30348,19910,19092,16492,15604,33111,34744,169301,121715.8875,1,26,84,19
3180,ME,"Bangor, ME HUD Metro FMR Area",1p0c,1034,369,1112,546,436,0,874,4370,12408,4431,13339,6549,5228,0,10486,52442,88740,0,,,
3180,ME,"Bangor, ME HUD Metro FMR Area",1p1c,1424,541,1336,868,610,955,1242,6976,17088,6497,16029,10416,7323,11457,14906,83715,88740,0,,,
3180,ME,"Bangor, ME HUD Metro FMR Area",1p2c,1424,798,1461,1190,690,1935,1847,9345,17088,9581,17529,14282,8280,23218,22161,112140,88740,0,,,
3180,ME,"Bangor, ME HUD Metro FMR Area",1p3c,1825,1064,1615,1512,897,2236,2572,11722,21900,12767,19377,18148,10763,26837,30867,140659,88740,0,,,
3180,ME,"Bangor, ME HUD Metro FMR Area",1p4c,1825,1303,1681,1587,971,2236,2844,12447,21900,15631,20173,19043,11652,26837,34123,149359,88740,0,,,
3180,ME,"Bangor, ME HUD Metro FMR Area",2p0c,1114,677,1275,1092,556,0,946,5659,13368,8123,15299,13098,6672,0,11350,67911,88740,0,,,
3180,ME,"Bangor, ME HUD Metro FMR Area",2p1c,1424,840,1393,1414,703,955,1297,8025,17088,10079,16711,16965,8435,11457,15566,96301,88740,0,,,
3180,ME,"Bangor, ME HUD Metro FMR Area",2p2c,1424,1068,1541,1736,774,1935,1715,10193,17088,12817,18492,20831,9285,23218,20583,122314,88740,0,,,
3180,ME,"Bangor, ME HUD Metro FMR Area",2p3c,1825,1303,1603,2058,971,2236,2260,12256,21900,15637,19236,24698,11654,26837,27116,147076,88740,0,,,
3180,ME,"Bangor, ME HUD Metro FMR Area",2p4c,1825,1595,1653,2133,1062,2236,2560,13064,21900,19139,19840,25592,12742,26837,30714,156763,88740,0,,,
3181,ME,"Penobscot County, ME (part) HUD Metro FMR Area",1p0c,839,369,1112,546,375,0,782,4023,10068,4431,13339,6549,4502,0,9382,48271,88740,0,,,
3181,ME,"Penobscot County, ME (part) HUD Metro FMR Area",1p1c,1155,541,1336,868,527,955,1059,6440,13860,6497,16029,10416,6320,11457,12705,77284,88740,0,,,
3181,ME,"Penobscot County, ME (part) HUD Metro FMR Area",1p2c,1155,798,1461,1190,607,1935,1632,8778,13860,9581,17529,14282,7278,23218,19589,105337,88740,0,,,
3181,ME,"Penobscot County, ME (part) HUD Metro FMR Area",1p3c,1455,1064,1615,1512,782,2236,2253,10917,17460,12767,19377,18148,9385,26837,27034,131008,88740,0,,,
3181,ME,"Penobscot County, ME (part) HUD Metro FMR Area",1p4c,1455,1303,1681,1587,856,2236,2551,11669,17460,15631,20173,19043,10274,26837,30614,140031,88740,0,,,
3181,ME,"Penobscot County, ME (part) HUD Metro FMR Area",2p0c,880,677,1275,1092,483,0,840,5246,10560,8123,15299,13098,5801,0,10076,62957,88740,0,,,
3181,ME,"Penobscot County, ME (part) HUD Metro FMR Area",2p1c,1155,840,1393,1414,619,955,1172,7547,13860,10079,16711,16965,7432,11457,14058,90563,88740,0,,,
3181,ME,"Penobscot County, ME (part) HUD Metro FMR Area",2p2c,1155,1068,1541,1736,690,1935,1533,9658,13860,12817,18492,20831,8283,23218,18391,115891,88740,0,,,
3181,ME,"Penobscot County, ME (part) HUD Metro FMR Area",2p3c,1455,1303,1603,2058,856,2236,1975,11487,17460,15637,19236,24698,10276,26837,23704,137846,88740,0,,,
3181,ME,"Penobscot County, ME (part) HUD Metro FMR Area",2p4c,1455,1595,1653,2133,947,2236,2273,12292,17460,19139,19840,25592,11363,26837,27274,147505,88740,0,,,
3182,MA,"Barnstable Town, MA MSA",1p0c,1739,445,1122,459,678,0,1338,5782,20868,5342,13465,5512,8138,0,16061,69386,124037,0,,,
3182,MA,"Barnstable Town, MA MSA",1p1c,2346,653,1408,707,931,1369,2153,9567,28152,7834,16897,8482,11173,16425,25834,114798,124037,0,,,
3182,MA,"Barnstable Town, MA MSA",1p2c,2346,963,1555,954,1027,2433,2829,12108,28152,11552,18662,11453,12327,29200,33948,145295,124037,0,,,
3182,MA,"Barnstable Town, MA MSA",1p3c,2879,1283,1719,1202,1292,2761,3443,14579,34548,15394,20633,14424,15506,33131,41319,174953,124037,0,,,
3182,MA,"Barnstable Town, MA MSA",1p4c,2879,1571,1791,1242,1382,2761,3660,15284,34548,18847,21487,14902,16578,33131,43919,183411,124037,0,,,
3182,MA,"Barnstable Town, MA MSA",2p0c,1788,816,1354,919,809,0,1362,7048,21456,9794,16252,11024,9702,0,16341,84570,124037,0,,,
3182,MA,"Barnstable Town, MA MSA",2p1c,2346,1013,1494,1166,1043,1369,2105,10535,28152,12153,17922,13994,12513,16425,25264,126424,124037,0,,,
3182,MA,"Barnstable Town, MA MSA",2p2c,2346,1288,1652,1414,1128,2433,2687,12948,28152,15454,19822,16965,13539,29200,32245,155377,124037,0,,,
3182,MA,"Barnstable Town, MA MSA",2p3c,2879,1571,1719,1661,1382,2761,3338,15311,34548,18854,20623,19935,16580,33131,40059,183730,124037,0,,,
3182,MA,"Barnstable Town, MA MSA",2p4c,2879,1923,1771,1701,1491,2761,3630,16156,34548,23077,21249,20414,17891,33131,43560,193869,124037,0,,,
3183,LA,"Baton Rouge, LA HUD Metro FMR Area",1p0c,1063,344,1084,478,437,0,793,4199,12756,4126,13010,5739,5241,0,9510,50382,89598.69163,1,88,55,76
3183,LA,"Baton Rouge, LA HUD Metro FMR Area",1p1c,1222,504,1323,750,536,703,919,5956,14664,6050,15870,9002,6431,8430,11029,71477,89598.69163,1,88,55,76
3183,LA,"Baton Rouge, LA HUD Metro FMR Area",1p2c,1222,743,1513,1022,610,1344,1281,7736,14664,8921,18161,12266,7323,16129,15369,92833,89598.69163,1,88,55,76
3183,LA,"Baton Rouge, LA HUD Metro FMR Area",1p3c,1528,991,1603,1294,782,1541,1728,9468,18336,11888,19241,15529,9384,18497,20741,113615,89598.69163,1,88,55,76
3183,LA,"Baton Rouge, LA HUD Metro FMR Area",1p4c,1528,1213,1667,1363,851,1541,1972,10136,18336,14555,20008,16361,10212,18497,23660,121629,89598.69163,1,88,55,76
3183,LA,"Baton Rouge, LA HUD Metro FMR Area",2p0c,1081,630,1275,957,531,0,875,5349,12972,7564,15295,11478,6376,0,10502,64186,89598.69163,1,88,55,76
3183,LA,"Baton Rouge, LA HUD Metro FMR Area",2p1c,1222,782,1459,1228,622,703,1058,7074,14664,9385,17510,14741,7467,8430,12695,84892,89598.69163,1,88,55,76
3183,LA,"Baton Rouge, LA HUD Metro FMR Area",2p2c,1222,995,1544,1500,688,1344,1167,8460,14664,11935,18532,18004,8258,16129,13998,101520,89598.69163,1,88,55,76
3183,LA,"Baton Rouge, LA HUD Metro FMR Area",2p3c,1528,1213,1605,1772,851,1541,1449,9960,18336,14560,19255,21268,10213,18497,17385,119515,89598.69163,1,88,55,76
3183,LA,"Baton Rouge, LA HUD Metro FMR Area",2p4c,1528,1485,1653,1842,936,1541,1665,10649,18336,17821,19831,22099,11226,18497,19975,127785,89598.69163,1,88,55,76
3184,LA,"Assumption Parish, LA HUD Metro FMR Area",1p0c,805,369,1192,489,365,0,736,3956,9660,4431,14309,5866,4375,0,8835,47475,71433,0,,,
3184,LA,"Assumption Parish, LA HUD Metro FMR Area",1p1c,926,541,1465,767,456,710,862,5727,11112,6497,17585,9205,5467,8517,10340,68724,71433,0,,,
3184,LA,"Assumption Parish, LA HUD Metro FMR Area",1p2c,926,798,1616,1045,535,1352,1189,7462,11112,9581,19393,12545,6425,16223,14263,89541,71433,0,,,
3184,LA,"Assumption Parish, LA HUD Metro FMR Area",1p3c,1298,1064,1796,1324,733,1550,1743,9507,15576,12767,21555,15884,8800,18594,20912,114088,71433,0,,,
3184,LA,"Assumption Parish, LA HUD Metro FMR Area",1p4c,1298,1303,1875,1394,807,1550,2008,10235,15576,15631,22505,16726,9689,18594,24094,122815,71433,0,,,
3184,LA,"Assumption Parish, LA HUD Metro FMR Area",2p0c,830,677,1405,978,468,0,840,5197,9960,8123,16856,11732,5614,0,10079,62364,71433,0,,,
3184,LA,"Assumption Parish, LA HUD Metro FMR Area",2p1c,926,840,1546,1256,548,710,1000,6827,11112,10079,18555,15071,6579,8517,12004,81918,71433,0,,,
3184,LA,"Assumption Parish, LA HUD Metro FMR Area",2p2c,926,1068,1720,1534,619,1352,1144,8363,11112,12817,20636,18411,7429,16223,13728,100356,71433,0,,,
3184,LA,"Assumption Parish, LA HUD Metro FMR Area",2p3c,1298,1303,1794,1813,808,1550,1473,10037,15576,15637,21523,21750,9691,18594,17674,120445,71433,0,,,
3184,LA,"Assumption Parish, LA HUD Metro FMR Area",2p4c,1298,1595,1853,1883,898,1550,1709,10785,15576,19139,22241,22591,10778,18594,20502,129421,71433,0,,,
3185,LA,"Iberville Parish, LA HUD Metro FMR Area",1p0c,785,338,1148,476,349,0,699,3794,9420,4050,13780,5709,4182,0,8382,45523,73110,0,,,
3185,LA,"Iberville Parish, LA HUD Metro FMR Area",1p1c,903,495,1384,746,434,696,793,5451,10836,5939,16611,8955,5208,8351,9515,65415,73110,0,,,
3185,LA,"Iberville Parish, LA HUD Metro FMR Area",1p2c,903,730,1516,1017,507,1334,1061,7067,10836,8758,18193,12201,6083,16005,12727,84804,73110,0,,,
3185,LA,"Iberville Parish, LA HUD Metro FMR Area",1p3c,1265,973,1680,1287,695,1530,1553,8983,15180,11670,20164,15447,8336,18361,18633,107790,73110,0,,,
3185,LA,"Iberville Parish, LA HUD Metro FMR Area",1p4c,1265,1191,1751,1356,762,1530,1795,9650,15180,14288,21012,16276,9149,18361,21535,115801,73110,0,,,
3185,LA,"Iberville Parish, LA HUD Metro FMR Area",2p0c,816,619,1330,952,445,0,781,4943,9792,7425,15962,11419,5345,0,9370,59314,73110,0,,,
3185,LA,"Iberville Parish, LA HUD Metro FMR Area",2p1c,903,768,1455,1222,519,696,920,6482,10836,9213,17455,14664,6225,8351,11045,77789,73110,0,,,
3185,LA,"Iberville Parish, LA HUD Metro FMR Area",2p2c,903,976,1613,1493,584,1334,1048,7950,10836,11716,19356,17910,7002,16005,12578,95404,73110,0,,,
3185,LA,"Iberville Parish, LA HUD Metro FMR Area",2p3c,1265,1191,1679,1763,763,1530,1308,9499,15180,14293,20151,21156,9151,18361,15692,113983,73110,0,,,
3185,LA,"Iberville Parish, LA HUD Metro FMR Area",2p4c,1265,1458,1733,1832,845,1530,1515,10179,15180,17494,20799,21985,10144,18361,18184,122148,73110,0,,,
3186,MI,"Battle Creek, MI MSA",1p0c,777,329,1046,428,343,0,636,3559,9324,3946,12553,5140,4120,0,7627,42710,77938,0,,,
3186,MI,"Battle Creek, MI MSA",1p1c,1090,482,1275,670,488,685,798,5488,13080,5787,15301,8041,5858,8215,9575,65856,77938,0,,,
3186,MI,"Battle Creek, MI MSA",1p2c,1090,711,1401,912,559,1236,979,6889,13080,8533,16815,10941,6710,14836,11750,82666,77938,0,,,
3186,MI,"Battle Creek, MI MSA",1p3c,1313,948,1555,1154,702,1406,1269,8346,15756,11371,18660,13842,8422,16873,15230,100155,77938,0,,,
3186,MI,"Battle Creek, MI MSA",1p4c,1313,1160,1622,1217,768,1406,1457,8943,15756,13922,19458,14607,9214,16873,17483,107313,77938,0,,,
3186,MI,"Battle Creek, MI MSA",2p0c,899,603,1224,857,466,0,775,4824,10788,7235,14691,10279,5596,0,9300,57890,77938,0,,,
3186,MI,"Battle Creek, MI MSA",2p1c,1090,748,1344,1098,571,685,959,6495,13080,8977,16127,13180,6848,8215,11509,77936,77938,0,,,
3186,MI,"Battle Creek, MI MSA",2p2c,1090,951,1493,1340,634,1236,1028,7772,13080,11416,17912,16081,7605,14836,12333,93263,77938,0,,,
3186,MI,"Battle Creek, MI MSA",2p3c,1313,1161,1555,1582,768,1406,1141,8926,15756,13926,18665,18982,9216,16873,13693,107111,77938,0,,,
3186,MI,"Battle Creek, MI MSA",2p4c,1313,1421,1606,1646,849,1406,1307,9547,15756,17046,19271,19746,10184,16873,15687,114564,77938,0,,,
3187,MI,"Bay City, MI MSA",1p0c,764,319,1030,402,336,0,613,3464,9168,3831,12361,4820,4036,0,7352,41568,79540,0,,,
3187,MI,"Bay City, MI MSA",1p1c,976,468,1243,628,448,912,801,5476,11712,5618,14921,7530,5380,10943,9610,65714,79540,0,,,
3187,MI,"Bay City, MI MSA",1p2c,976,690,1364,853,517,1843,1132,7376,11712,8284,16369,10240,6208,22112,13585,88510,79540,0,,,
3187,MI,"Bay City, MI MSA",1p3c,1305,920,1514,1079,691,2129,1571,9209,15660,11038,18166,12949,8289,25548,18854,110506,79540,0,,,
3187,MI,"Bay City, MI MSA",1p4c,1305,1126,1579,1141,755,2129,1763,9798,15660,13515,18951,13690,9058,25548,21157,117578,79540,0,,,
3187,MI,"Bay City, MI MSA",2p0c,769,585,1191,803,421,0,695,4464,9228,7023,14296,9640,5046,0,8335,53568,79540,0,,,
3187,MI,"Bay City, MI MSA",2p1c,976,726,1307,1029,529,912,941,6420,11712,8714,15681,12350,6342,10943,11294,77037,79540,0,,,
3187,MI,"Bay City, MI MSA",2p2c,976,924,1453,1255,590,1843,1121,8160,11712,11082,17430,15060,7077,22112,13449,97921,79540,0,,,
3187,MI,"Bay City, MI MSA",2p3c,1305,1127,1515,1481,755,2129,1366,9677,15660,13519,18177,17770,9059,25548,16391,116124,79540,0,,,
3187,MI,"Bay City, MI MSA",2p4c,1305,1379,1566,1543,833,2129,1537,10291,15660,16547,18786,18510,10000,25548,18441,123493,79540,0,,,
3188,TX,"Beaumont-Port Arthur, TX MSA",1p0c,915,311,1047,432,381,0,559,3645,10980,3731,12567,5183,4567,0,6709,43738,82145.40167,0,,,
3188,TX,"Beaumont-Port Arthur, TX MSA",1p1c,1113,456,1277,676,487,634,570,5213,13356,5471,15321,8114,5845,7604,6842,62554,82145.40167,0,,,
3188,TX,"Beaumont-Port Arthur, TX MSA",1p2c,1113,672,1402,920,554,1242,657,6560,13356,8068,16818,11045,6652,14904,7878,78720,82145.40167,0,,,
3188,TX,"Beaumont-Port Arthur, TX MSA",1p3c,1460,896,1555,1165,731,1429,937,8173,17520,10751,18659,13976,8777,17150,11247,98081,82145.40167,0,,,
3188,TX,"Beaumont-Port Arthur, TX MSA",1p4c,1460,1097,1620,1231,794,1429,1110,8741,17520,13163,19441,14766,9526,17150,13319,104886,82145.40167,0,,,
3188,TX,"Beaumont-Port Arthur, TX MSA",2p0c,920,570,1229,864,463,0,598,4644,11040,6840,14753,10366,5551,0,7173,55724,82145.40167,0,,,
3188,TX,"Beaumont-Port Arthur, TX MSA",2p1c,1113,707,1348,1108,565,634,675,6150,13356,8487,16175,13297,6782,7604,8094,73796,82145.40167,0,,,
3188,TX,"Beaumont-Port Arthur, TX MSA",2p2c,1113,899,1497,1352,625,1242,709,7437,13356,10793,17960,16228,7498,14904,8504,89243,82145.40167,0,,,
3188,TX,"Beaumont-Port Arthur, TX MSA",2p3c,1460,1097,1558,1597,794,1429,825,8760,17520,13167,18698,19159,9528,17150,9899,105121,82145.40167,0,,,
3188,TX,"Beaumont-Port Arthur, TX MSA",2p4c,1460,1343,1608,1663,870,1429,964,9337,17520,16117,19292,19950,10443,17150,11569,112040,82145.40167,0,,,
3189,WV,"Fayette County, WV HUD Metro FMR Area",1p0c,606,319,1106,778,287,0,744,3840,7272,3831,13272,9338,3447,0,8923,46084,67907,0,,,
3189,WV,"Fayette County, WV HUD Metro FMR Area",1p1c,884,468,1335,1230,420,839,1059,6235,10608,5618,16018,14756,5038,10070,12713,74820,67907,0,,,
3189,WV,"Fayette County, WV HUD Metro FMR Area",1p2c,884,690,1468,1681,489,1593,1591,8396,10608,8284,17611,20174,5865,19115,19089,100746,67907,0,,,
3189,WV,"Fayette County, WV HUD Metro FMR Area",1p3c,1176,920,1564,2133,651,1825,2175,10443,14112,11038,18769,25592,7808,21898,26100,125317,67907,0,,,
3189,WV,"Fayette County, WV HUD Metro FMR Area",1p4c,1176,1126,1635,2224,715,1825,2428,11129,14112,13515,19619,26688,8577,21898,29134,133543,67907,0,,,
3189,WV,"Fayette County, WV HUD Metro FMR Area",2p0c,674,585,1275,1556,391,0,996,5477,8088,7023,15295,18676,4692,0,11951,65725,67907,0,,,
3189,WV,"Fayette County, WV HUD Metro FMR Area",2p1c,884,726,1400,2008,500,839,1347,7704,10608,8714,16798,24094,5999,10070,16162,92445,67907,0,,,
3189,WV,"Fayette County, WV HUD Metro FMR Area",2p2c,884,924,1491,2459,561,1593,1656,9567,10608,11082,17887,29512,6734,19115,19868,114805,67907,0,,,
3189,WV,"Fayette County, WV HUD Metro FMR Area",2p3c,1176,1127,1557,2911,715,1825,2136,11446,14112,13519,18683,34930,8579,21898,25633,137354,67907,0,,,
3189,WV,"Fayette County, WV HUD Metro FMR Area",2p4c,1176,1379,1683,3002,793,1825,2437,12295,14112,16547,20191,36026,9519,21898,29241,147535,67907,0,,,
3190,WV,"Raleigh County, WV HUD Metro FMR Area",1p0c,709,316,1042,778,318,0,767,3931,8508,3796,12508,9338,3820,0,9202,47172,68685,0,,,
3190,WV,"Raleigh County, WV HUD Metro FMR Area",1p1c,936,464,1278,1230,435,845,1065,6252,11232,5567,15331,14756,5216,10144,12781,75026,68685,0,,,
3190,WV,"Raleigh County, WV HUD Metro FMR Area",1p2c,936,684,1412,1681,503,1601,1598,8415,11232,8209,16946,20174,6036,19209,19175,100981,68685,0,,,
3190,WV,"Raleigh County, WV HUD Metro FMR Area",1p3c,1286,912,1509,2133,682,1833,2229,10584,15432,10939,18108,25592,8187,21998,26748,127004,68685,0,,,
3190,WV,"Raleigh County, WV HUD Metro FMR Area",1p4c,1286,1116,1647,2224,746,1833,2523,11376,15432,13393,19769,26688,8949,21998,30280,136509,68685,0,,,
3190,WV,"Raleigh County, WV HUD Metro FMR Area",2p0c,713,580,1225,1556,401,0,994,5469,8556,6960,14696,18676,4817,0,11927,65631,68685,0,,,
3190,WV,"Raleigh County, WV HUD Metro FMR Area",2p1c,936,720,1351,2008,514,845,1353,7727,11232,8635,16217,24094,6168,10144,16236,92726,68685,0,,,
3190,WV,"Raleigh County, WV HUD Metro FMR Area",2p2c,936,915,1442,2459,575,1601,1664,9592,11232,10982,17307,29512,6897,19209,19971,115109,68685,0,,,
3190,WV,"Raleigh County, WV HUD Metro FMR Area",2p3c,1286,1116,1576,2911,746,1833,2228,11696,15432,13397,18912,34930,8951,21998,26736,140355,68685,0,,,
3190,WV,"Raleigh County, WV HUD Metro FMR Area",2p4c,1286,1367,1632,3002,824,1833,2463,12406,15432,16398,19583,36026,9882,21998,29550,148869,68685,0,,,
3191,WA,"Bellingham, WA MSA",1p0c,1348,418,1104,395,548,0,750,4563,16176,5019,13246,4738,6581,0,8996,54756,102596,0,,,
3191,WA,"Bellingham, WA MSA",1p1c,1642,613,1421,627,700,1471,1169,7644,19704,7360,17053,7520,8403,17653,14030,91724,102596,0,,,
3191,WA,"Bellingham, WA MSA",1p2c,1642,905,1564,859,791,2483,1632,9874,19704,10854,18763,10302,9487,29796,19578,118484,102596,0,,,
3191,WA,"Bellingham, WA MSA",1p3c,2301,1205,1660,1090,1089,2794,2265,12405,27612,14463,19925,13083,13063,33533,27182,148861,102596,0,,,
3191,WA,"Bellingham, WA MSA",1p4c,2301,1476,1729,1162,1173,2794,2456,13090,27612,17707,20747,13943,14070,33533,29467,157078,102596,0,,,
3191,WA,"Bellingham, WA MSA",2p0c,1381,767,1358,790,667,0,822,5785,16572,9202,16296,9476,8002,0,9866,69415,102596,0,,,
3191,WA,"Bellingham, WA MSA",2p1c,1642,952,1493,1022,805,1471,1142,8527,19704,11418,17921,12258,9662,17653,13701,102318,102596,0,,,
3191,WA,"Bellingham, WA MSA",2p2c,1642,1210,1585,1253,886,2483,1432,10491,19704,14520,19021,15040,10626,29796,17180,125886,102596,0,,,
3191,WA,"Bellingham, WA MSA",2p3c,2301,1476,1650,1485,1173,2794,1950,12829,27612,17713,19794,17821,14072,33533,23404,153949,102596,0,,,
3191,WA,"Bellingham, WA MSA",2p4c,2301,1807,1770,1557,1275,2794,2216,13720,27612,21681,21237,18681,15304,33533,26597,164644,102596,0,,,
3192,OR,"Bend-Redmond, OR MSA",1p0c,1285,404,1112,515,524,0,1228,5068,15420,4846,13343,6181,6292,0,14730,60813,106366,0,,,
3192,OR,"Bend-Redmond, OR MSA",1p1c,1667,592,1434,776,701,1226,1936,8333,20004,7107,17213,9307,8417,14707,23237,99991,106366,0,,,
3192,OR,"Bend-Redmond, OR MSA",1p2c,1667,873,1581,1036,789,1646,2329,9922,20004,10480,18972,12433,9464,19755,27952,119059,106366,0,,,
3192,OR,"Bend-Redmond, OR MSA",1p3c,2336,1164,1682,1297,1087,1776,3208,12548,28032,13964,20178,15560,13039,21308,38498,150578,106366,0,,,
3192,OR,"Bend-Redmond, OR MSA",1p4c,2336,1425,1753,1346,1168,1776,3382,13185,28032,17097,21033,16149,14011,21308,40588,158218,106366,0,,,
3192,OR,"Bend-Redmond, OR MSA",2p0c,1318,740,1373,1030,639,0,1360,6461,15816,8885,16472,12362,7669,0,16325,77529,106366,0,,,
3192,OR,"Bend-Redmond, OR MSA",2p1c,1667,919,1511,1291,803,1226,1976,9392,20004,11024,18131,15488,9633,14707,23714,112701,106366,0,,,
3192,OR,"Bend-Redmond, OR MSA",2p2c,1667,1168,1605,1551,880,1646,2260,10778,20004,14019,19262,18614,10563,19755,27114,129331,106366,0,,,
3192,OR,"Bend-Redmond, OR MSA",2p3c,2336,1425,1672,1812,1168,1776,2992,13180,28032,17103,20060,21740,14013,21308,35899,158156,106366,0,,,
3192,OR,"Bend-Redmond, OR MSA",2p4c,2336,1744,1794,1861,1267,1776,3311,14089,28032,20933,21530,22330,15202,21308,39730,169066,106366,0,,,
3193,MT,"Billings, MT HUD Metro FMR Area",1p0c,1013,351,1076,374,424,0,817,4055,12156,4212,12914,4493,5082,0,9798,48655,93887.53627,0,,,
3193,MT,"Billings, MT HUD Metro FMR Area",1p1c,1373,515,1381,594,586,1026,1215,6690,16476,6176,16577,7128,7033,12311,14577,80278,93887.53627,0,,,
3193,MT,"Billings, MT HUD Metro FMR Area",1p2c,1373,759,1517,814,662,2052,1804,8981,16476,9107,18207,9763,7943,24622,21652,107771,93887.53627,0,,,
3193,MT,"Billings, MT HUD Metro FMR Area",1p3c,1888,1011,1610,1033,900,2368,2532,11342,22656,12136,19317,12399,10802,28410,30388,136107,93887.53627,0,,,
3193,MT,"Billings, MT HUD Metro FMR Area",1p4c,1888,1238,1675,1103,971,2368,2757,11999,22656,14858,20102,13240,11647,28410,33079,143992,93887.53627,0,,,
3193,MT,"Billings, MT HUD Metro FMR Area",2p0c,1062,643,1326,749,530,0,853,5163,12744,7721,15912,8986,6354,0,10235,61952,93887.53627,0,,,
3193,MT,"Billings, MT HUD Metro FMR Area",2p1c,1373,798,1455,968,674,1026,1249,7544,16476,9580,17462,11621,8090,12311,14988,90528,93887.53627,0,,,
3193,MT,"Billings, MT HUD Metro FMR Area",2p2c,1373,1015,1543,1188,742,2052,1580,9492,16476,12183,18513,14257,8898,24622,18958,113907,93887.53627,0,,,
3193,MT,"Billings, MT HUD Metro FMR Area",2p3c,1888,1239,1604,1408,971,2368,2152,11629,22656,14863,19252,16892,11649,28410,25824,139546,93887.53627,0,,,
3193,MT,"Billings, MT HUD Metro FMR Area",2p4c,1888,1516,1722,1478,1057,2368,2448,12475,22656,18192,20658,17733,12682,28410,29371,149703,93887.53627,0,,,
3194,MT,"Stillwater County, MT HUD Metro FMR Area",1p0c,877,351,1320,374,381,0,840,4144,10524,4212,15842,4493,4575,0,10085,49731,101688,0,,,
3194,MT,"Stillwater County, MT HUD Metro FMR Area",1p1c,1218,515,1724,594,538,1063,1310,6961,14616,6176,20688,7128,6455,12753,15718,83535,101688,0,,,
3194,MT,"Stillwater County, MT HUD Metro FMR Area",1p2c,1218,759,1908,814,614,2125,1968,9406,14616,9107,22895,9763,7365,25505,23618,112870,101688,0,,,
3194,MT,"Stillwater County, MT HUD Metro FMR Area",1p3c,1705,1011,2033,1033,843,2452,2705,11783,20460,12136,24391,12399,10120,29429,32460,141394,101688,0,,,
3194,MT,"Stillwater County, MT HUD Metro FMR Area",1p4c,1705,1238,2121,1103,914,2452,2937,12471,20460,14858,25453,13240,10965,29429,35246,149651,101688,0,,,
3194,MT,"Stillwater County, MT HUD Metro FMR Area",2p0c,928,643,1643,749,488,0,903,5355,11136,7721,19718,8986,5855,0,10841,64257,101688,0,,,
3194,MT,"Stillwater County, MT HUD Metro FMR Area",2p1c,1218,798,1815,968,626,1063,1319,7808,14616,9580,21781,11621,7512,12753,15833,93697,101688,0,,,
3194,MT,"Stillwater County, MT HUD Metro FMR Area",2p2c,1218,1015,1931,1188,693,2125,1715,9886,14616,12183,23170,14257,8320,25505,20576,118627,101688,0,,,
3194,MT,"Stillwater County, MT HUD Metro FMR Area",2p3c,1705,1239,2013,1408,914,2452,2302,12032,20460,14863,24151,16892,10967,29429,27623,144385,101688,0,,,
3194,MT,"Stillwater County, MT HUD Metro FMR Area",2p4c,1705,1516,2159,1478,1000,2452,2590,12901,20460,18192,25912,17733,12000,29429,31080,154806,101688,0,,,
3195,NY,"Binghamton, NY MSA",1p0c,869,365,1023,568,383,0,805,4013,10428,4382,12275,6815,4598,0,9660,48160,84044.36521,0,,,
3195,NY,"Binghamton, NY MSA",1p1c,1188,536,1252,954,535,1014,1134,6612,14256,6426,15029,11442,6421,12167,13607,79349,84044.36521,0,,,
3195,NY,"Binghamton, NY MSA",1p2c,1188,790,1437,993,614,1997,1602,8621,14256,9477,17242,11920,7368,23968,19218,103450,84044.36521,0,,,
3195,NY,"Binghamton, NY MSA",1p3c,1533,1052,1527,1033,803,2300,2051,10299,18396,12628,18321,12399,9632,27600,24612,123588,84044.36521,0,,,
3195,NY,"Binghamton, NY MSA",1p4c,1533,1288,1591,1073,876,2300,2317,10979,18396,15461,19094,12877,10512,27600,27805,131743,84044.36521,0,,,
3195,NY,"Binghamton, NY MSA",2p0c,939,670,1201,1136,499,0,932,5377,11268,8035,14413,13631,5993,0,11184,64524,84044.36521,0,,,
3195,NY,"Binghamton, NY MSA",2p1c,1188,831,1379,1596,627,1014,1328,7962,14256,9969,16548,19147,7521,12167,15941,95548,84044.36521,0,,,
3195,NY,"Binghamton, NY MSA",2p2c,1188,1056,1464,1635,697,1997,1533,9571,14256,12677,17569,19625,8362,23968,18390,114848,84044.36521,0,,,
3195,NY,"Binghamton, NY MSA",2p3c,1533,1289,1525,1675,876,2300,1858,11055,18396,15466,18295,20103,10513,27600,22290,132663,84044.36521,0,,,
3195,NY,"Binghamton, NY MSA",2p4c,1533,1578,1573,1715,966,2300,2163,11827,18396,18930,18878,20581,11589,27600,25953,141927,84044.36521,0,,,
3196,AL,"Birmingham-Hoover, AL HUD Metro FMR Area",1p0c,998,374,1047,489,426,0,824,4158,11976,4488,12566,5866,5112,0,9885,49893,91287.97489,1,79,56,74
3196,AL,"Birmingham-Hoover, AL HUD Metro FMR Area",1p1c,1267,548,1350,727,564,702,1014,6172,15204,6581,16201,8721,6764,8426,12169,74066,91287.97489,1,79,56,74
3196,AL,"Birmingham-Hoover, AL HUD Metro FMR Area",1p2c,1267,809,1485,965,645,1333,1327,7830,15204,9705,17817,11577,7734,15997,15926,93959,91287.97489,1,79,56,74
3196,AL,"Birmingham-Hoover, AL HUD Metro FMR Area",1p3c,1583,1078,1577,1203,826,1527,1746,9539,18996,12932,18923,14432,9913,18326,20946,114468,91287.97489,1,79,56,74
3196,AL,"Birmingham-Hoover, AL HUD Metro FMR Area",1p4c,1583,1320,1642,1244,901,1527,1972,10189,18996,15834,19707,14923,10814,18326,23669,122268,91287.97489,1,79,56,74
3196,AL,"Birmingham-Hoover, AL HUD Metro FMR Area",2p0c,1144,686,1304,978,568,0,1031,5711,13728,8228,15649,11732,6817,0,12374,68528,91287.97489,1,79,56,74
3196,AL,"Birmingham-Hoover, AL HUD Metro FMR Area",2p1c,1267,851,1432,1216,658,702,1205,7330,15204,10209,17184,14587,7890,8426,14456,87958,91287.97489,1,79,56,74
3196,AL,"Birmingham-Hoover, AL HUD Metro FMR Area",2p2c,1267,1082,1519,1454,729,1333,1321,8705,15204,12983,18230,17442,8751,15997,15847,104454,91287.97489,1,79,56,74
3196,AL,"Birmingham-Hoover, AL HUD Metro FMR Area",2p3c,1583,1320,1581,1692,901,1527,1622,10226,18996,15839,18967,20298,10815,18326,19467,122708,91287.97489,1,79,56,74
3196,AL,"Birmingham-Hoover, AL HUD Metro FMR Area",2p4c,1583,1616,1629,1732,993,1527,1839,10920,18996,19387,19553,20789,11917,18326,22067,131034,91287.97489,1,79,56,74
3197,AL,"Chilton County, AL HUD Metro FMR Area",1p0c,678,341,1143,489,317,0,710,3678,8136,4096,13715,5866,3798,0,8523,44133,74137,0,,,
3197,AL,"Chilton County, AL HUD Metro FMR Area",1p1c,881,501,1381,727,429,629,819,5367,10572,6007,16576,8721,5147,7553,9832,64408,74137,0,,,
3197,AL,"Chilton County, AL HUD Metro FMR Area",1p2c,881,738,1519,965,503,1201,1006,6812,10572,8858,18222,11577,6032,14410,12077,81748,74137,0,,,
3197,AL,"Chilton County, AL HUD Metro FMR Area",1p3c,1203,984,1618,1203,679,1377,1363,8426,14436,11803,19413,14432,8147,16520,16355,101106,74137,0,,,
3197,AL,"Chilton County, AL HUD Metro FMR Area",1p4c,1203,1204,1763,1244,747,1377,1606,9143,14436,14451,21150,14923,8969,16520,19271,109720,74137,0,,,
3197,AL,"Chilton County, AL HUD Metro FMR Area",2p0c,682,626,1324,978,406,0,825,4840,8184,7510,15889,11732,4872,0,9895,58081,74137,0,,,
3197,AL,"Chilton County, AL HUD Metro FMR Area",2p1c,881,777,1453,1216,515,629,1001,6471,10572,9318,17435,14587,6175,7553,12016,77656,74137,0,,,
3197,AL,"Chilton County, AL HUD Metro FMR Area",2p2c,881,987,1546,1454,580,1201,1092,7741,10572,11849,18550,17442,6961,14410,13107,92892,74137,0,,,
3197,AL,"Chilton County, AL HUD Metro FMR Area",2p3c,1203,1205,1686,1692,748,1377,1321,9230,14436,14456,20228,20298,8970,16520,15846,110754,74137,0,,,
3197,AL,"Chilton County, AL HUD Metro FMR Area",2p4c,1203,1475,1743,1732,831,1377,1513,9874,14436,17694,20920,20789,9975,16520,18153,118487,74137,0,,,
3198,ND,"Bismarck, ND MSA",1p0c,828,350,1105,406,366,0,551,3606,9936,4197,13260,4871,4388,0,6617,43268,111753.5964,0,,,
3198,ND,"Bismarck, ND MSA",1p1c,1023,513,1362,634,477,948,660,5617,12276,6154,16347,7611,5722,11377,7914,67400,111753.5964,0,,,
3198,ND,"Bismarck, ND MSA",1p2c,1023,756,1492,863,552,1887,953,7526,12276,9075,17907,10350,6629,22640,11433,90310,111753.5964,0,,,
3198,ND,"Bismarck, ND MSA",1p3c,1433,1008,1641,1091,758,2176,1439,9545,17196,12092,19693,13090,9093,26106,17272,114543,111753.5964,0,,,
3198,ND,"Bismarck, ND MSA",1p4c,1433,1234,1704,1153,828,2176,1651,10179,17196,14805,20453,13835,9935,26106,19815,122145,111753.5964,0,,,
3198,ND,"Bismarck, ND MSA",2p0c,917,641,1311,812,484,0,627,4792,11004,7694,15734,9741,5805,0,7523,57501,111753.5964,0,,,
3198,ND,"Bismarck, ND MSA",2p1c,1023,796,1435,1040,565,948,756,6562,12276,9546,17225,12481,6775,11377,9067,78747,111753.5964,0,,,
3198,ND,"Bismarck, ND MSA",2p2c,1023,1012,1580,1268,632,1887,880,8281,12276,12140,18961,15221,7580,22640,10554,99372,111753.5964,0,,,
3198,ND,"Bismarck, ND MSA",2p3c,1433,1234,1640,1497,828,2176,1143,9950,17196,14810,19683,17961,9937,26106,13711,119403,111753.5964,0,,,
3198,ND,"Bismarck, ND MSA",2p4c,1433,1511,1686,1559,914,2176,1322,10601,17196,18128,20236,18705,10967,26106,15868,127206,111753.5964,0,,,
3199,VA,"Blacksburg-Christiansburg-Radford, VA HUD Metro FMR Area",1p0c,925,371,1021,403,403,0,782,3905,11100,4456,12247,4839,4830,0,9383,46855,101907.9067,0,,,
3199,VA,"Blacksburg-Christiansburg-Radford, VA HUD Metro FMR Area",1p1c,1231,545,1319,630,551,822,1031,6130,14772,6535,15829,7564,6615,9868,12373,73556,101907.9067,0,,,
3199,VA,"Blacksburg-Christiansburg-Radford, VA HUD Metro FMR Area",1p2c,1231,803,1451,857,632,1619,1438,8032,14772,9636,17411,10289,7578,19432,17260,96379,101907.9067,0,,,
3199,VA,"Blacksburg-Christiansburg-Radford, VA HUD Metro FMR Area",1p3c,1647,1070,1540,1085,844,1865,2008,10058,19764,12841,18484,13014,10123,22375,24096,120696,101907.9067,0,,,
3199,VA,"Blacksburg-Christiansburg-Radford, VA HUD Metro FMR Area",1p4c,1647,1310,1603,1148,918,1865,2252,10743,19764,15721,19241,13779,11017,22375,27021,128919,101907.9067,0,,,
3199,VA,"Blacksburg-Christiansburg-Radford, VA HUD Metro FMR Area",2p0c,968,681,1273,807,512,0,882,5122,11616,8170,15273,9678,6143,0,10589,61469,101907.9067,0,,,
3199,VA,"Blacksburg-Christiansburg-Radford, VA HUD Metro FMR Area",2p1c,1231,845,1399,1034,645,822,1152,7127,14772,10137,16788,12403,7734,9868,13819,85521,101907.9067,0,,,
3199,VA,"Blacksburg-Christiansburg-Radford, VA HUD Metro FMR Area",2p2c,1231,1074,1484,1261,716,1619,1310,8695,14772,12891,17810,15128,8589,19432,15714,104336,101907.9067,0,,,
3199,VA,"Blacksburg-Christiansburg-Radford, VA HUD Metro FMR Area",2p3c,1647,1311,1544,1488,918,1865,1726,10498,19764,15727,18529,17853,11019,22375,20711,125978,101907.9067,0,,,
3199,VA,"Blacksburg-Christiansburg-Radford, VA HUD Metro FMR Area",2p4c,1647,1604,1659,1552,1009,1865,2014,11350,19764,19249,19908,18618,12113,22375,24173,136200,101907.9067,0,,,
3200,VA,"Giles County, VA HUD Metro FMR Area",1p0c,750,332,1165,403,336,0,737,3723,9000,3981,13974,4839,4030,0,8849,44673,80086,0,,,
3200,VA,"Giles County, VA HUD Metro FMR Area",1p1c,947,487,1411,630,445,657,853,5430,11364,5838,16936,7564,5341,7883,10230,65155,80086,0,,,
3200,VA,"Giles County, VA HUD Metro FMR Area",1p2c,947,717,1551,857,517,1317,1078,6984,11364,8608,18606,10289,6201,15808,12930,83805,80086,0,,,
3200,VA,"Giles County, VA HUD Metro FMR Area",1p3c,1180,956,1650,1085,663,1521,1420,8474,14160,11471,19799,13014,7958,18246,17040,101686,80086,0,,,
3200,VA,"Giles County, VA HUD Metro FMR Area",1p4c,1180,1170,1796,1148,730,1521,1695,9239,14160,14044,21549,13779,8757,18246,20337,110871,80086,0,,,
3200,VA,"Giles County, VA HUD Metro FMR Area",2p0c,855,608,1352,807,454,0,826,4902,10260,7298,16219,9678,5451,0,9915,58822,80086,0,,,
3200,VA,"Giles County, VA HUD Metro FMR Area",2p1c,947,755,1482,1034,528,657,956,6358,11364,9055,17787,12403,6340,7883,11467,76300,80086,0,,,
3200,VA,"Giles County, VA HUD Metro FMR Area",2p2c,947,960,1575,1261,592,1317,1059,7710,11364,11516,18902,15128,7104,15808,12703,92523,80086,0,,,
3200,VA,"Giles County, VA HUD Metro FMR Area",2p3c,1180,1171,1716,1488,730,1521,1259,9064,14160,14049,20591,17853,8758,18246,15107,108763,80086,0,,,
3200,VA,"Giles County, VA HUD Metro FMR Area",2p4c,1180,1433,1773,1552,811,1521,1470,9739,14160,17195,21274,18618,9735,18246,17634,116862,80086,0,,,
3201,VA,"Pulaski County, VA HUD Metro FMR Area",1p0c,726,332,1101,403,328,0,705,3595,8712,3981,13209,4839,3941,0,8458,43139,79338,0,,,
3201,VA,"Pulaski County, VA HUD Metro FMR Area",1p1c,916,487,1342,630,435,657,815,5283,10992,5838,16108,7564,5225,7883,9780,63390,79338,0,,,
3201,VA,"Pulaski County, VA HUD Metro FMR Area",1p2c,916,717,1477,857,507,1317,1022,6813,10992,8608,17719,10289,6085,15808,12259,81761,79338,0,,,
3201,VA,"Pulaski County, VA HUD Metro FMR Area",1p3c,1250,956,1640,1085,685,1521,1466,8601,15000,11471,19679,13014,8218,18246,17588,103216,79338,0,,,
3201,VA,"Pulaski County, VA HUD Metro FMR Area",1p4c,1250,1170,1711,1148,751,1521,1699,9251,15000,14044,20537,13779,9017,18246,20390,111013,79338,0,,,
3201,VA,"Pulaski County, VA HUD Metro FMR Area",2p0c,827,608,1287,807,446,0,792,4767,9924,7298,15449,9678,5347,0,9507,57204,79338,0,,,
3201,VA,"Pulaski County, VA HUD Metro FMR Area",2p1c,916,755,1415,1034,519,657,919,6213,10992,9055,16975,12403,6224,7883,11022,74555,79338,0,,,
3201,VA,"Pulaski County, VA HUD Metro FMR Area",2p2c,916,960,1572,1261,582,1317,1044,7652,10992,11516,18869,15128,6988,15808,12525,91825,79338,0,,,
3201,VA,"Pulaski County, VA HUD Metro FMR Area",2p3c,1250,1171,1640,1488,752,1521,1266,9086,15000,14049,19676,17853,9019,18246,15192,109034,79338,0,,,
3201,VA,"Pulaski County, VA HUD Metro FMR Area",2p4c,1250,1433,1694,1552,833,1521,1476,9758,15000,17195,20329,18618,9996,18246,17709,117093,79338,0,,,
3202,IL,"Bloomington, IL MSA",1p0c,770,352,1074,677,348,0,830,4052,9240,4223,12890,8125,4180,0,9959,48618,112015,0,,,
3202,IL,"Bloomington, IL MSA",1p1c,1080,516,1325,1068,496,1414,1427,7326,12960,6193,15895,12814,5946,16973,17128,87908,112015,0,,,
3202,IL,"Bloomington, IL MSA",1p2c,1080,761,1452,1459,572,1867,1762,8951,12960,9132,17421,17502,6859,22399,21141,107414,112015,0,,,
3202,IL,"Bloomington, IL MSA",1p3c,1426,1014,1599,1849,758,2006,2311,10963,17112,12169,19192,22190,9091,24069,27732,131554,112015,0,,,
3202,IL,"Bloomington, IL MSA",1p4c,1426,1242,1661,1931,828,2006,2554,11647,17112,14899,19928,23174,9938,24069,30646,139765,112015,0,,,
3202,IL,"Bloomington, IL MSA",2p0c,835,645,1278,1354,460,0,1052,5624,10020,7743,15341,16251,5515,0,12618,67488,112015,0,,,
3202,IL,"Bloomington, IL MSA",2p1c,1080,801,1400,1745,584,1414,1549,8573,12960,9607,16800,20939,7006,16973,18587,102871,112015,0,,,
3202,IL,"Bloomington, IL MSA",2p2c,1080,1018,1544,2136,651,1867,1784,10079,12960,12217,18522,25627,7817,22399,21409,120950,112015,0,,,
3202,IL,"Bloomington, IL MSA",2p3c,1426,1242,1602,2526,828,2006,2200,11830,17112,14904,19220,30315,9940,24069,26402,141962,112015,0,,,
3202,IL,"Bloomington, IL MSA",2p4c,1426,1520,1647,2608,915,2006,2451,12573,17112,18242,19768,31299,10976,24069,29411,150877,112015,0,,,
3203,IN,"Bloomington, IN HUD Metro FMR Area",1p0c,958,355,994,426,408,0,714,3855,11496,4258,11928,5113,4891,0,8568,46254,96950,0,,,
3203,IN,"Bloomington, IN HUD Metro FMR Area",1p1c,1223,520,1272,666,541,987,945,6155,14676,6244,15262,7997,6495,11847,11334,73855,96950,0,,,
3203,IN,"Bloomington, IN HUD Metro FMR Area",1p2c,1223,767,1395,907,618,1755,1268,7932,14676,9207,16738,10882,7415,21056,15215,95189,96950,0,,,
3203,IN,"Bloomington, IN HUD Metro FMR Area",1p3c,1618,1022,1479,1147,820,1991,1728,9805,19416,12269,17750,13767,9837,23889,20734,117661,96950,0,,,
3203,IN,"Bloomington, IN HUD Metro FMR Area",1p4c,1618,1252,1539,1211,891,1991,1945,10446,19416,15021,18466,14529,10692,23889,23338,125350,96950,0,,,
3203,IN,"Bloomington, IN HUD Metro FMR Area",2p0c,1080,651,1227,852,537,0,864,5211,12960,7806,14718,10225,6447,0,10370,62527,96950,0,,,
3203,IN,"Bloomington, IN HUD Metro FMR Area",2p1c,1223,807,1344,1093,630,987,1086,7170,14676,9685,16126,13110,7564,11847,13033,86041,96950,0,,,
3203,IN,"Bloomington, IN HUD Metro FMR Area",2p2c,1223,1026,1424,1333,698,1755,1204,8664,14676,12317,17087,15994,8381,21056,14453,103964,96950,0,,,
3203,IN,"Bloomington, IN HUD Metro FMR Area",2p3c,1618,1252,1480,1573,891,1991,1522,10328,19416,15026,17765,18879,10693,23889,18265,123932,96950,0,,,
3203,IN,"Bloomington, IN HUD Metro FMR Area",2p4c,1618,1533,1525,1637,978,1991,1723,11005,19416,18392,18303,19641,11738,23889,20678,132058,96950,0,,,
3204,IN,"Owen County, IN HUD Metro FMR Area",1p0c,722,353,1161,426,334,0,671,3667,8664,4235,13936,5113,4005,0,8053,44005,74254,0,,,
3204,IN,"Owen County, IN HUD Metro FMR Area",1p1c,954,518,1429,666,457,872,840,5736,11448,6210,17146,7997,5482,10467,10080,68831,74254,0,,,
3204,IN,"Owen County, IN HUD Metro FMR Area",1p2c,954,763,1576,907,533,1550,1084,7368,11448,9157,18913,10882,6397,18603,13013,88414,74254,0,,,
3204,IN,"Owen County, IN HUD Metro FMR Area",1p3c,1185,1017,1751,1147,684,1759,1444,8987,14220,12202,21017,13767,8203,21107,17325,107841,74254,0,,,
3204,IN,"Owen County, IN HUD Metro FMR Area",1p4c,1185,1245,1829,1211,754,1759,1666,9649,14220,14939,21944,14529,9053,21107,19992,115784,74254,0,,,
3204,IN,"Owen County, IN HUD Metro FMR Area",2p0c,727,647,1369,852,427,0,767,4789,8724,7764,16422,10225,5119,0,9209,57463,74254,0,,,
3204,IN,"Owen County, IN HUD Metro FMR Area",2p1c,954,803,1507,1093,545,872,994,6767,11448,9633,18079,13110,6545,10467,11924,81206,74254,0,,,
3204,IN,"Owen County, IN HUD Metro FMR Area",2p2c,954,1021,1675,1333,613,1550,1107,8253,11448,12250,20100,15994,7358,18603,13285,99039,74254,0,,,
3204,IN,"Owen County, IN HUD Metro FMR Area",2p3c,1185,1245,1747,1573,755,1759,1293,9557,14220,14944,20964,18879,9055,21107,15511,114680,74254,0,,,
3204,IN,"Owen County, IN HUD Metro FMR Area",2p4c,1185,1524,1805,1637,841,1759,1488,10239,14220,18292,21660,19641,10094,21107,17855,122869,74254,0,,,
3205,PA,"Columbia County, PA HUD Metro FMR Area",1p0c,730,348,1060,513,335,0,675,3661,8760,4177,12717,6151,4017,0,8105,43927,77998,0,,,
3205,PA,"Columbia County, PA HUD Metro FMR Area",1p1c,1065,510,1302,815,489,752,864,5797,12780,6125,15622,9779,5870,9020,10364,69559,77998,0,,,
3205,PA,"Columbia County, PA HUD Metro FMR Area",1p2c,1065,753,1497,1117,564,1557,1234,7787,12780,9032,17967,13407,6772,18684,14802,93444,77998,0,,,
3205,PA,"Columbia County, PA HUD Metro FMR Area",1p3c,1283,1003,1595,1420,710,1805,1616,9430,15396,12036,19135,17035,8517,21657,19388,113164,77998,0,,,
3205,PA,"Columbia County, PA HUD Metro FMR Area",1p4c,1283,1228,1665,1492,780,1805,1848,10100,15396,14736,19977,17900,9355,21657,22179,121199,77998,0,,,
3205,PA,"Columbia County, PA HUD Metro FMR Area",2p0c,871,638,1248,1025,469,0,844,5095,10452,7658,14975,12302,5623,0,10127,61136,77998,0,,,
3205,PA,"Columbia County, PA HUD Metro FMR Area",2p1c,1065,792,1435,1328,577,752,1059,7006,12780,9502,17218,15930,6918,9020,12708,84076,77998,0,,,
3205,PA,"Columbia County, PA HUD Metro FMR Area",2p2c,1065,1007,1526,1630,643,1557,1212,8639,12780,12083,18309,19558,7719,18684,14539,103671,77998,0,,,
3205,PA,"Columbia County, PA HUD Metro FMR Area",2p3c,1283,1228,1591,1932,780,1805,1470,10089,15396,14741,19090,23186,9357,21657,17643,121070,77998,0,,,
3205,PA,"Columbia County, PA HUD Metro FMR Area",2p4c,1283,1504,1643,2004,865,1805,1682,10786,15396,18043,19719,24051,10382,21657,20181,129428,77998,0,,,
3206,PA,"Montour County, PA HUD Metro FMR Area",1p0c,844,330,1072,513,364,0,716,3838,10128,3958,12858,6151,4373,0,8590,46059,92283,0,,,
3206,PA,"Montour County, PA HUD Metro FMR Area",1p1c,1231,484,1389,815,532,827,985,6262,14772,5804,16667,9779,6388,9922,11814,75145,92283,0,,,
3206,PA,"Montour County, PA HUD Metro FMR Area",1p2c,1231,713,1533,1117,604,1578,1344,8121,14772,8558,18400,13407,7243,18941,16124,97446,92283,0,,,
3206,PA,"Montour County, PA HUD Metro FMR Area",1p3c,1725,950,1633,1420,831,1810,1911,10278,20700,11404,19592,17035,9967,21717,22926,123341,92283,0,,,
3206,PA,"Montour County, PA HUD Metro FMR Area",1p4c,1725,1164,1704,1492,897,1810,2138,10929,20700,13962,20443,17900,10762,21717,25659,131143,92283,0,,,
3206,PA,"Montour County, PA HUD Metro FMR Area",2p0c,1000,605,1334,1025,498,0,906,5368,12000,7256,16005,12302,5978,0,10874,64415,92283,0,,,
3206,PA,"Montour County, PA HUD Metro FMR Area",2p1c,1231,750,1469,1328,615,827,1139,7359,14772,9003,17631,15930,7381,9922,13673,88313,92283,0,,,
3206,PA,"Montour County, PA HUD Metro FMR Area",2p2c,1231,954,1562,1630,678,1578,1294,8928,14772,11449,18743,19558,8141,18941,15528,107132,92283,0,,,
3206,PA,"Montour County, PA HUD Metro FMR Area",2p3c,1725,1164,1628,1932,897,1810,1705,10860,20700,13967,19532,23186,10763,21717,20457,130322,92283,0,,,
3206,PA,"Montour County, PA HUD Metro FMR Area",2p4c,1725,1425,1680,2004,978,1810,1930,11551,20700,17096,20161,24051,11735,21717,23158,138617,92283,0,,,
3207,ID,"Boise City, ID HUD Metro FMR Area",1p0c,1300,394,1075,388,526,0,966,4648,15600,4731,12896,4652,6312,0,11587,55778,99443.34756,1,38,39,52
3207,ID,"Boise City, ID HUD Metro FMR Area",1p1c,1838,578,1378,615,750,877,1382,7418,22056,6937,16541,7383,9002,10519,16578,89015,99443.34756,1,38,39,52
3207,ID,"Boise City, ID HUD Metro FMR Area",1p2c,1838,853,1514,843,835,1706,1858,9446,22056,10230,18163,10113,10024,20475,22292,113353,99443.34756,1,38,39,52
3207,ID,"Boise City, ID HUD Metro FMR Area",1p3c,2575,1136,1606,1070,1152,1962,2716,12217,30900,13631,19272,12844,13826,23538,32593,146604,99443.34756,1,38,39,52
3207,ID,"Boise City, ID HUD Metro FMR Area",1p4c,2575,1391,1672,1141,1231,1962,2982,12954,30900,16689,20060,13697,14775,23538,35785,155444,99443.34756,1,38,39,52
3207,ID,"Boise City, ID HUD Metro FMR Area",2p0c,1534,723,1327,775,701,0,1079,6139,18408,8673,15925,9305,8408,0,12946,73664,99443.34756,1,38,39,52
3207,ID,"Boise City, ID HUD Metro FMR Area",2p1c,1838,897,1456,1003,849,877,1378,8297,22056,10761,17467,12035,10189,10519,16534,99561,99443.34756,1,38,39,52
3207,ID,"Boise City, ID HUD Metro FMR Area",2p2c,1838,1140,1543,1231,925,1706,1664,10047,22056,13685,18516,14766,11097,20475,19973,120567,99443.34756,1,38,39,52
3207,ID,"Boise City, ID HUD Metro FMR Area",2p3c,2575,1391,1605,1458,1231,1962,2380,12602,30900,16695,19258,17496,14777,23538,28554,151218,99443.34756,1,38,39,52
3207,ID,"Boise City, ID HUD Metro FMR Area",2p4c,2575,1703,1654,1529,1328,1962,2672,13422,30900,20434,19848,18349,15938,23538,32062,161069,99443.34756,1,38,39,52
3208,ID,"Gem County, ID HUD Metro FMR Area",1p0c,926,353,1122,388,397,0,774,3960,11112,4235,13464,4652,4765,0,9290,47517,75265,0,,,
3208,ID,"Gem County, ID HUD Metro FMR Area",1p1c,1322,518,1382,615,571,543,850,5801,15864,6210,16588,7383,6853,6510,10205,69613,75265,0,,,
3208,ID,"Gem County, ID HUD Metro FMR Area",1p2c,1322,763,1528,843,647,1069,1040,7213,15864,9157,18341,10113,7768,12830,12485,86560,75265,0,,,
3208,ID,"Gem County, ID HUD Metro FMR Area",1p3c,1778,1017,1700,1070,868,1231,1584,9248,21336,12202,20405,12844,10413,14775,19005,110980,75265,0,,,
3208,ID,"Gem County, ID HUD Metro FMR Area",1p4c,1778,1245,1778,1141,939,1231,1846,9959,21336,14939,21340,13697,11262,14775,22154,119504,75265,0,,,
3208,ID,"Gem County, ID HUD Metro FMR Area",2p0c,1008,647,1319,775,514,0,795,5058,12096,7764,15827,9305,6166,0,9538,60695,75265,0,,,
3208,ID,"Gem County, ID HUD Metro FMR Area",2p1c,1322,803,1455,1003,660,543,974,6759,15864,9633,17462,12035,7916,6510,11686,81106,75265,0,,,
3208,ID,"Gem County, ID HUD Metro FMR Area",2p2c,1322,1021,1620,1231,727,1069,1040,8030,15864,12250,19436,14766,8729,12830,12483,96358,75265,0,,,
3208,ID,"Gem County, ID HUD Metro FMR Area",2p3c,1778,1245,1692,1458,939,1231,1351,9694,21336,14944,20302,17496,11264,14775,16215,116333,75265,0,,,
3208,ID,"Gem County, ID HUD Metro FMR Area",2p4c,1778,1524,1750,1529,1025,1231,1585,10424,21336,18292,21004,18349,12303,14775,19024,125084,75265,0,,,
3209,MA,"Boston-Cambridge-Quincy, MA-NH HUD Metro FMR Area",1p0c,2263,418,1080,413,832,0,1636,6642,27156,5017,12956,4959,9989,0,19633,79709,143205.9999,1,8,77,8
3209,MA,"Boston-Cambridge-Quincy, MA-NH HUD Metro FMR Area",1p1c,2837,613,1335,636,1071,1712,2602,10806,34044,7357,16021,7632,12854,20543,31223,129673,143205.9999,1,8,77,8
3209,MA,"Boston-Cambridge-Quincy, MA-NH HUD Metro FMR Area",1p2c,2837,904,1444,859,1162,2769,3178,13152,34044,10849,17322,10304,13938,33233,38139,157829,143205.9999,1,8,77,8
3209,MA,"Boston-Cambridge-Quincy, MA-NH HUD Metro FMR Area",1p3c,3418,1205,1528,1081,1435,3095,3730,15492,41016,14456,18334,12977,17223,37138,44755,185899,143205.9999,1,8,77,8
3209,MA,"Boston-Cambridge-Quincy, MA-NH HUD Metro FMR Area",1p4c,3418,1475,1573,1121,1519,3095,3984,16185,41016,17699,18870,13456,18229,37138,47808,194217,143205.9999,1,8,77,8
3209,MA,"Boston-Cambridge-Quincy, MA-NH HUD Metro FMR Area",2p0c,2394,767,1298,826,981,0,1552,7819,28728,9198,15576,9917,11775,0,18629,93823,143205.9999,1,8,77,8
3209,MA,"Boston-Cambridge-Quincy, MA-NH HUD Metro FMR Area",2p1c,2837,951,1401,1049,1176,1712,2466,11592,34044,11412,16816,12590,14113,20543,29586,139104,143205.9999,1,8,77,8
3209,MA,"Boston-Cambridge-Quincy, MA-NH HUD Metro FMR Area",2p2c,2837,1209,1482,1272,1256,2769,2992,13818,34044,14513,17783,15263,15076,33233,35908,165820,143205.9999,1,8,77,8
3209,MA,"Boston-Cambridge-Quincy, MA-NH HUD Metro FMR Area",2p3c,3418,1475,1524,1495,1519,3095,3638,16164,41016,17705,18286,17936,18231,37138,43650,193963,143205.9999,1,8,77,8
3209,MA,"Boston-Cambridge-Quincy, MA-NH HUD Metro FMR Area",2p4c,3418,1806,1555,1535,1622,3095,3903,16933,41016,21671,18658,18415,19463,37138,46831,203191,143205.9999,1,8,77,8
3210,NH,"Boston-Cambridge-Quincy, MA-NH HUD Metro FMR Area",1p0c,2263,418,1080,413,832,0,1229,6236,27156,5017,12956,4959,9989,0,14751,74827,143205.9999,,,,
3210,NH,"Boston-Cambridge-Quincy, MA-NH HUD Metro FMR Area",1p1c,2837,613,1335,636,1071,1712,1937,10141,34044,7357,16021,7632,12854,20543,23241,121691,143205.9999,,,,
3210,NH,"Boston-Cambridge-Quincy, MA-NH HUD Metro FMR Area",1p2c,2837,904,1444,859,1162,2769,2440,12414,34044,10849,17322,10304,13938,33233,29277,148967,143205.9999,,,,
3210,NH,"Boston-Cambridge-Quincy, MA-NH HUD Metro FMR Area",1p3c,3418,1205,1528,1081,1435,3095,2856,14618,41016,14456,18334,12977,17223,37138,34270,175414,143205.9999,,,,
3210,NH,"Boston-Cambridge-Quincy, MA-NH HUD Metro FMR Area",1p4c,3418,1475,1573,1121,1519,3095,3009,15209,41016,17699,18870,13456,18229,37138,36103,182512,143205.9999,,,,
3210,NH,"Boston-Cambridge-Quincy, MA-NH HUD Metro FMR Area",2p0c,2394,767,1298,826,981,0,1141,7408,28728,9198,15576,9917,11775,0,13697,88891,143205.9999,,,,
3210,NH,"Boston-Cambridge-Quincy, MA-NH HUD Metro FMR Area",2p1c,2837,951,1401,1049,1176,1712,1769,10895,34044,11412,16816,12590,14113,20543,21224,130742,143205.9999,,,,
3210,NH,"Boston-Cambridge-Quincy, MA-NH HUD Metro FMR Area",2p2c,2837,1209,1482,1272,1256,2769,2171,12997,34044,14513,17783,15263,15076,33233,26052,155964,143205.9999,,,,
3210,NH,"Boston-Cambridge-Quincy, MA-NH HUD Metro FMR Area",2p3c,3418,1475,1524,1495,1519,3095,2652,15178,41016,17705,18286,17936,18231,37138,31825,182138,143205.9999,,,,
3210,NH,"Boston-Cambridge-Quincy, MA-NH HUD Metro FMR Area",2p4c,3418,1806,1555,1535,1622,3095,2867,15897,41016,21671,18658,18415,19463,37138,34404,190765,143205.9999,,,,
3211,MA,"Brockton, MA HUD Metro FMR Area",1p0c,1607,405,1159,409,625,0,1217,5423,19284,4863,13913,4913,7497,0,14607,65076,134031.9508,0,,,
3211,MA,"Brockton, MA HUD Metro FMR Area",1p1c,2155,594,1423,630,854,1382,1935,8974,25860,7131,17080,7560,10243,16587,23222,107683,134031.9508,0,,,
3211,MA,"Brockton, MA HUD Metro FMR Area",1p2c,2155,876,1557,851,941,2444,2583,11406,25860,10516,18678,10208,11294,29324,30994,136873,134031.9508,0,,,
3211,MA,"Brockton, MA HUD Metro FMR Area",1p3c,2730,1168,1711,1071,1210,2770,3223,13883,32760,14012,20526,12855,14521,33243,38672,166590,134031.9508,0,,,
3211,MA,"Brockton, MA HUD Metro FMR Area",1p4c,2730,1430,1774,1111,1291,2770,3422,14529,32760,17156,21288,13334,15497,33243,41068,174346,134031.9508,0,,,
3211,MA,"Brockton, MA HUD Metro FMR Area",2p0c,1652,743,1373,819,744,0,1245,6575,19824,8915,16473,9825,8923,0,14939,78900,134031.9508,0,,,
3211,MA,"Brockton, MA HUD Metro FMR Area",2p1c,2155,922,1499,1039,955,1382,1862,9815,25860,11062,17990,12473,11463,16587,22340,117776,134031.9508,0,,,
3211,MA,"Brockton, MA HUD Metro FMR Area",2p2c,2155,1172,1648,1260,1033,2444,2412,12124,25860,14067,19779,15121,12396,29324,28946,145493,134031.9508,0,,,
3211,MA,"Brockton, MA HUD Metro FMR Area",2p3c,2730,1430,1708,1481,1292,2770,3035,14445,32760,17161,20497,17768,15499,33243,36416,173345,134031.9508,0,,,
3211,MA,"Brockton, MA HUD Metro FMR Area",2p4c,2730,1750,1755,1521,1391,2770,3301,15218,32760,21005,21055,18246,16693,33243,39610,182613,134031.9508,0,,,
3212,MA,"Lawrence, MA-NH HUD Metro FMR Area",1p0c,1346,391,1101,391,539,0,997,4766,16152,4697,13207,4694,6473,0,11968,57191,129354.1317,0,,,
3212,MA,"Lawrence, MA-NH HUD Metro FMR Area",1p1c,1963,574,1407,607,788,1483,1818,8640,23556,6888,16883,7286,9452,17797,21818,103680,129354.1317,0,,,
3212,MA,"Lawrence, MA-NH HUD Metro FMR Area",1p2c,1963,847,1544,823,872,2595,2477,11121,23556,10158,18528,9878,10467,31140,29724,133451,129354.1317,0,,,
3212,MA,"Lawrence, MA-NH HUD Metro FMR Area",1p3c,2365,1128,1655,1039,1085,2937,3011,13220,28380,13535,19861,12470,13014,35246,36137,158642,129354.1317,0,,,
3212,MA,"Lawrence, MA-NH HUD Metro FMR Area",1p4c,2365,1381,1717,1085,1163,2937,3210,13859,28380,16572,20605,13025,13956,35246,38522,166305,129354.1317,0,,,
3212,MA,"Lawrence, MA-NH HUD Metro FMR Area",2p0c,1498,718,1360,782,688,0,1152,6198,17976,8612,16325,9388,8255,0,13821,74376,129354.1317,0,,,
3212,MA,"Lawrence, MA-NH HUD Metro FMR Area",2p1c,1963,890,1491,998,886,1483,1743,9455,23556,10685,17892,11980,10631,17797,20915,113456,129354.1317,0,,,
3212,MA,"Lawrence, MA-NH HUD Metro FMR Area",2p2c,1963,1132,1597,1214,961,2595,2277,11740,23556,13589,19168,14572,11532,31140,27322,140879,129354.1317,0,,,
3212,MA,"Lawrence, MA-NH HUD Metro FMR Area",2p3c,2365,1381,1656,1430,1163,2937,2777,13710,28380,16577,19870,17164,13958,35246,33320,164514,129354.1317,0,,,
3212,MA,"Lawrence, MA-NH HUD Metro FMR Area",2p4c,2365,1691,1701,1477,1259,2937,3038,14467,28380,20291,20411,17719,15111,35246,36452,173609,129354.1317,0,,,
3213,NH,"Lawrence, MA-NH HUD Metro FMR Area",1p0c,1346,391,1101,391,539,0,733,4502,16152,4697,13207,4694,6473,0,8800,54024,129354.1317,,,,
3213,NH,"Lawrence, MA-NH HUD Metro FMR Area",1p1c,1963,574,1407,607,788,1483,1317,8139,23556,6888,16883,7286,9452,17797,15805,97667,129354.1317,,,,
3213,NH,"Lawrence, MA-NH HUD Metro FMR Area",1p2c,1963,847,1544,823,872,2595,1817,10460,23556,10158,18528,9878,10467,31140,21799,125525,129354.1317,,,,
3213,NH,"Lawrence, MA-NH HUD Metro FMR Area",1p3c,2365,1128,1655,1039,1085,2937,2298,12506,28380,13535,19861,12470,13014,35246,27571,150076,129354.1317,,,,
3213,NH,"Lawrence, MA-NH HUD Metro FMR Area",1p4c,2365,1381,1717,1085,1163,2937,2461,13109,28380,16572,20605,13025,13956,35246,29529,157312,129354.1317,,,,
3213,NH,"Lawrence, MA-NH HUD Metro FMR Area",2p0c,1498,718,1360,782,688,0,843,5889,17976,8612,16325,9388,8255,0,10113,70669,129354.1317,,,,
3213,NH,"Lawrence, MA-NH HUD Metro FMR Area",2p1c,1963,890,1491,998,886,1483,1250,8962,23556,10685,17892,11980,10631,17797,15000,107541,129354.1317,,,,
3213,NH,"Lawrence, MA-NH HUD Metro FMR Area",2p2c,1963,1132,1597,1214,961,2595,1591,11054,23556,13589,19168,14572,11532,31140,19091,132648,129354.1317,,,,
3213,NH,"Lawrence, MA-NH HUD Metro FMR Area",2p3c,2365,1381,1656,1430,1163,2937,1973,12906,28380,16577,19870,17164,13958,35246,23680,154874,129354.1317,,,,
3213,NH,"Lawrence, MA-NH HUD Metro FMR Area",2p4c,2365,1691,1701,1477,1259,2937,2185,13615,28380,20291,20411,17719,15111,35246,26218,163375,129354.1317,,,,
3214,MA,"Lowell, MA HUD Metro FMR Area",1p0c,1537,421,1050,413,608,0,1127,5156,18444,5054,12598,4956,7295,0,13518,61866,160640,0,,,
3214,MA,"Lowell, MA HUD Metro FMR Area",1p1c,2242,618,1345,636,888,1572,2086,9386,26904,7411,16137,7626,10654,18858,25035,112626,160640,0,,,
3214,MA,"Lowell, MA HUD Metro FMR Area",1p2c,2242,911,1467,858,979,2662,2734,11852,26904,10929,17604,10297,11746,31938,32812,142229,160640,0,,,
3214,MA,"Lowell, MA HUD Metro FMR Area",1p3c,2701,1214,1544,1081,1215,2997,3265,14017,32412,14563,18532,12967,14584,35962,39184,168204,160640,0,,,
3214,MA,"Lowell, MA HUD Metro FMR Area",1p4c,2701,1486,1596,1121,1300,2997,3466,14666,32412,17830,19155,13446,15599,35962,41587,175990,160640,0,,,
3214,MA,"Lowell, MA HUD Metro FMR Area",2p0c,1709,772,1306,826,770,0,1263,6646,20508,9266,15677,9911,9244,0,15151,79757,160640,0,,,
3214,MA,"Lowell, MA HUD Metro FMR Area",2p1c,2242,958,1423,1049,994,1572,2005,10242,26904,11496,17079,12582,11922,18858,24064,122907,160640,0,,,
3214,MA,"Lowell, MA HUD Metro FMR Area",2p2c,2242,1218,1497,1271,1074,2662,2527,12491,26904,14620,17961,15252,12892,31938,30320,149887,160640,0,,,
3214,MA,"Lowell, MA HUD Metro FMR Area",2p3c,2701,1486,1546,1494,1300,2997,3096,14619,32412,17836,18550,17923,15600,35962,37148,175432,160640,0,,,
3214,MA,"Lowell, MA HUD Metro FMR Area",2p4c,2701,1819,1583,1533,1403,2997,3366,15403,32412,21831,18996,18401,16841,35962,40388,184831,160640,0,,,
3215,NH,"Western Rockingham County, NH HUD Metro FMR Area",1p0c,1526,386,1188,345,594,0,834,4872,18312,4627,14252,4143,7122,0,10003,58459,138240,0,,,
3215,NH,"Western Rockingham County, NH HUD Metro FMR Area",1p1c,2015,565,1477,547,801,1297,1267,7970,24180,6785,17727,6569,9614,15561,15198,95634,138240,0,,,
3215,NH,"Western Rockingham County, NH HUD Metro FMR Area",1p2c,2015,834,1623,750,885,2455,1778,10339,24180,10005,19478,8995,10614,29461,21340,124073,138240,0,,,
3215,NH,"Western Rockingham County, NH HUD Metro FMR Area",1p3c,2824,1111,1788,952,1222,2812,2482,13191,33888,13332,21459,11422,14661,33738,29787,158287,138240,0,,,
3215,NH,"Western Rockingham County, NH HUD Metro FMR Area",1p4c,2824,1360,1858,1012,1299,2812,2645,13809,33888,16323,22290,12139,15589,33738,31742,165710,138240,0,,,
3215,NH,"Western Rockingham County, NH HUD Metro FMR Area",2p0c,1536,707,1422,691,696,0,844,5896,18432,8483,17064,8286,8356,0,10129,70751,138240,0,,,
3215,NH,"Western Rockingham County, NH HUD Metro FMR Area",2p1c,2015,877,1560,893,898,1297,1191,8731,24180,10525,18719,10713,10775,15561,14293,104766,138240,0,,,
3215,NH,"Western Rockingham County, NH HUD Metro FMR Area",2p2c,2015,1115,1719,1095,972,2455,1552,10924,24180,13385,20631,13139,11663,29461,18625,131083,138240,0,,,
3215,NH,"Western Rockingham County, NH HUD Metro FMR Area",2p3c,2824,1361,1784,1297,1299,2812,2162,13539,33888,16329,21408,15565,15591,33738,25946,162465,138240,0,,,
3215,NH,"Western Rockingham County, NH HUD Metro FMR Area",2p4c,2824,1666,1834,1357,1394,2812,2379,14266,33888,19986,22013,16282,16727,33738,28551,171186,138240,0,,,
3216,NH,"Portsmouth-Rochester, NH HUD Metro FMR Area",1p0c,1475,378,1165,345,575,0,796,4736,17700,4538,13984,4143,6904,0,9556,56826,127603.0873,0,,,
3216,NH,"Portsmouth-Rochester, NH HUD Metro FMR Area",1p1c,1961,555,1449,547,781,1257,1201,7752,23532,6655,17393,6569,9372,15080,14417,93020,127603.0873,0,,,
3216,NH,"Portsmouth-Rochester, NH HUD Metro FMR Area",1p2c,1961,818,1593,750,863,2380,1687,10051,23532,9814,19110,8995,10353,28558,20246,120608,127603.0873,0,,,
3216,NH,"Portsmouth-Rochester, NH HUD Metro FMR Area",1p3c,2429,1090,1755,952,1093,2725,2220,12262,29148,13077,21054,11422,13110,32704,26634,147149,127603.0873,0,,,
3216,NH,"Portsmouth-Rochester, NH HUD Metro FMR Area",1p4c,2429,1334,1822,1012,1168,2725,2404,12895,29148,16011,21868,12139,14021,32704,28844,154735,127603.0873,0,,,
3216,NH,"Portsmouth-Rochester, NH HUD Metro FMR Area",2p0c,1517,693,1395,691,686,0,827,5809,18204,8320,16734,8286,8235,0,9923,69703,127603.0873,0,,,
3216,NH,"Portsmouth-Rochester, NH HUD Metro FMR Area",2p1c,1961,860,1530,893,876,1257,1140,8517,23532,10324,18365,10713,10511,15080,13679,102204,127603.0873,0,,,
3216,NH,"Portsmouth-Rochester, NH HUD Metro FMR Area",2p2c,1961,1094,1687,1095,949,2380,1471,10636,23532,13129,20247,13139,11382,28558,17647,127633,127603.0873,0,,,
3216,NH,"Portsmouth-Rochester, NH HUD Metro FMR Area",2p3c,2429,1335,1751,1297,1169,2725,1877,12583,29148,16016,21014,15565,14022,32704,22521,150991,127603.0873,0,,,
3216,NH,"Portsmouth-Rochester, NH HUD Metro FMR Area",2p4c,2429,1634,1801,1357,1261,2725,2090,13297,29148,19604,21612,16282,15136,32704,25080,159567,127603.0873,0,,,
3217,CO,"Boulder, CO MSA",1p0c,1466,428,1034,416,588,0,1024,4955,17592,5135,12407,4987,7056,0,12284,59460,142534,0,,,
3217,CO,"Boulder, CO MSA",1p1c,2059,628,1302,660,834,1762,1978,9222,24708,7530,15625,7918,10009,21143,23731,110663,142534,0,,,
3217,CO,"Boulder, CO MSA",1p2c,2059,925,1437,904,927,2643,2572,11467,24708,11103,17246,10849,11118,31719,30864,137607,142534,0,,,
3217,CO,"Boulder, CO MSA",1p3c,2704,1233,1589,1148,1222,2914,3229,14040,32448,14795,19073,13779,14668,34973,38742,168479,142534,0,,,
3217,CO,"Boulder, CO MSA",1p4c,2704,1510,1653,1221,1308,2914,3455,14766,32448,18114,19841,14657,15698,34973,41456,177187,142534,0,,,
3217,CO,"Boulder, CO MSA",2p0c,1702,785,1260,831,772,0,1143,6492,20424,9414,15115,9974,9264,0,13711,77901,142534,0,,,
3217,CO,"Boulder, CO MSA",2p1c,2059,973,1390,1075,942,1762,1879,10080,24708,11680,16674,12905,11298,21143,22550,120957,142534,0,,,
3217,CO,"Boulder, CO MSA",2p2c,2059,1238,1538,1320,1024,2643,2380,12201,24708,14854,18454,15836,12283,31719,28557,146410,142534,0,,,
3217,CO,"Boulder, CO MSA",2p3c,2704,1510,1599,1564,1308,2914,3031,14630,32448,18121,19188,18766,15700,34973,36368,175564,142534,0,,,
3217,CO,"Boulder, CO MSA",2p4c,2704,1848,1647,1637,1413,2914,3329,15493,32448,22179,19761,19644,16960,34973,39946,185912,142534,0,,,
3218,KY,"Bowling Green, KY HUD Metro FMR Area",1p0c,882,334,1086,478,377,0,808,3965,10584,4004,13035,5733,4529,0,9697,47582,80999.98566,0,,,
3218,KY,"Bowling Green, KY HUD Metro FMR Area",1p1c,1173,489,1297,750,516,590,943,5757,14076,5871,15561,8994,6193,7074,11317,69085,80999.98566,0,,,
3218,KY,"Bowling Green, KY HUD Metro FMR Area",1p2c,1173,722,1415,1021,588,1207,1195,7321,14076,8658,16977,12254,7058,14484,14340,87847,80999.98566,0,,,
3218,KY,"Bowling Green, KY HUD Metro FMR Area",1p3c,1413,961,1499,1293,737,1397,1555,8856,16956,11537,17991,15514,8846,16765,18664,106272,80999.98566,0,,,
3218,KY,"Bowling Green, KY HUD Metro FMR Area",1p4c,1413,1177,1629,1362,804,1397,1833,9615,16956,14125,19545,16345,9650,16765,21999,115385,80999.98566,0,,,
3218,KY,"Bowling Green, KY HUD Metro FMR Area",2p0c,993,612,1245,956,498,0,960,5264,11916,7341,14944,11467,5979,0,11521,63167,80999.98566,0,,,
3218,KY,"Bowling Green, KY HUD Metro FMR Area",2p1c,1173,759,1357,1227,600,590,1113,6819,14076,9108,16288,14727,7198,7074,13354,81824,80999.98566,0,,,
3218,KY,"Bowling Green, KY HUD Metro FMR Area",2p2c,1173,965,1437,1499,664,1207,1212,8157,14076,11582,17246,17987,7966,14484,14544,97886,80999.98566,0,,,
3218,KY,"Bowling Green, KY HUD Metro FMR Area",2p3c,1413,1178,1563,1771,804,1397,1456,9582,16956,14130,18757,21248,9651,16765,17477,114983,80999.98566,0,,,
3218,KY,"Bowling Green, KY HUD Metro FMR Area",2p4c,1413,1441,1612,1840,886,1397,1676,10266,16956,17295,19346,22079,10634,16765,20116,123190,80999.98566,0,,,
3219,KY,"Allen County, KY HUD Metro FMR Area",1p0c,737,322,1188,478,329,0,774,3827,8844,3865,14252,5733,3946,0,9288,45929,76166,0,,,
3219,KY,"Allen County, KY HUD Metro FMR Area",1p1c,986,472,1425,750,453,681,928,5694,11832,5668,17098,8994,5433,8176,11130,68332,76166,0,,,
3219,KY,"Allen County, KY HUD Metro FMR Area",1p2c,986,697,1562,1021,522,1343,1198,7329,11832,8359,18740,12254,6269,16118,14371,87943,76166,0,,,
3219,KY,"Allen County, KY HUD Metro FMR Area",1p3c,1188,928,1661,1293,657,1547,1541,8815,14256,11138,19937,15514,7884,18562,18492,105783,76166,0,,,
3219,KY,"Allen County, KY HUD Metro FMR Area",1p4c,1188,1136,1808,1362,722,1547,1822,9585,14256,13637,21694,16345,8660,18562,21864,115017,76166,0,,,
3219,KY,"Allen County, KY HUD Metro FMR Area",2p0c,752,591,1363,956,417,0,886,4964,9024,7087,16356,11467,5002,0,10630,59566,76166,0,,,
3219,KY,"Allen County, KY HUD Metro FMR Area",2p1c,986,733,1491,1227,534,681,1095,6748,11832,8793,17896,14727,6403,8176,13142,80970,76166,0,,,
3219,KY,"Allen County, KY HUD Metro FMR Area",2p2c,986,932,1584,1499,595,1343,1210,8150,11832,11182,19012,17987,7145,16118,14523,97799,76166,0,,,
3219,KY,"Allen County, KY HUD Metro FMR Area",2p3c,1188,1137,1726,1771,722,1547,1440,9529,14256,13641,20707,21248,8661,18562,17278,114353,76166,0,,,
3219,KY,"Allen County, KY HUD Metro FMR Area",2p4c,1188,1391,1783,1840,801,1547,1657,10207,14256,16697,21399,22079,9610,18562,19887,122489,76166,0,,,
3220,KY,"Butler County, KY HUD Metro FMR Area",1p0c,648,290,1174,478,291,0,720,3602,7776,3485,14091,5733,3496,0,8637,43218,67125,0,,,
3220,KY,"Butler County, KY HUD Metro FMR Area",1p1c,867,426,1403,750,401,681,849,5377,10404,5110,16837,8994,4817,8176,10189,64526,67125,0,,,
3220,KY,"Butler County, KY HUD Metro FMR Area",1p2c,867,628,1539,1021,464,1343,1068,6930,10404,7535,18464,12254,5570,16118,12812,83157,67125,0,,,
3220,KY,"Butler County, KY HUD Metro FMR Area",1p3c,1215,837,1639,1293,637,1547,1483,8650,14580,10041,19665,15514,7644,18562,17797,103803,67125,0,,,
3220,KY,"Butler County, KY HUD Metro FMR Area",1p4c,1215,1024,1713,1362,695,1547,1702,9259,14580,12293,20555,16345,8343,18562,20425,111104,67125,0,,,
3220,KY,"Butler County, KY HUD Metro FMR Area",2p0c,661,532,1340,956,371,0,815,4675,7932,6389,16084,11467,4446,0,9779,56097,67125,0,,,
3220,KY,"Butler County, KY HUD Metro FMR Area",2p1c,867,661,1467,1227,474,681,1005,6383,10404,7927,17607,14727,5691,8176,12059,76591,67125,0,,,
3220,KY,"Butler County, KY HUD Metro FMR Area",2p2c,867,840,1561,1499,530,1343,1112,7751,10404,10080,18727,17987,6360,16118,13340,93017,67125,0,,,
3220,KY,"Butler County, KY HUD Metro FMR Area",2p3c,1215,1025,1629,1771,695,1547,1345,9227,14580,12298,19553,21248,8345,18562,16145,110729,67125,0,,,
3220,KY,"Butler County, KY HUD Metro FMR Area",2p4c,1215,1254,1761,1840,767,1547,1577,9961,14580,15052,21128,22079,9200,18562,18927,119528,67125,0,,,
3221,WA,"Bremerton-Silverdale, WA MSA",1p0c,1411,380,1124,413,556,0,776,4660,16932,4558,13493,4954,6672,0,9310,55919,114590,0,,,
3221,WA,"Bremerton-Silverdale, WA MSA",1p1c,2057,557,1404,656,812,1263,1285,8033,24684,6684,16843,7866,9739,15151,15423,96390,114590,0,,,
3221,WA,"Bremerton-Silverdale, WA MSA",1p2c,2057,821,1549,898,894,3161,2160,11540,24684,9856,18591,10777,10724,37931,25921,138484,114590,0,,,
3221,WA,"Bremerton-Silverdale, WA MSA",1p3c,2685,1094,1647,1141,1173,3745,2759,14245,32220,13133,19768,13688,14081,44940,33108,170938,114590,0,,,
3221,WA,"Bremerton-Silverdale, WA MSA",1p4c,2685,1340,1783,1214,1250,3745,2945,14961,32220,16079,21400,14563,14996,44940,35336,179534,114590,0,,,
3221,WA,"Bremerton-Silverdale, WA MSA",2p0c,1568,696,1345,826,703,0,865,6003,18816,8356,16136,9909,8436,0,10381,72034,114590,0,,,
3221,WA,"Bremerton-Silverdale, WA MSA",2p1c,2057,864,1483,1068,907,1263,1226,8867,24684,10368,17790,12820,10883,15151,14709,106405,114590,0,,,
3221,WA,"Bremerton-Silverdale, WA MSA",2p2c,2057,1099,1575,1311,980,3161,1897,12079,24684,13185,18898,15731,11757,37931,22761,144947,114590,0,,,
3221,WA,"Bremerton-Silverdale, WA MSA",2p3c,2685,1340,1706,1554,1250,3745,2547,14827,32220,16085,20477,18643,14997,44940,30566,177928,114590,0,,,
3221,WA,"Bremerton-Silverdale, WA MSA",2p4c,2685,1641,1759,1627,1343,3745,2769,15568,32220,19687,21111,19518,16116,44940,33224,186816,114590,0,,,
3222,CT,"Bridgeport, CT HUD Metro FMR Area",1p0c,1349,423,1100,714,550,0,1187,5324,16188,5077,13203,8563,6602,0,14248,63882,,0,,,
3222,CT,"Bridgeport, CT HUD Metro FMR Area",1p1c,1967,620,1342,1136,803,1551,2291,9711,23604,7445,16101,13634,9640,18615,27489,116528,,0,,,
3222,CT,"Bridgeport, CT HUD Metro FMR Area",1p2c,1967,915,1463,1559,895,2160,2854,11812,23604,10979,17556,18706,10737,25915,34247,141743,,0,,,
3222,CT,"Bridgeport, CT HUD Metro FMR Area",1p3c,2439,1219,1604,1981,1136,2347,3484,14209,29268,14629,19243,23777,13629,28161,41802,170509,,0,,,
3222,CT,"Bridgeport, CT HUD Metro FMR Area",1p4c,2439,1493,1661,2068,1221,2347,3721,14949,29268,17911,19931,24820,14648,28161,44648,179387,,0,,,
3222,CT,"Bridgeport, CT HUD Metro FMR Area",2p0c,1572,776,1300,1427,729,0,1389,7192,18864,9308,15595,17125,8747,0,16663,86302,,0,,,
3222,CT,"Bridgeport, CT HUD Metro FMR Area",2p1c,1967,962,1415,1850,910,1551,2346,11001,23604,11549,16983,22197,10914,18615,28152,132014,,0,,,
3222,CT,"Bridgeport, CT HUD Metro FMR Area",2p2c,1967,1224,1552,2272,991,2160,2849,13014,23604,14687,18621,27268,11888,25915,34189,156173,,0,,,
3222,CT,"Bridgeport, CT HUD Metro FMR Area",2p3c,2439,1493,1606,2695,1221,2347,3488,15289,29268,17917,19272,32340,14650,28161,41856,183464,,0,,,
3222,CT,"Bridgeport, CT HUD Metro FMR Area",2p4c,2439,1828,1648,2782,1325,2347,3774,16142,29268,21930,19779,33382,15896,28161,45289,193706,,0,,,
3223,CT,"Danbury, CT HUD Metro FMR Area",1p0c,1534,423,1100,714,608,0,1348,5726,18408,5077,13203,8563,7291,0,16174,68716,,0,,,
3223,CT,"Danbury, CT HUD Metro FMR Area",1p1c,2237,620,1342,1136,887,1551,2503,10277,26844,7445,16101,13634,10646,18615,30040,123325,,0,,,
3223,CT,"Danbury, CT HUD Metro FMR Area",1p2c,2237,915,1463,1559,979,2160,3068,12380,26844,10979,17556,18706,11743,25915,36815,148557,,0,,,
3223,CT,"Danbury, CT HUD Metro FMR Area",1p3c,2842,1219,1604,1981,1261,2347,3733,14987,34104,14629,19243,23777,15130,28161,44793,179838,,0,,,
3223,CT,"Danbury, CT HUD Metro FMR Area",1p4c,2842,1493,1661,2068,1346,2347,3969,15726,34104,17911,19931,24820,16149,28161,47632,188708,,0,,,
3223,CT,"Danbury, CT HUD Metro FMR Area",2p0c,1880,776,1300,1427,825,0,1520,7727,22560,9308,15595,17125,9894,0,18239,92721,,0,,,
3223,CT,"Danbury, CT HUD Metro FMR Area",2p1c,2237,962,1415,1850,993,1551,2548,11557,26844,11549,16983,22197,11920,18615,30570,138678,,0,,,
3223,CT,"Danbury, CT HUD Metro FMR Area",2p2c,2237,1224,1552,2272,1075,2160,3047,13566,26844,14687,18621,27268,12894,25915,36560,162789,,0,,,
3223,CT,"Danbury, CT HUD Metro FMR Area",2p3c,2842,1493,1606,2695,1346,2347,3752,16081,34104,17917,19272,32340,16151,28161,45029,192975,,0,,,
3223,CT,"Danbury, CT HUD Metro FMR Area",2p4c,2842,1828,1648,2782,1450,2347,4072,16968,34104,21930,19779,33382,17397,28161,48867,203621,,0,,,
3224,CT,"Stamford-Norwalk, CT HUD Metro FMR Area",1p0c,1790,423,1100,714,687,0,1539,6253,21480,5077,13203,8563,8245,0,18466,75034,,0,,,
3224,CT,"Stamford-Norwalk, CT HUD Metro FMR Area",1p1c,2610,620,1342,1136,1003,1551,2798,11060,31320,7445,16101,13634,12035,18615,33574,132725,,0,,,
3224,CT,"Stamford-Norwalk, CT HUD Metro FMR Area",1p2c,2610,915,1463,1559,1094,2160,3321,13121,31320,10979,17556,18706,13133,25915,39847,157455,,0,,,
3224,CT,"Stamford-Norwalk, CT HUD Metro FMR Area",1p3c,3176,1219,1604,1981,1365,2347,3939,15630,38112,14629,19243,23777,16375,28161,47267,187564,,0,,,
3224,CT,"Stamford-Norwalk, CT HUD Metro FMR Area",1p4c,3176,1493,1661,2068,1450,2347,4241,16435,38112,17911,19931,24820,17394,28161,50891,197219,,0,,,
3224,CT,"Stamford-Norwalk, CT HUD Metro FMR Area",2p0c,2172,776,1300,1427,915,0,1643,8233,26064,9308,15595,17125,10982,0,19719,98793,,0,,,
3224,CT,"Stamford-Norwalk, CT HUD Metro FMR Area",2p1c,2610,962,1415,1850,1109,1551,2832,12330,31320,11549,16983,22197,13310,18615,33987,147961,,0,,,
3224,CT,"Stamford-Norwalk, CT HUD Metro FMR Area",2p2c,2610,1224,1552,2272,1190,2160,3289,14297,31320,14687,18621,27268,14284,25915,39471,171566,,0,,,
3224,CT,"Stamford-Norwalk, CT HUD Metro FMR Area",2p3c,3176,1493,1606,2695,1450,2347,3996,16762,38112,17917,19272,32340,17395,28161,47949,201147,,0,,,
3224,CT,"Stamford-Norwalk, CT HUD Metro FMR Area",2p4c,3176,1828,1648,2782,1553,2347,4331,17665,38112,21930,19779,33382,18641,28161,51972,211979,,0,,,
3225,TX,"Brownsville-Harlingen, TX MSA",1p0c,666,281,1075,383,294,0,464,3163,7992,3369,12896,4601,3527,0,5573,37959,58672,0,,,
3225,TX,"Brownsville-Harlingen, TX MSA",1p1c,948,412,1269,599,422,725,505,4879,11376,4941,15224,7184,5066,8699,6055,58544,58672,0,,,
3225,TX,"Brownsville-Harlingen, TX MSA",1p2c,948,607,1377,814,483,1414,573,6216,11376,7286,16521,9766,5794,16973,6879,74595,58672,0,,,
3225,TX,"Brownsville-Harlingen, TX MSA",1p3c,1264,809,1454,1029,644,1627,765,7591,15168,9708,17450,12349,7723,19518,9180,91097,58672,0,,,
3225,TX,"Brownsville-Harlingen, TX MSA",1p4c,1264,991,1577,1091,700,1627,943,8193,15168,11886,18929,13097,8400,19518,11317,98315,58672,0,,,
3225,TX,"Brownsville-Harlingen, TX MSA",2p0c,757,515,1220,767,395,0,506,4159,9084,6177,14636,9203,4738,0,6075,49912,58672,0,,,
3225,TX,"Brownsville-Harlingen, TX MSA",2p1c,948,639,1324,982,493,725,585,5695,11376,7664,15884,11785,5911,8699,7024,68345,58672,0,,,
3225,TX,"Brownsville-Harlingen, TX MSA",2p2c,948,812,1398,1197,547,1414,608,6925,11376,9747,16775,14368,6558,16973,7300,83095,58672,0,,,
3225,TX,"Brownsville-Harlingen, TX MSA",2p3c,1264,991,1519,1413,700,1627,697,8209,15168,11890,18223,16950,8401,19518,8358,98509,58672,0,,,
3225,TX,"Brownsville-Harlingen, TX MSA",2p4c,1264,1213,1564,1475,769,1627,818,8729,15168,14554,18772,17698,9228,19518,9811,104749,58672,0,,,
3226,GA,"Brunswick, GA MSA",1p0c,988,367,1082,423,421,0,833,4114,11856,4407,12981,5075,5049,0,9996,49364,79264.15937,0,,,
3226,GA,"Brunswick, GA MSA",1p1c,1264,539,1308,662,560,614,954,5900,15168,6462,15696,7942,6716,7364,11450,70798,79264.15937,0,,,
3226,GA,"Brunswick, GA MSA",1p2c,1264,794,1437,901,639,949,1073,7057,15168,9529,17242,10808,7668,11388,12876,84679,79264.15937,0,,,
3226,GA,"Brunswick, GA MSA",1p3c,1572,1058,1529,1140,817,1052,1421,8589,18864,12698,18353,13675,9799,12626,17054,103069,79264.15937,0,,,
3226,GA,"Brunswick, GA MSA",1p4c,1572,1296,1665,1205,890,1052,1695,9375,18864,15547,19984,14458,10684,12626,20338,112500,79264.15937,0,,,
3226,GA,"Brunswick, GA MSA",2p0c,1076,673,1254,846,543,0,952,5344,12912,8079,15050,10151,6517,0,11418,64128,79264.15937,0,,,
3226,GA,"Brunswick, GA MSA",2p1c,1264,835,1375,1085,652,614,1103,6928,15168,10024,16500,13017,7822,7364,13237,83133,79264.15937,0,,,
3226,GA,"Brunswick, GA MSA",2p2c,1264,1062,1461,1324,722,949,1093,7875,15168,12748,17537,15884,8667,11388,13112,94503,79264.15937,0,,,
3226,GA,"Brunswick, GA MSA",2p3c,1572,1296,1593,1563,890,1052,1306,9272,18864,15552,19111,18750,10685,12626,15674,111262,79264.15937,0,,,
3226,GA,"Brunswick, GA MSA",2p4c,1572,1586,1646,1628,981,1052,1520,9984,18864,19035,19749,19533,11767,12626,18239,119813,79264.15937,0,,,
3227,NY,"Buffalo-Cheektowaga-Niagara Falls, NY MSA",1p0c,968,376,971,504,417,0,814,4050,11616,4508,11652,6043,5006,0,9773,48598,94784.19612,1,49,32,66
3227,NY,"Buffalo-Cheektowaga-Niagara Falls, NY MSA",1p1c,1176,551,1251,844,536,1242,1199,6798,14112,6611,15006,10128,6434,14902,14383,81576,94784.19612,1,49,32,66
3227,NY,"Buffalo-Cheektowaga-Niagara Falls, NY MSA",1p2c,1176,812,1376,884,617,2312,1698,8876,14112,9749,16510,10606,7408,27748,20381,106515,94784.19612,1,49,32,66
3227,NY,"Buffalo-Cheektowaga-Niagara Falls, NY MSA",1p3c,1438,1083,1462,924,783,2642,2106,10436,17256,12990,17543,11085,9391,31701,25267,125232,94784.19612,1,49,32,66
3227,NY,"Buffalo-Cheektowaga-Niagara Falls, NY MSA",1p4c,1438,1325,1523,964,858,2642,2375,11124,17256,15905,18273,11563,10295,31701,28501,133493,94784.19612,1,49,32,66
3227,NY,"Buffalo-Cheektowaga-Niagara Falls, NY MSA",2p0c,1001,689,1205,1007,525,0,926,5352,12012,8265,14461,12085,6296,0,11108,64226,94784.19612,1,49,32,66
3227,NY,"Buffalo-Cheektowaga-Niagara Falls, NY MSA",2p1c,1176,855,1325,1412,630,1242,1330,7970,14112,10255,15894,16944,7565,14902,15963,95636,94784.19612,1,49,32,66
3227,NY,"Buffalo-Cheektowaga-Niagara Falls, NY MSA",2p2c,1176,1087,1406,1452,703,2312,1583,9718,14112,13041,16874,17422,8430,27748,18993,116621,94784.19612,1,49,32,66
3227,NY,"Buffalo-Cheektowaga-Niagara Falls, NY MSA",2p3c,1438,1326,1464,1492,858,2642,1870,11089,17256,15910,17563,17900,10297,31701,22438,133066,94784.19612,1,49,32,66
3227,NY,"Buffalo-Cheektowaga-Niagara Falls, NY MSA",2p4c,1438,1623,1573,1532,950,2642,2220,11977,17256,19474,18870,18379,11404,31701,26641,143724,94784.19612,1,49,32,66
3228,NC,"Burlington, NC MSA",1p0c,869,350,1057,446,379,0,751,3853,10428,4200,12685,5357,4542,0,9017,46230,81569,0,,,
3228,NC,"Burlington, NC MSA",1p1c,1217,513,1275,699,537,571,878,5691,14604,6159,15295,8392,6446,6854,10541,68293,81569,0,,,
3228,NC,"Burlington, NC MSA",1p2c,1217,757,1395,952,613,904,1002,6839,14604,9082,16739,11428,7354,10843,12024,82073,81569,0,,,
3228,NC,"Burlington, NC MSA",1p3c,1532,1009,1546,1205,789,1006,1399,8485,18384,12102,18549,14463,9465,12070,16787,101821,81569,0,,,
3228,NC,"Burlington, NC MSA",1p4c,1532,1235,1610,1272,859,1006,1642,9156,18384,14817,19319,15266,10308,12070,19702,109866,81569,0,,,
3228,NC,"Burlington, NC MSA",2p0c,1099,642,1226,893,540,0,902,5302,13188,7700,14709,10715,6485,0,10829,63626,81569,0,,,
3228,NC,"Burlington, NC MSA",2p1c,1217,796,1340,1146,625,571,1029,6724,14604,9554,16082,13750,7500,6854,12345,80689,81569,0,,,
3228,NC,"Burlington, NC MSA",2p2c,1217,1013,1487,1399,692,904,1066,7776,14604,12150,17838,16785,8306,10843,12787,93313,81569,0,,,
3228,NC,"Burlington, NC MSA",2p3c,1532,1235,1547,1652,859,1006,1253,9084,18384,14822,18565,19820,10310,12070,15033,109004,81569,0,,,
3228,NC,"Burlington, NC MSA",2p4c,1532,1512,1596,1719,945,1006,1476,9786,18384,18142,19156,20624,11340,12070,17716,117433,81569,0,,,
3229,VT,"Burlington-South Burlington, VT MSA",1p0c,1380,405,1148,882,554,0,1212,5581,16560,4860,13777,10585,6650,0,14539,66971,120300.4073,0,,,
3229,VT,"Burlington-South Burlington, VT MSA",1p1c,1936,594,1418,1673,785,1780,2543,10729,23232,7126,17015,20080,9425,21362,30511,128752,120300.4073,0,,,
3229,VT,"Burlington-South Burlington, VT MSA",1p2c,1936,876,1554,1713,873,3133,3233,13317,23232,10508,18646,20558,10475,37590,38790,159799,120300.4073,0,,,
3229,VT,"Burlington-South Burlington, VT MSA",1p3c,2491,1167,1710,1753,1136,3549,3789,15594,29892,14003,20514,21036,13628,42583,45471,187127,120300.4073,0,,,
3229,VT,"Burlington-South Burlington, VT MSA",1p4c,2491,1429,1774,1793,1217,3549,4044,16296,29892,17144,21291,21515,14603,42583,48527,195554,120300.4073,0,,,
3229,VT,"Burlington-South Burlington, VT MSA",2p0c,1476,742,1363,1764,689,0,1313,7348,17712,8909,16359,21169,8265,0,15761,88176,120300.4073,0,,,
3229,VT,"Burlington-South Burlington, VT MSA",2p1c,1936,921,1493,2458,887,1780,2517,11993,23232,11054,17917,29501,10645,21362,30209,143921,120300.4073,0,,,
3229,VT,"Burlington-South Burlington, VT MSA",2p2c,1936,1172,1644,2498,965,3133,3191,14538,23232,14058,19732,29979,11577,37590,38286,174455,120300.4073,0,,,
3229,VT,"Burlington-South Burlington, VT MSA",2p3c,2491,1429,1706,2538,1217,3549,3798,16727,29892,17150,20469,30458,14605,42583,45572,200728,120300.4073,0,,,
3229,VT,"Burlington-South Burlington, VT MSA",2p4c,2491,1749,1754,2578,1317,3549,4048,17484,29892,20991,21042,30936,15798,42583,48570,209812,120300.4073,0,,,
3230,MD,"California-Lexington Park, MD MSA",1p0c,1493,364,1232,358,576,0,1125,5147,17916,4362,14781,4290,6917,0,13500,61765,133566,0,,,
3230,MD,"California-Lexington Park, MD MSA",1p1c,1831,533,1520,557,734,889,1414,7479,21972,6396,18245,6686,8807,10664,16973,89742,133566,0,,,
3230,MD,"California-Lexington Park, MD MSA",1p2c,1831,786,1665,757,813,1713,1841,9405,21972,9432,19977,9081,9750,20555,22094,112861,133566,0,,,
3230,MD,"California-Lexington Park, MD MSA",1p3c,2285,1047,1830,956,1035,1967,2434,11554,27420,12568,21958,11477,12415,23598,29212,138649,133566,0,,,
3230,MD,"California-Lexington Park, MD MSA",1p4c,2285,1282,1898,1017,1108,1967,2667,12223,27420,15387,22776,12203,13290,23598,32002,146677,133566,0,,,
3230,MD,"California-Lexington Park, MD MSA",2p0c,1624,666,1459,715,711,0,1179,6355,19488,7996,17508,8579,8533,0,14152,76257,133566,0,,,
3230,MD,"California-Lexington Park, MD MSA",2p1c,1831,827,1597,915,825,889,1392,8275,21972,9922,19160,10975,9902,10664,16700,99295,133566,0,,,
3230,MD,"California-Lexington Park, MD MSA",2p2c,1831,1051,1757,1114,895,1713,1660,10022,21972,12617,21083,13371,10739,20555,19922,120259,133566,0,,,
3230,MD,"California-Lexington Park, MD MSA",2p3c,2285,1283,1821,1314,1108,1967,2109,11886,27420,15392,21857,15767,13292,23598,25309,142636,133566,0,,,
3230,MD,"California-Lexington Park, MD MSA",2p4c,2285,1570,1872,1374,1197,1967,2352,12617,27420,18840,22460,16492,14362,23598,28225,151399,133566,0,,,
3231,OH,"Canton-Massillon, OH MSA",1p0c,671,350,1014,478,317,0,566,3397,8052,4205,12168,5739,3805,0,6793,40763,82991.32292,0,,,
3231,OH,"Canton-Massillon, OH MSA",1p1c,978,514,1241,750,463,876,759,5581,11736,6166,14891,8999,5558,10512,9108,66971,82991.32292,0,,,
3231,OH,"Canton-Massillon, OH MSA",1p2c,978,758,1425,1022,539,1506,996,7223,11736,9092,17101,12259,6467,18071,11949,86676,82991.32292,0,,,
3231,OH,"Canton-Massillon, OH MSA",1p3c,1229,1010,1515,1293,695,1700,1330,8772,14748,12116,18175,15519,8340,20397,15965,105261,82991.32292,0,,,
3231,OH,"Canton-Massillon, OH MSA",1p4c,1229,1236,1579,1361,765,1700,1550,9419,14748,14834,18945,16328,9184,20397,18595,113031,82991.32292,0,,,
3231,OH,"Canton-Massillon, OH MSA",2p0c,755,642,1196,957,434,0,676,4659,9060,7709,14346,11479,5206,0,8107,55907,82991.32292,0,,,
3231,OH,"Canton-Massillon, OH MSA",2p1c,978,797,1373,1228,551,876,920,6723,11736,9565,16478,14739,6613,10512,11035,80678,82991.32292,0,,,
3231,OH,"Canton-Massillon, OH MSA",2p2c,978,1014,1458,1500,618,1506,1008,8081,11736,12163,17493,17999,7420,18071,12095,96977,82991.32292,0,,,
3231,OH,"Canton-Massillon, OH MSA",2p3c,1229,1237,1518,1772,766,1700,1202,9423,14748,14839,18216,21259,9186,20397,14425,113070,82991.32292,0,,,
3231,OH,"Canton-Massillon, OH MSA",2p4c,1229,1514,1567,1839,852,1700,1393,10093,14748,18162,18800,22067,10218,20397,16717,121111,82991.32292,0,,,
3232,FL,"Cape Coral-Fort Myers, FL MSA",1p0c,1478,379,997,522,577,0,801,4754,17736,4546,11967,6266,6918,0,9617,57050,86023,1,59,12,87
3232,FL,"Cape Coral-Fort Myers, FL MSA",1p1c,1843,556,1219,820,745,760,968,6911,22116,6667,14624,9845,8936,9125,11619,82932,86023,1,59,12,87
3232,FL,"Cape Coral-Fort Myers, FL MSA",1p2c,1843,819,1400,1119,827,1318,1216,8541,22116,9831,16797,13424,9919,15817,14589,102493,86023,1,59,12,87
3232,FL,"Cape Coral-Fort Myers, FL MSA",1p3c,2422,1092,1489,1417,1091,1490,1731,10731,29064,13100,17869,17003,13091,17876,20770,128772,86023,1,59,12,87
3232,FL,"Cape Coral-Fort Myers, FL MSA",1p4c,2422,1337,1553,1489,1167,1490,1944,11402,29064,16038,18638,17873,14003,17876,23333,136825,86023,1,59,12,87
3232,FL,"Cape Coral-Fort Myers, FL MSA",2p0c,1488,695,1172,1044,678,0,850,5927,17856,8335,14067,12532,8132,0,10202,71124,86023,1,59,12,87
3232,FL,"Cape Coral-Fort Myers, FL MSA",2p1c,1843,862,1347,1343,840,760,1046,8041,22116,10342,16166,16111,10077,9125,12556,96492,86023,1,59,12,87
3232,FL,"Cape Coral-Fort Myers, FL MSA",2p2c,1843,1096,1432,1641,913,1318,1145,9387,22116,13151,17180,19690,10950,15817,13741,112645,86023,1,59,12,87
3232,FL,"Cape Coral-Fort Myers, FL MSA",2p3c,2422,1337,1492,1939,1167,1490,1512,11359,29064,16044,17905,23269,14005,17876,18145,136307,86023,1,59,12,87
3232,FL,"Cape Coral-Fort Myers, FL MSA",2p4c,2422,1637,1541,2012,1260,1490,1730,12091,29064,19638,18491,24139,15120,17876,20761,145089,86023,1,59,12,87
3233,IL,"Cape Girardeau, MO-IL MSA",1p0c,747,330,1105,554,334,0,780,3850,8964,3954,13261,6646,4011,0,9363,46199,85588.82694,0,,,
3233,IL,"Cape Girardeau, MO-IL MSA",1p1c,985,483,1341,871,456,598,918,5652,11820,5799,16094,10448,5470,7176,11017,67823,85588.82694,0,,,
3233,IL,"Cape Girardeau, MO-IL MSA",1p2c,985,713,1472,1188,527,1179,1166,7229,11820,8551,17658,14250,6325,14149,13996,86749,85588.82694,0,,,
3233,IL,"Cape Girardeau, MO-IL MSA",1p3c,1380,950,1631,1504,723,1358,1681,9226,16560,11394,19566,18053,8679,16294,20169,110716,85588.82694,0,,,
3233,IL,"Cape Girardeau, MO-IL MSA",1p4c,1380,1163,1699,1577,789,1358,1910,9876,16560,13950,20392,18928,9473,16294,22914,118511,85588.82694,0,,,
3233,IL,"Cape Girardeau, MO-IL MSA",2p0c,794,604,1286,1108,434,0,938,5164,9528,7250,15432,13291,5209,0,11255,61965,85588.82694,0,,,
3233,IL,"Cape Girardeau, MO-IL MSA",2p1c,985,750,1408,1425,539,598,1116,6820,11820,8995,16900,17094,6463,7176,13395,81841,85588.82694,0,,,
3233,IL,"Cape Girardeau, MO-IL MSA",2p2c,985,953,1561,1741,602,1179,1242,8264,11820,11439,18735,20896,7221,14149,14904,99163,85588.82694,0,,,
3233,IL,"Cape Girardeau, MO-IL MSA",2p3c,1380,1163,1625,2058,790,1358,1562,9936,16560,13955,19504,24698,9474,16294,18747,119233,85588.82694,0,,,
3233,IL,"Cape Girardeau, MO-IL MSA",2p4c,1380,1423,1677,2131,870,1358,1773,10613,16560,17081,20124,25573,10445,16294,21274,127351,85588.82694,0,,,
3234,MO,"Cape Girardeau, MO-IL MSA",1p0c,747,330,1105,554,334,0,706,3775,8964,3954,13261,6646,4011,0,8469,45305,85588.82694,,,,
3234,MO,"Cape Girardeau, MO-IL MSA",1p1c,985,483,1341,871,456,598,825,5559,11820,5799,16094,10448,5470,7176,9905,66711,85588.82694,,,,
3234,MO,"Cape Girardeau, MO-IL MSA",1p2c,985,713,1472,1188,527,1179,1087,7149,11820,8551,17658,14250,6325,14149,13038,85790,85588.82694,,,,
3234,MO,"Cape Girardeau, MO-IL MSA",1p3c,1380,950,1631,1504,723,1358,1629,9174,16560,11394,19566,18053,8679,16294,19547,110093,85588.82694,,,,
3234,MO,"Cape Girardeau, MO-IL MSA",1p4c,1380,1163,1699,1577,789,1358,1877,9844,16560,13950,20392,18928,9473,16294,22527,118124,85588.82694,,,,
3234,MO,"Cape Girardeau, MO-IL MSA",2p0c,794,604,1286,1108,434,0,776,5002,9528,7250,15432,13291,5209,0,9311,60021,85588.82694,,,,
3234,MO,"Cape Girardeau, MO-IL MSA",2p1c,985,750,1408,1425,539,598,978,6682,11820,8995,16900,17094,6463,7176,11732,80179,85588.82694,,,,
3234,MO,"Cape Girardeau, MO-IL MSA",2p2c,985,953,1561,1741,602,1179,1126,8147,11820,11439,18735,20896,7221,14149,13507,97767,85588.82694,,,,
3234,MO,"Cape Girardeau, MO-IL MSA",2p3c,1380,1163,1625,2058,790,1358,1463,9837,16560,13955,19504,24698,9474,16294,17553,118038,85588.82694,,,,
3234,MO,"Cape Girardeau, MO-IL MSA",2p4c,1380,1423,1677,2131,870,1358,1689,10528,16560,17081,20124,25573,10445,16294,20262,126338,85588.82694,,,,
3235,IL,"Johnson County, IL HUD Metro FMR Area",1p0c,617,330,1162,790,294,0,821,4013,7404,3958,13942,9483,3528,0,9846,48160,77213,0,,,
3235,IL,"Johnson County, IL HUD Metro FMR Area",1p1c,900,484,1461,1249,430,671,1080,6273,10800,5804,17526,14983,5155,8053,12956,75277,77213,0,,,
3235,IL,"Johnson County, IL HUD Metro FMR Area",1p2c,900,713,1696,1707,501,1074,1438,8029,10800,8558,20351,20484,6010,12885,17255,96343,77213,0,,,
3235,IL,"Johnson County, IL HUD Metro FMR Area",1p3c,1197,950,1817,2165,667,1198,1942,9936,14364,11404,21805,25984,8000,14372,23299,119229,77213,0,,,
3235,IL,"Johnson County, IL HUD Metro FMR Area",1p4c,1197,1164,1904,2256,733,1198,2178,10629,14364,13962,22851,27068,8795,14372,26134,127545,77213,0,,,
3235,IL,"Johnson County, IL HUD Metro FMR Area",2p0c,738,605,1396,1580,417,0,1105,5842,8856,7256,16756,18965,5002,0,13263,70098,77213,0,,,
3235,IL,"Johnson County, IL HUD Metro FMR Area",2p1c,900,750,1621,2039,512,671,1375,7868,10800,9003,19449,24466,6148,8053,16500,94419,77213,0,,,
3235,IL,"Johnson County, IL HUD Metro FMR Area",2p2c,900,954,1734,2497,576,1074,1516,9250,10800,11449,20802,29966,6908,12885,18192,111002,77213,0,,,
3235,IL,"Johnson County, IL HUD Metro FMR Area",2p3c,1197,1164,1814,2956,733,1198,1899,10960,14364,13967,21771,35467,8796,14372,22788,131524,77213,0,,,
3235,IL,"Johnson County, IL HUD Metro FMR Area",2p4c,1197,1425,1879,3046,814,1198,2146,11704,14364,17096,22551,36550,9767,14372,25750,140451,77213,0,,,
3236,IL,"Jackson County, IL HUD Metro FMR Area",1p0c,670,338,980,790,313,0,787,3878,8040,4050,11761,9483,3754,0,9446,46533,77348,0,,,
3236,IL,"Jackson County, IL HUD Metro FMR Area",1p1c,977,495,1216,1249,457,938,1145,6477,11724,5939,14595,14983,5484,11254,13739,77718,77348,0,,,
3236,IL,"Jackson County, IL HUD Metro FMR Area",1p2c,977,730,1405,1707,530,1341,1491,8180,11724,8758,16854,20484,6359,16086,17890,98155,77348,0,,,
3236,IL,"Jackson County, IL HUD Metro FMR Area",1p3c,1276,973,1499,2165,698,1464,1989,10064,15312,11670,17985,25984,8377,17573,23869,120771,77348,0,,,
3236,IL,"Jackson County, IL HUD Metro FMR Area",1p4c,1276,1191,1566,2256,766,1464,2217,10736,15312,14288,18794,27068,9190,17573,26608,128833,77348,0,,,
3236,IL,"Jackson County, IL HUD Metro FMR Area",2p0c,770,619,1168,1580,431,0,1050,5618,9240,7425,14011,18965,5174,0,12601,67417,77348,0,,,
3236,IL,"Jackson County, IL HUD Metro FMR Area",2p1c,977,768,1349,2039,542,938,1414,8026,11724,9213,16186,24466,6500,11254,16968,96311,77348,0,,,
3236,IL,"Jackson County, IL HUD Metro FMR Area",2p2c,977,976,1438,2497,606,1341,1563,9399,11724,11716,17254,29966,7277,16086,18758,112782,77348,0,,,
3236,IL,"Jackson County, IL HUD Metro FMR Area",2p3c,1276,1191,1501,2956,766,1464,1946,11100,15312,14293,18015,35467,9192,17573,23354,133205,77348,0,,,
3236,IL,"Jackson County, IL HUD Metro FMR Area",2p4c,1276,1458,1552,3046,849,1464,2193,11838,15312,17494,18628,36550,10185,17573,26314,142058,77348,0,,,
3237,IL,"Williamson County, IL HUD Metro FMR Area",1p0c,769,330,1054,790,341,0,851,4135,9228,3958,12652,9483,4094,0,10206,49621,85336,0,,,
3237,IL,"Williamson County, IL HUD Metro FMR Area",1p1c,1031,484,1312,1249,470,870,1185,6600,12372,5804,15738,14983,5643,10443,14221,79204,85336,0,,,
3237,IL,"Williamson County, IL HUD Metro FMR Area",1p2c,1031,713,1515,1707,542,1014,1401,7922,12372,8558,18174,20484,6498,12171,16806,95063,85336,0,,,
3237,IL,"Williamson County, IL HUD Metro FMR Area",1p3c,1419,950,1616,2165,736,1059,1913,9857,17028,11404,19387,25984,8827,12703,22951,118284,85336,0,,,
3237,IL,"Williamson County, IL HUD Metro FMR Area",1p4c,1419,1164,1688,2256,802,1059,2140,10527,17028,13962,20255,27068,9622,12703,25684,126321,85336,0,,,
3237,IL,"Williamson County, IL HUD Metro FMR Area",2p0c,786,605,1258,1580,432,0,1081,5742,9432,7256,15100,18965,5181,0,12967,68901,85336,0,,,
3237,IL,"Williamson County, IL HUD Metro FMR Area",2p1c,1031,750,1453,2039,553,870,1442,8138,12372,9003,17432,24466,6636,10443,17298,97650,85336,0,,,
3237,IL,"Williamson County, IL HUD Metro FMR Area",2p2c,1031,954,1547,2497,616,1014,1482,9142,12372,11449,18565,29966,7396,12171,17781,109700,85336,0,,,
3237,IL,"Williamson County, IL HUD Metro FMR Area",2p3c,1419,1164,1614,2956,802,1059,1875,10888,17028,13967,19371,35467,9623,12703,22496,130655,85336,0,,,
3237,IL,"Williamson County, IL HUD Metro FMR Area",2p4c,1419,1425,1668,3046,883,1059,2114,11613,17028,17096,20018,36550,10594,12703,25366,139355,85336,0,,,
3238,NV,"Carson City, NV MSA",1p0c,1021,357,999,556,428,0,626,3987,12252,4281,11985,6677,5133,0,7517,47845,85823,0,,,
3238,NV,"Carson City, NV MSA",1p1c,1467,523,1231,885,618,764,809,6298,17604,6277,14777,10620,7415,9166,9711,75570,85823,0,,,
3238,NV,"Carson City, NV MSA",1p2c,1467,771,1416,1214,695,1501,1105,8168,17604,9257,16988,14563,8340,18011,13256,98019,85823,0,,,
3238,NV,"Carson City, NV MSA",1p3c,2056,1028,1506,1542,958,1728,1647,10464,24672,12335,18076,18506,11490,20733,19761,125572,85823,0,,,
3238,NV,"Carson City, NV MSA",1p4c,2056,1259,1571,1626,1029,1728,1855,11123,24672,15102,18852,19507,12349,20733,22263,133478,85823,0,,,
3238,NV,"Carson City, NV MSA",2p0c,1148,654,1179,1113,560,0,746,5399,13776,7848,14142,13355,6714,0,8957,64791,85823,0,,,
3238,NV,"Carson City, NV MSA",2p1c,1467,812,1356,1442,707,764,937,7484,17604,9738,16277,17298,8489,9166,11242,89813,85823,0,,,
3238,NV,"Carson City, NV MSA",2p2c,1467,1032,1442,1770,776,1501,1060,9048,17604,12384,17307,21240,9310,18011,12722,108578,85823,0,,,
3238,NV,"Carson City, NV MSA",2p3c,2056,1259,1503,2099,1029,1728,1439,11112,24672,15107,18038,25183,12350,20733,17265,133349,85823,0,,,
3238,NV,"Carson City, NV MSA",2p4c,2056,1541,1552,2182,1117,1728,1651,11827,24672,18491,18624,26185,13401,20733,19817,141923,85823,0,,,
3239,WY,"Casper, WY MSA",1p0c,755,342,1076,740,341,0,600,3854,9060,4108,12912,8874,4088,0,7203,46245,91993,0,,,
3239,WY,"Casper, WY MSA",1p1c,1062,502,1375,1178,486,805,782,6189,12744,6024,16504,14132,5827,9658,9383,74272,91993,0,,,
3239,WY,"Casper, WY MSA",1p2c,1062,740,1506,1616,560,1446,1048,7977,12744,8883,18071,19390,6714,17349,12573,95725,91993,0,,,
3239,WY,"Casper, WY MSA",1p3c,1488,986,1594,2054,768,1643,1517,10050,17856,11836,19127,24648,9219,19716,18201,120603,91993,0,,,
3239,WY,"Casper, WY MSA",1p4c,1488,1208,1656,2151,837,1643,1723,10705,17856,14492,19868,25811,10043,19716,20670,128456,91993,0,,,
3239,WY,"Casper, WY MSA",2p0c,868,628,1321,1479,464,0,773,5532,10416,7531,15847,17749,5572,0,9270,66385,91993,0,,,
3239,WY,"Casper, WY MSA",2p1c,1062,779,1446,1917,572,805,945,7524,12744,9344,17346,23007,6858,9658,11337,90293,91993,0,,,
3239,WY,"Casper, WY MSA",2p2c,1062,990,1529,2355,637,1446,1071,9090,12744,11883,18351,28264,7646,17349,12848,109085,91993,0,,,
3239,WY,"Casper, WY MSA",2p3c,1488,1208,1588,2794,837,1643,1390,10947,17856,14496,19053,33522,10045,19716,16674,131362,91993,0,,,
3239,WY,"Casper, WY MSA",2p4c,1488,1479,1702,2891,921,1643,1629,11753,17856,17744,20426,34686,11053,19716,19552,141031,91993,0,,,
3240,IA,"Cedar Rapids, IA HUD Metro FMR Area",1p0c,681,356,1117,393,322,0,675,3543,8172,4269,13404,4713,3863,0,8094,42515,97372,0,,,
3240,IA,"Cedar Rapids, IA HUD Metro FMR Area",1p1c,993,522,1378,613,470,725,890,5592,11916,6261,16540,7359,5643,8700,10681,67101,97372,0,,,
3240,IA,"Cedar Rapids, IA HUD Metro FMR Area",1p2c,993,769,1510,834,547,1305,1156,7114,11916,9232,18125,10005,6566,15661,13866,85371,97372,0,,,
3240,IA,"Cedar Rapids, IA HUD Metro FMR Area",1p3c,1391,1025,1663,1054,750,1484,1697,9064,16692,12302,19955,12651,9002,17803,20359,108763,97372,0,,,
3240,IA,"Cedar Rapids, IA HUD Metro FMR Area",1p4c,1391,1255,1726,1115,822,1484,1943,9735,16692,15061,20714,13384,9859,17803,23313,116825,97372,0,,,
3240,IA,"Cedar Rapids, IA HUD Metro FMR Area",2p0c,757,652,1329,786,438,0,760,4721,9084,7827,15942,9427,5250,0,9121,56652,97372,0,,,
3240,IA,"Cedar Rapids, IA HUD Metro FMR Area",2p1c,993,809,1455,1006,560,725,1004,6552,11916,9712,17460,12073,6715,8700,12051,78627,97372,0,,,
3240,IA,"Cedar Rapids, IA HUD Metro FMR Area",2p2c,993,1029,1603,1227,628,1305,1139,7924,11916,12350,19241,14718,7534,15661,13667,95088,97372,0,,,
3240,IA,"Cedar Rapids, IA HUD Metro FMR Area",2p3c,1391,1256,1664,1447,822,1484,1422,9485,16692,15067,19963,17364,9860,17803,17066,113815,97372,0,,,
3240,IA,"Cedar Rapids, IA HUD Metro FMR Area",2p4c,1391,1537,1711,1508,909,1484,1648,10187,16692,18441,20527,18097,10908,17803,19774,122243,97372,0,,,
3241,IA,"Benton County, IA HUD Metro FMR Area",1p0c,601,361,1250,393,299,0,686,3589,7212,4327,14999,4713,3583,0,8233,43067,104875,0,,,
3241,IA,"Benton County, IA HUD Metro FMR Area",1p1c,877,529,1619,613,436,712,920,5706,10524,6345,19424,7359,5237,8547,11039,68476,104875,0,,,
3241,IA,"Benton County, IA HUD Metro FMR Area",1p2c,877,780,1781,834,514,1282,1212,7280,10524,9357,21377,10005,6172,15385,14539,87359,104875,0,,,
3241,IA,"Benton County, IA HUD Metro FMR Area",1p3c,1140,1039,1891,1054,677,1457,1632,8889,13680,12468,22688,12651,8118,17489,19578,106671,104875,0,,,
3241,IA,"Benton County, IA HUD Metro FMR Area",1p4c,1140,1272,2044,1115,749,1457,1934,9712,13680,15265,24531,13384,8987,17489,23203,116539,104875,0,,,
3241,IA,"Benton County, IA HUD Metro FMR Area",2p0c,668,661,1551,786,413,0,798,4877,8016,7933,18614,9427,4952,0,9579,58520,104875,0,,,
3241,IA,"Benton County, IA HUD Metro FMR Area",2p1c,877,820,1704,1006,527,712,1037,6684,10524,9843,20450,12073,6323,8547,12449,80209,104875,0,,,
3241,IA,"Benton County, IA HUD Metro FMR Area",2p2c,877,1043,1806,1227,596,1282,1154,7985,10524,12517,21674,14718,7154,15385,13853,95825,104875,0,,,
3241,IA,"Benton County, IA HUD Metro FMR Area",2p3c,1140,1273,1954,1447,749,1457,1402,9423,13680,15270,23452,17364,8988,17489,16828,113071,104875,0,,,
3241,IA,"Benton County, IA HUD Metro FMR Area",2p4c,1140,1558,2013,1508,838,1457,1635,10148,13680,18691,24150,18097,10050,17489,19619,121776,104875,0,,,
3242,IA,"Jones County, IA HUD Metro FMR Area",1p0c,601,330,1174,393,289,0,647,3434,7212,3958,14089,4713,3468,0,7766,41206,93766,0,,,
3242,IA,"Jones County, IA HUD Metro FMR Area",1p1c,877,484,1524,613,422,667,850,5436,10524,5804,18283,7359,5069,8000,10196,65235,93766,0,,,
3242,IA,"Jones County, IA HUD Metro FMR Area",1p2c,877,713,1683,834,494,1200,1076,6877,10524,8558,20200,10005,5925,14401,12915,82527,93766,0,,,
3242,IA,"Jones County, IA HUD Metro FMR Area",1p3c,1158,950,1793,1054,655,1364,1467,8441,13896,11404,21516,12651,7855,16370,17604,101296,93766,0,,,
3242,IA,"Jones County, IA HUD Metro FMR Area",1p4c,1158,1164,1871,1115,721,1364,1707,9100,13896,13962,22457,13384,8649,16370,20480,109198,93766,0,,,
3242,IA,"Jones County, IA HUD Metro FMR Area",2p0c,696,605,1460,786,404,0,757,4707,8352,7256,17524,9427,4846,0,9081,56486,93766,0,,,
3242,IA,"Jones County, IA HUD Metro FMR Area",2p1c,877,750,1610,1006,505,667,960,6375,10524,9003,19323,12073,6063,8000,11519,76505,93766,0,,,
3242,IA,"Jones County, IA HUD Metro FMR Area",2p2c,877,954,1713,1227,569,1200,1056,7595,10524,11449,20551,14718,6822,14401,12671,91135,93766,0,,,
3242,IA,"Jones County, IA HUD Metro FMR Area",2p3c,1158,1164,1785,1447,721,1364,1231,8870,13896,13967,21423,17364,8651,16370,14774,106445,93766,0,,,
3242,IA,"Jones County, IA HUD Metro FMR Area",2p4c,1158,1425,1843,1508,802,1364,1435,9534,13896,17096,22116,18097,9622,16370,17214,114411,93766,0,,,
3243,PA,"Chambersburg-Waynesboro, PA MSA",1p0c,946,344,1103,509,401,0,769,4072,11352,4131,13239,6109,4807,0,9229,48867,88785,0,,,
3243,PA,"Chambersburg-Waynesboro, PA MSA",1p1c,1193,505,1435,809,527,805,983,6258,14316,6057,17221,9712,6325,9664,11799,75095,88785,0,,,
3243,PA,"Chambersburg-Waynesboro, PA MSA",1p2c,1193,744,1585,1110,602,1557,1350,8141,14316,8933,19018,13315,7218,18684,16204,97686,88785,0,,,
3243,PA,"Chambersburg-Waynesboro, PA MSA",1p3c,1591,992,1687,1410,802,1788,1858,10128,19092,11903,20244,16917,9623,21459,22295,121532,88785,0,,,
3243,PA,"Chambersburg-Waynesboro, PA MSA",1p4c,1591,1214,1760,1482,871,1788,2093,10798,19092,14573,21114,17780,10452,21459,25110,129579,88785,0,,,
3243,PA,"Chambersburg-Waynesboro, PA MSA",2p0c,979,631,1379,1018,500,0,919,5426,11748,7573,16542,12218,5999,0,11033,65113,88785,0,,,
3243,PA,"Chambersburg-Waynesboro, PA MSA",2p1c,1193,783,1519,1318,614,805,1143,7376,14316,9397,18231,15821,7362,9664,13718,88508,88785,0,,,
3243,PA,"Chambersburg-Waynesboro, PA MSA",2p2c,1193,996,1615,1619,680,1557,1304,8963,14316,11950,19376,19423,8155,18684,15649,107552,88785,0,,,
3243,PA,"Chambersburg-Waynesboro, PA MSA",2p3c,1591,1215,1682,1919,871,1788,1665,10731,19092,14578,20184,23026,10454,21459,19979,128771,88785,0,,,
3243,PA,"Chambersburg-Waynesboro, PA MSA",2p4c,1591,1487,1807,1991,956,1788,1929,11548,19092,17843,21678,23888,11467,21459,23143,138570,88785,0,,,
3244,IL,"Champaign-Urbana, IL MSA",1p0c,904,349,960,692,389,0,854,4147,10848,4189,11516,8302,4668,0,10242,49764,97222.01904,0,,,
3244,IL,"Champaign-Urbana, IL MSA",1p1c,1080,512,1241,1091,494,1171,1270,6859,12960,6142,14887,13096,5931,14054,15244,82313,97222.01904,0,,,
3244,IL,"Champaign-Urbana, IL MSA",1p2c,1080,755,1365,1491,570,1443,1499,8202,12960,9057,16379,17889,6836,17317,17984,98422,97222.01904,0,,,
3244,IL,"Champaign-Urbana, IL MSA",1p3c,1405,1006,1449,1890,749,1527,1960,9986,16860,12069,17392,22683,8982,18321,23520,119827,97222.01904,0,,,
3244,IL,"Champaign-Urbana, IL MSA",1p4c,1405,1231,1509,1973,819,1527,2185,10649,16860,14777,18104,23680,9822,18321,26222,127786,97222.01904,0,,,
3244,IL,"Champaign-Urbana, IL MSA",2p0c,909,640,1197,1384,481,0,1064,5674,10908,7679,14363,16604,5771,0,12768,68093,97222.01904,0,,,
3244,IL,"Champaign-Urbana, IL MSA",2p1c,1080,794,1316,1783,582,1171,1451,8177,12960,9528,15788,21398,6982,14054,17415,98125,97222.01904,0,,,
3244,IL,"Champaign-Urbana, IL MSA",2p2c,1080,1010,1396,2183,649,1443,1528,9288,12960,12116,16751,26191,7786,17317,18337,111458,97222.01904,0,,,
3244,IL,"Champaign-Urbana, IL MSA",2p3c,1405,1232,1452,2582,819,1527,1876,10893,16860,14782,17425,30985,9824,18321,22515,130711,97222.01904,0,,,
3244,IL,"Champaign-Urbana, IL MSA",2p4c,1405,1508,1560,2665,904,1527,2151,11720,16860,18092,18717,31982,10852,18321,25817,140642,97222.01904,0,,,
3245,WV,"Charleston, WV HUD Metro FMR Area",1p0c,723,332,985,778,328,0,760,3906,8676,3982,11817,9338,3930,0,9124,46867,75612.60558,0,,,
3245,WV,"Charleston, WV HUD Metro FMR Area",1p1c,1054,487,1202,1230,478,790,1092,6332,12648,5839,14426,14756,5740,9476,13099,75983,75612.60558,0,,,
3245,WV,"Charleston, WV HUD Metro FMR Area",1p2c,1054,718,1323,1681,550,1490,1597,8413,12648,8611,15871,20174,6600,17883,19164,100950,75612.60558,0,,,
3245,WV,"Charleston, WV HUD Metro FMR Area",1p3c,1356,956,1470,2133,718,1706,2219,10558,16272,11474,17643,25592,8614,20469,26628,126693,75612.60558,0,,,
3245,WV,"Charleston, WV HUD Metro FMR Area",1p4c,1356,1171,1534,2224,784,1706,2475,11249,16272,14048,18409,26688,9413,20469,29694,134993,75612.60558,0,,,
3245,WV,"Charleston, WV HUD Metro FMR Area",2p0c,856,608,1156,1556,455,0,1048,5679,10272,7300,13869,18676,5456,0,12576,68149,75612.60558,0,,,
3245,WV,"Charleston, WV HUD Metro FMR Area",2p1c,1054,755,1271,2008,562,790,1376,7815,12648,9058,15252,24094,6739,9476,16513,93779,75612.60558,0,,,
3245,WV,"Charleston, WV HUD Metro FMR Area",2p2c,1054,960,1415,2459,625,1490,1703,9707,12648,11519,16977,29512,7503,17883,20436,116478,75612.60558,0,,,
3245,WV,"Charleston, WV HUD Metro FMR Area",2p3c,1356,1171,1476,2911,785,1706,2191,11594,16272,14053,17706,34930,9415,20469,26286,139131,75612.60558,0,,,
3245,WV,"Charleston, WV HUD Metro FMR Area",2p4c,1356,1433,1525,3002,866,1706,2455,12343,16272,17200,18299,36026,10392,20469,29455,148114,75612.60558,0,,,
3246,WV,"Jackson County, WV HUD Metro FMR Area",1p0c,597,311,1122,818,282,0,755,3885,7164,3727,13468,9815,3381,0,9059,46614,76909,0,,,
3246,WV,"Jackson County, WV HUD Metro FMR Area",1p1c,862,455,1372,1293,409,900,1118,6410,10344,5465,16468,15518,4908,10801,13410,76914,76909,0,,,
3246,WV,"Jackson County, WV HUD Metro FMR Area",1p2c,862,672,1515,1768,476,1709,1705,8707,10344,8059,18177,21221,5714,20503,20462,104479,76909,0,,,
3246,WV,"Jackson County, WV HUD Metro FMR Area",1p3c,1140,895,1617,2244,632,1957,2311,10795,13680,10739,19406,26924,7581,23489,27726,129545,76909,0,,,
3246,WV,"Jackson County, WV HUD Metro FMR Area",1p4c,1140,1096,1763,2338,694,1957,2609,11598,13680,13148,21161,28055,8329,23489,31313,139176,76909,0,,,
3246,WV,"Jackson County, WV HUD Metro FMR Area",2p0c,704,569,1314,1636,395,0,1044,5662,8448,6833,15769,19629,4744,0,12523,67946,76909,0,,,
3246,WV,"Jackson County, WV HUD Metro FMR Area",2p1c,862,707,1447,2111,487,900,1403,7917,10344,8478,17368,25332,5844,10801,16834,95001,76909,0,,,
3246,WV,"Jackson County, WV HUD Metro FMR Area",2p2c,862,898,1543,2586,547,1709,1777,9921,10344,10781,18513,31035,6559,20503,21320,119056,76909,0,,,
3246,WV,"Jackson County, WV HUD Metro FMR Area",2p3c,1140,1096,1684,3062,694,1957,2324,11957,13680,13153,20204,36738,8331,23489,27885,143479,76909,0,,,
3246,WV,"Jackson County, WV HUD Metro FMR Area",2p4c,1140,1342,1742,3156,771,1957,2557,12665,13680,16099,20905,37870,9246,23489,30687,151975,76909,0,,,
3247,WV,"Lincoln County, WV HUD Metro FMR Area",1p0c,612,366,1102,778,304,0,766,3928,7344,4396,13223,9338,3645,0,9194,47140,57927,0,,,
3247,WV,"Lincoln County, WV HUD Metro FMR Area",1p1c,883,537,1333,1230,441,712,1040,6175,10596,6447,15991,14756,5291,8547,12476,74104,57927,0,,,
3247,WV,"Lincoln County, WV HUD Metro FMR Area",1p2c,883,792,1468,1681,520,1380,1544,8268,10596,9506,17613,20174,6241,16559,18527,99216,57927,0,,,
3247,WV,"Lincoln County, WV HUD Metro FMR Area",1p3c,1064,1056,1567,2133,658,1585,2047,10110,12768,12668,18801,25592,7897,19024,24564,121314,57927,0,,,
3247,WV,"Lincoln County, WV HUD Metro FMR Area",1p4c,1064,1292,1639,2224,732,1585,2325,10862,12768,15509,19673,26688,8779,19024,27898,130340,57927,0,,,
3247,WV,"Lincoln County, WV HUD Metro FMR Area",2p0c,729,672,1272,1556,435,0,1059,5724,8748,8060,15267,18676,5218,0,12713,68682,57927,0,,,
3247,WV,"Lincoln County, WV HUD Metro FMR Area",2p1c,883,833,1400,2008,533,712,1351,7721,10596,10000,16802,24094,6395,8547,16215,92649,57927,0,,,
3247,WV,"Lincoln County, WV HUD Metro FMR Area",2p2c,883,1060,1494,2459,603,1380,1639,9518,10596,12717,17922,29512,7238,16559,19667,114211,57927,0,,,
3247,WV,"Lincoln County, WV HUD Metro FMR Area",2p3c,1064,1293,1562,2911,732,1585,2044,11190,12768,15515,18741,34930,8781,19024,24523,134281,57927,0,,,
3247,WV,"Lincoln County, WV HUD Metro FMR Area",2p4c,1064,1583,1690,3002,822,1585,2371,12117,12768,18990,20275,36026,9860,19024,28456,145399,57927,0,,,
3248,WV,"Boone County, WV HUD Metro FMR Area",1p0c,590,310,1067,778,279,0,720,3744,7080,3715,12805,9338,3352,0,8640,44930,71136,0,,,
3248,WV,"Boone County, WV HUD Metro FMR Area",1p1c,852,454,1302,1230,406,886,1037,6166,10224,5448,15622,14756,4866,10637,12440,73993,71136,0,,,
3248,WV,"Boone County, WV HUD Metro FMR Area",1p2c,852,670,1439,1681,472,1704,1599,8417,10224,8034,17273,20174,5669,20449,19185,101008,71136,0,,,
3248,WV,"Boone County, WV HUD Metro FMR Area",1p3c,1175,892,1540,2133,642,1956,2218,10555,14100,10706,18480,25592,7702,23467,26617,126663,71136,0,,,
3248,WV,"Boone County, WV HUD Metro FMR Area",1p4c,1175,1092,1614,2224,704,1956,2468,11233,14100,13108,19365,26688,8447,23467,29616,134791,71136,0,,,
3248,WV,"Boone County, WV HUD Metro FMR Area",2p0c,712,568,1242,1556,397,0,994,5469,8544,6812,14905,18676,4768,0,11927,65631,71136,0,,,
3248,WV,"Boone County, WV HUD Metro FMR Area",2p1c,852,704,1372,2008,483,886,1329,7635,10224,8452,16466,24094,5798,10637,15944,91615,71136,0,,,
3248,WV,"Boone County, WV HUD Metro FMR Area",2p2c,852,896,1467,2459,543,1704,1660,9581,10224,10748,17604,29512,6511,20449,19924,114972,71136,0,,,
3248,WV,"Boone County, WV HUD Metro FMR Area",2p3c,1175,1093,1536,2911,704,1956,2174,11548,14100,13112,18436,34930,8449,23467,26082,138576,71136,0,,,
3248,WV,"Boone County, WV HUD Metro FMR Area",2p4c,1175,1337,1664,3002,780,1956,2469,12383,14100,16049,19964,36026,9360,23467,29633,148600,71136,0,,,
3249,SC,"Charleston-North Charleston, SC MSA",1p0c,1583,380,1060,429,609,0,1171,5232,18996,4557,12717,5152,7312,0,14047,62781,103678.7162,1,42,58,42
3249,SC,"Charleston-North Charleston, SC MSA",1p1c,1820,557,1356,672,738,926,1407,7475,21840,6682,16277,8064,8855,11106,16880,89703,103678.7162,1,42,58,42
3249,SC,"Charleston-North Charleston, SC MSA",1p2c,1820,821,1486,915,820,1627,1817,9306,21840,9853,17833,10976,9840,19524,21802,111668,103678.7162,1,42,58,42
3249,SC,"Charleston-North Charleston, SC MSA",1p3c,2255,1094,1574,1157,1040,1843,2416,11379,27060,13129,18887,13888,12478,22114,28987,136543,103678.7162,1,42,58,42
3249,SC,"Charleston-North Charleston, SC MSA",1p4c,2255,1340,1636,1223,1116,1843,2659,12071,27060,16075,19630,14677,13392,22114,31902,144850,103678.7162,1,42,58,42
3249,SC,"Charleston-North Charleston, SC MSA",2p0c,1644,696,1308,859,727,0,1158,6391,19728,8354,15695,10304,8719,0,13891,76689,103678.7162,1,42,58,42
3249,SC,"Charleston-North Charleston, SC MSA",2p1c,1820,864,1432,1101,833,926,1382,8357,21840,10365,17180,13216,9999,11106,16583,100288,103678.7162,1,42,58,42
3249,SC,"Charleston-North Charleston, SC MSA",2p2c,1820,1098,1515,1344,906,1627,1619,9929,21840,13181,18180,16128,10873,19524,19426,119151,103678.7162,1,42,58,42
3249,SC,"Charleston-North Charleston, SC MSA",2p3c,2255,1340,1574,1587,1116,1843,2092,11806,27060,16080,18882,19040,13394,22114,25101,141670,103678.7162,1,42,58,42
3249,SC,"Charleston-North Charleston, SC MSA",2p4c,2255,1640,1688,1652,1209,1843,2387,12674,27060,19682,20256,19828,14512,22114,28638,152091,103678.7162,1,42,58,42
3250,NC,"Charlotte-Concord-Gastonia, NC-SC HUD Metro FMR Area",1p0c,1586,375,1044,465,609,0,1158,5237,19032,4495,12531,5580,7305,0,13899,62842,103936.6185,1,50,67,41
3250,NC,"Charlotte-Concord-Gastonia, NC-SC HUD Metro FMR Area",1p1c,1824,549,1350,729,737,808,1418,7414,21888,6592,16194,8749,8842,9692,17010,88967,103936.6185,1,50,67,41
3250,NC,"Charlotte-Concord-Gastonia, NC-SC HUD Metro FMR Area",1p2c,1824,810,1483,993,818,1303,1749,8980,21888,9721,17796,11917,9814,15631,20989,107756,103936.6185,1,50,67,41
3250,NC,"Charlotte-Concord-Gastonia, NC-SC HUD Metro FMR Area",1p3c,2250,1079,1573,1257,1034,1455,2299,10947,27000,12953,18877,15086,12404,17458,27589,131369,103936.6185,1,50,67,41
3250,NC,"Charlotte-Concord-Gastonia, NC-SC HUD Metro FMR Area",1p4c,2250,1322,1637,1326,1109,1455,2566,11664,27000,15859,19639,15906,13307,17458,30794,139964,103936.6185,1,50,67,41
3250,NC,"Charlotte-Concord-Gastonia, NC-SC HUD Metro FMR Area",2p0c,1647,687,1305,930,725,0,1200,6494,19764,8242,15659,11160,8695,0,14402,77923,103936.6185,1,50,67,41
3250,NC,"Charlotte-Concord-Gastonia, NC-SC HUD Metro FMR Area",2p1c,1824,852,1432,1194,831,808,1447,8388,21888,10226,17189,14329,9971,9692,17364,100658,103936.6185,1,50,67,41
3250,NC,"Charlotte-Concord-Gastonia, NC-SC HUD Metro FMR Area",2p2c,1824,1084,1518,1458,903,1303,1620,9709,21888,13004,18217,17497,10833,15631,19442,116513,103936.6185,1,50,67,41
3250,NC,"Charlotte-Concord-Gastonia, NC-SC HUD Metro FMR Area",2p3c,2250,1322,1578,1722,1109,1455,2060,11496,27000,15865,18937,20666,13308,17458,24717,137952,103936.6185,1,50,67,41
3250,NC,"Charlotte-Concord-Gastonia, NC-SC HUD Metro FMR Area",2p4c,2250,1618,1695,1791,1201,1455,2376,12385,27000,19418,20335,21486,14412,17458,28511,148620,103936.6185,1,50,67,41
3251,SC,"Charlotte-Concord-Gastonia, NC-SC HUD Metro FMR Area",1p0c,1586,375,1044,465,609,0,1180,5259,19032,4495,12531,5580,7305,0,14165,63108,103936.6185,,,,
3251,SC,"Charlotte-Concord-Gastonia, NC-SC HUD Metro FMR Area",1p1c,1824,549,1350,729,737,808,1366,7362,21888,6592,16194,8749,8842,9692,16391,88348,103936.6185,,,,
3251,SC,"Charlotte-Concord-Gastonia, NC-SC HUD Metro FMR Area",1p2c,1824,810,1483,993,818,1303,1657,8887,21888,9721,17796,11917,9814,15631,19879,106646,103936.6185,,,,
3251,SC,"Charlotte-Concord-Gastonia, NC-SC HUD Metro FMR Area",1p3c,2250,1079,1573,1257,1034,1455,2214,10862,27000,12953,18877,15086,12404,17458,26566,130346,103936.6185,,,,
3251,SC,"Charlotte-Concord-Gastonia, NC-SC HUD Metro FMR Area",1p4c,2250,1322,1637,1326,1109,1455,2455,11552,27000,15859,19639,15906,13307,17458,29454,138623,103936.6185,,,,
3251,SC,"Charlotte-Concord-Gastonia, NC-SC HUD Metro FMR Area",2p0c,1647,687,1305,930,725,0,1179,6473,19764,8242,15659,11160,8695,0,14150,77671,103936.6185,,,,
3251,SC,"Charlotte-Concord-Gastonia, NC-SC HUD Metro FMR Area",2p1c,1824,852,1432,1194,831,808,1370,8311,21888,10226,17189,14329,9971,9692,16434,99728,103936.6185,,,,
3251,SC,"Charlotte-Concord-Gastonia, NC-SC HUD Metro FMR Area",2p2c,1824,1084,1518,1458,903,1303,1504,9594,21888,13004,18217,17497,10833,15631,18053,115123,103936.6185,,,,
3251,SC,"Charlotte-Concord-Gastonia, NC-SC HUD Metro FMR Area",2p3c,2250,1322,1578,1722,1109,1455,1927,11363,27000,15865,18937,20666,13308,17458,23126,136361,103936.6185,,,,
3251,SC,"Charlotte-Concord-Gastonia, NC-SC HUD Metro FMR Area",2p4c,2250,1618,1695,1791,1201,1455,2221,12230,27000,19418,20335,21486,14412,17458,26652,146761,103936.6185,,,,
3252,NC,"Anson County, NC HUD Metro FMR Area",1p0c,834,318,1141,480,358,0,762,3893,10008,3819,13691,5765,4293,0,9138,46714,60137,0,,,
3252,NC,"Anson County, NC HUD Metro FMR Area",1p1c,1216,467,1380,754,522,635,933,5906,14592,5601,16555,9044,6269,7617,11190,70868,60137,0,,,
3252,NC,"Anson County, NC HUD Metro FMR Area",1p2c,1216,688,1516,1027,591,979,1089,7107,14592,8259,18197,12323,7095,11744,13071,85281,60137,0,,,
3252,NC,"Anson County, NC HUD Metro FMR Area",1p3c,1465,917,1616,1300,740,1085,1419,8541,17580,11005,19388,15603,8875,13014,17025,102490,60137,0,,,
3252,NC,"Anson County, NC HUD Metro FMR Area",1p4c,1465,1123,1760,1370,803,1085,1696,9302,17580,13474,21124,16436,9641,13014,20353,111622,60137,0,,,
3252,NC,"Anson County, NC HUD Metro FMR Area",2p0c,927,584,1322,961,469,0,857,5119,11124,7002,15865,11530,5628,0,10279,61429,60137,0,,,
3252,NC,"Anson County, NC HUD Metro FMR Area",2p1c,1216,724,1451,1234,602,635,1085,6946,14592,8688,17407,14809,7228,7617,13015,83356,60137,0,,,
3252,NC,"Anson County, NC HUD Metro FMR Area",2p2c,1216,921,1543,1507,663,979,1106,7935,14592,11048,18520,18089,7961,11744,13269,95223,60137,0,,,
3252,NC,"Anson County, NC HUD Metro FMR Area",2p3c,1465,1123,1683,1781,804,1085,1303,9242,17580,13478,20196,21368,9643,13014,15631,110909,60137,0,,,
3252,NC,"Anson County, NC HUD Metro FMR Area",2p4c,1465,1375,1741,1850,882,1085,1518,9915,17580,16498,20888,22201,10580,13014,18219,118979,60137,0,,,
3253,NC,"Iredell County, NC HUD Metro FMR Area",1p0c,1206,356,1130,466,485,0,941,4583,14472,4269,13564,5590,5819,0,11286,55000,93159,0,,,
3253,NC,"Iredell County, NC HUD Metro FMR Area",1p1c,1387,522,1387,730,593,754,1102,6474,16644,6261,16638,8764,7111,9045,13220,77684,93159,0,,,
3253,NC,"Iredell County, NC HUD Metro FMR Area",1p2c,1387,769,1589,995,670,1513,1579,8502,16644,9232,19070,11939,8034,18153,18950,102022,93159,0,,,
3253,NC,"Iredell County, NC HUD Metro FMR Area",1p3c,1908,1025,1686,1259,911,1746,2232,10768,22896,12302,20230,15113,10928,20956,26788,129213,93159,0,,,
3253,NC,"Iredell County, NC HUD Metro FMR Area",1p4c,1908,1255,1755,1328,982,1746,2493,11466,22896,15061,21054,15934,11785,20956,29910,137596,93159,0,,,
3253,NC,"Iredell County, NC HUD Metro FMR Area",2p0c,1253,652,1333,932,592,0,1023,5785,15036,7827,15998,11180,7098,0,12276,69415,93159,0,,,
3253,NC,"Iredell County, NC HUD Metro FMR Area",2p1c,1387,809,1529,1196,682,754,1251,7608,16644,9712,18346,14354,8183,9045,15010,91295,93159,0,,,
3253,NC,"Iredell County, NC HUD Metro FMR Area",2p2c,1387,1029,1620,1461,750,1513,1462,9223,16644,12350,19443,17529,9002,18153,17549,110671,93159,0,,,
3253,NC,"Iredell County, NC HUD Metro FMR Area",2p3c,1908,1256,1685,1725,982,1746,1986,11288,22896,15067,20219,20703,11786,20956,23830,135456,93159,0,,,
3253,NC,"Iredell County, NC HUD Metro FMR Area",2p4c,1908,1537,1736,1794,1070,1746,2255,12046,22896,18441,20835,21524,12834,20956,27064,144550,93159,0,,,
3254,NC,"Lincoln County, NC HUD Metro FMR Area",1p0c,1018,352,1138,489,425,0,856,4278,12216,4223,13658,5867,5104,0,10270,51338,93296,0,,,
3254,NC,"Lincoln County, NC HUD Metro FMR Area",1p1c,1171,516,1389,767,524,707,967,6042,14052,6193,16673,9207,6285,8488,11600,72498,93296,0,,,
3254,NC,"Lincoln County, NC HUD Metro FMR Area",1p2c,1171,761,1526,1046,600,1114,1189,7407,14052,9132,18316,12547,7198,13368,14272,88885,93296,0,,,
3254,NC,"Lincoln County, NC HUD Metro FMR Area",1p3c,1623,1014,1693,1324,819,1239,1759,9471,19476,12169,20318,15887,9825,14870,21107,113652,93296,0,,,
3254,NC,"Lincoln County, NC HUD Metro FMR Area",1p4c,1623,1242,1765,1394,889,1239,2021,10173,19476,14899,21176,16729,10672,14870,24248,122070,93296,0,,,
3254,NC,"Lincoln County, NC HUD Metro FMR Area",2p0c,1058,645,1335,978,529,0,951,5496,12696,7743,16023,11734,6346,0,11410,65951,93296,0,,,
3254,NC,"Lincoln County, NC HUD Metro FMR Area",2p1c,1171,801,1464,1256,612,707,1135,7147,14052,9607,17573,15074,7345,8488,13619,85758,93296,0,,,
3254,NC,"Lincoln County, NC HUD Metro FMR Area",2p2c,1171,1018,1626,1535,680,1114,1212,8354,14052,12217,19506,18414,8156,13368,14539,100252,93296,0,,,
3254,NC,"Lincoln County, NC HUD Metro FMR Area",2p3c,1623,1242,1693,1813,890,1239,1568,10067,19476,14904,20310,21754,10674,14870,18817,120805,93296,0,,,
3254,NC,"Lincoln County, NC HUD Metro FMR Area",2p4c,1623,1520,1747,1883,976,1239,1822,10810,19476,18242,20960,22596,11710,14870,21861,129715,93296,0,,,
3255,NC,"Rowan County, NC HUD Metro FMR Area",1p0c,1044,339,1098,455,429,0,839,4203,12528,4062,13172,5455,5151,0,10067,50435,77193,0,,,
3255,NC,"Rowan County, NC HUD Metro FMR Area",1p1c,1285,496,1331,712,553,603,935,5916,15420,5956,15970,8549,6637,7236,11220,70988,77193,0,,,
3255,NC,"Rowan County, NC HUD Metro FMR Area",1p2c,1285,732,1460,970,626,1210,1223,7507,15420,8783,17525,11643,7514,14523,14677,90085,77193,0,,,
3255,NC,"Rowan County, NC HUD Metro FMR Area",1p3c,1691,975,1621,1228,828,1397,1775,9515,20292,11703,19447,14737,9934,16765,21304,114182,77193,0,,,
3255,NC,"Rowan County, NC HUD Metro FMR Area",1p4c,1691,1194,1690,1296,896,1397,2028,10191,20292,14329,20277,15548,10749,16765,24330,122290,77193,0,,,
3255,NC,"Rowan County, NC HUD Metro FMR Area",2p0c,1050,621,1279,909,519,0,895,5273,12600,7446,15352,10911,6224,0,10741,63274,77193,0,,,
3255,NC,"Rowan County, NC HUD Metro FMR Area",2p1c,1285,770,1402,1167,638,603,1086,6951,15420,9239,16828,14005,7656,7236,13030,83413,77193,0,,,
3255,NC,"Rowan County, NC HUD Metro FMR Area",2p2c,1285,979,1557,1425,703,1210,1217,8377,15420,11749,18689,17098,8435,14523,14607,100521,77193,0,,,
3255,NC,"Rowan County, NC HUD Metro FMR Area",2p3c,1691,1195,1623,1683,896,1397,1561,10044,20292,14334,19471,20192,10750,16765,18727,120531,77193,0,,,
3255,NC,"Rowan County, NC HUD Metro FMR Area",2p4c,1691,1462,1676,1750,979,1397,1805,10760,20292,17544,20106,21003,11747,16765,21659,129115,77193,0,,,
3256,SC,"Chester County, SC HUD Metro FMR Area",1p0c,835,303,1130,486,353,0,740,3848,10020,3635,13559,5835,4239,0,8885,46172,61343,0,,,
3256,SC,"Chester County, SC HUD Metro FMR Area",1p1c,1051,444,1353,763,464,645,761,5481,12612,5330,16236,9156,5570,7739,9130,65773,61343,0,,,
3256,SC,"Chester County, SC HUD Metro FMR Area",1p2c,1051,655,1484,1040,530,1324,997,7080,12612,7860,17805,12476,6356,15883,11967,84960,61343,0,,,
3256,SC,"Chester County, SC HUD Metro FMR Area",1p3c,1473,873,1580,1316,728,1532,1503,9006,17676,10473,18957,15797,8740,18389,18041,108073,61343,0,,,
3256,SC,"Chester County, SC HUD Metro FMR Area",1p4c,1473,1069,1650,1386,789,1532,1707,9607,17676,12823,19804,16636,9469,18389,20488,115285,61343,0,,,
3256,SC,"Chester County, SC HUD Metro FMR Area",2p0c,840,555,1298,972,433,0,750,4848,10080,6664,15570,11669,5198,0,8998,58179,61343,0,,,
3256,SC,"Chester County, SC HUD Metro FMR Area",2p1c,1051,689,1420,1249,540,645,884,6478,12612,8268,17044,14990,6483,7739,10602,77738,61343,0,,,
3256,SC,"Chester County, SC HUD Metro FMR Area",2p2c,1051,876,1510,1526,598,1324,984,7869,12612,10514,18121,18311,7180,15883,11805,94427,61343,0,,,
3256,SC,"Chester County, SC HUD Metro FMR Area",2p3c,1473,1069,1576,1803,789,1532,1292,9534,17676,12827,18910,21632,9470,18389,15499,114402,61343,0,,,
3256,SC,"Chester County, SC HUD Metro FMR Area",2p4c,1473,1308,1703,1873,864,1532,1507,10260,17676,15700,20437,22471,10362,18389,18089,123124,61343,0,,,
3257,SC,"Lancaster County, SC HUD Metro FMR Area",1p0c,963,351,1137,485,408,0,827,4170,11556,4212,13641,5817,4895,0,9921,50042,91114,0,,,
3257,SC,"Lancaster County, SC HUD Metro FMR Area",1p1c,1108,515,1392,761,504,825,901,6005,13296,6176,16709,9127,6045,9896,10813,72063,91114,0,,,
3257,SC,"Lancaster County, SC HUD Metro FMR Area",1p2c,1108,759,1534,1036,580,1684,1343,8043,13296,9107,18412,12437,6956,20202,16111,96520,91114,0,,,
3257,SC,"Lancaster County, SC HUD Metro FMR Area",1p3c,1514,1011,1706,1312,784,1948,1994,10269,18168,12136,20470,15747,9408,23373,23924,123226,91114,0,,,
3257,SC,"Lancaster County, SC HUD Metro FMR Area",1p4c,1514,1238,1781,1382,855,1948,2211,10928,18168,14858,21372,16584,10254,23373,26530,131139,91114,0,,,
3257,SC,"Lancaster County, SC HUD Metro FMR Area",2p0c,987,643,1339,969,506,0,874,5319,11844,7721,16068,11633,6075,0,10492,63833,91114,0,,,
3257,SC,"Lancaster County, SC HUD Metro FMR Area",2p1c,1108,798,1472,1245,592,825,1043,7084,13296,9580,17668,14943,7102,9896,12521,85008,91114,0,,,
3257,SC,"Lancaster County, SC HUD Metro FMR Area",2p2c,1108,1015,1637,1521,659,1684,1274,8899,13296,12183,19648,18254,7911,20202,15293,106787,91114,0,,,
3257,SC,"Lancaster County, SC HUD Metro FMR Area",2p3c,1514,1239,1707,1797,855,1948,1714,10773,18168,14863,20489,21564,10255,23373,20564,129276,91114,0,,,
3257,SC,"Lancaster County, SC HUD Metro FMR Area",2p4c,1514,1516,1764,1867,941,1948,1949,11498,18168,18192,21171,22401,11289,23373,23384,137978,91114,0,,,
3258,VA,"Charlottesville, VA MSA",1p0c,1404,390,1092,403,557,0,1074,4920,16848,4682,13098,4839,6684,0,12892,59044,118008.9586,0,,,
3258,VA,"Charlottesville, VA MSA",1p1c,1729,572,1365,630,714,1023,1506,7540,20748,6866,16384,7564,8573,12276,18071,90481,118008.9586,0,,,
3258,VA,"Charlottesville, VA MSA",1p2c,1729,844,1505,857,799,1970,2069,9773,20748,10124,18064,10289,9585,23638,24824,117272,118008.9586,0,,,
3258,VA,"Charlottesville, VA MSA",1p3c,2155,1124,1664,1085,1018,2261,2757,12064,25860,13491,19964,13014,12217,27134,33086,144766,118008.9586,0,,,
3258,VA,"Charlottesville, VA MSA",1p4c,2155,1376,1731,1148,1096,2261,2972,12740,25860,16517,20774,13779,13157,27134,35659,152881,118008.9586,0,,,
3258,VA,"Charlottesville, VA MSA",2p0c,1487,715,1318,807,684,0,1146,6156,17844,8584,15811,9678,8205,0,13754,73875,118008.9586,0,,,
3258,VA,"Charlottesville, VA MSA",2p1c,1729,888,1451,1034,812,1023,1481,8417,20748,10650,17407,12403,9748,12276,17768,101000,118008.9586,0,,,
3258,VA,"Charlottesville, VA MSA",2p2c,1729,1129,1604,1261,887,1970,1890,10469,20748,13544,19246,15128,10647,23638,22681,125631,118008.9586,0,,,
3258,VA,"Charlottesville, VA MSA",2p3c,2155,1377,1667,1488,1097,2261,2420,12465,25860,16523,20009,17853,13159,27134,29044,149581,118008.9586,0,,,
3258,VA,"Charlottesville, VA MSA",2p4c,2155,1685,1717,1552,1192,2261,2679,13241,25860,20224,20605,18618,14308,27134,32144,158894,118008.9586,0,,,
3259,GA,"Chattanooga, TN-GA MSA",1p0c,1231,372,1053,480,498,0,964,4598,14772,4464,12641,5759,5972,0,11569,55178,88444.26584,0,,,
3259,GA,"Chattanooga, TN-GA MSA",1p1c,1426,546,1295,753,612,682,1108,6422,17112,6547,15544,9034,7345,8187,13298,77066,88444.26584,0,,,
3259,GA,"Chattanooga, TN-GA MSA",1p2c,1426,805,1490,1026,693,1039,1328,7806,17112,9654,17879,12309,8310,12463,15941,93668,88444.26584,0,,,
3259,GA,"Chattanooga, TN-GA MSA",1p3c,1796,1072,1585,1299,890,1148,1787,9578,21552,12864,19023,15585,10685,13778,21444,114931,88444.26584,0,,,
3259,GA,"Chattanooga, TN-GA MSA",1p4c,1796,1313,1653,1368,965,1148,2035,10279,21552,15750,19841,16418,11581,13778,24422,123342,88444.26584,0,,,
3259,GA,"Chattanooga, TN-GA MSA",2p0c,1284,682,1246,960,610,0,1085,5867,15408,8185,14952,11517,7325,0,13020,70408,88444.26584,0,,,
3259,GA,"Chattanooga, TN-GA MSA",2p1c,1426,846,1433,1233,706,682,1275,7601,17112,10155,17200,14793,8466,8187,15298,91210,88444.26584,0,,,
3259,GA,"Chattanooga, TN-GA MSA",2p2c,1426,1076,1523,1506,777,1039,1285,8632,17112,12914,18276,18068,9322,12463,15425,103580,88444.26584,0,,,
3259,GA,"Chattanooga, TN-GA MSA",2p3c,1796,1313,1587,1779,965,1148,1605,10192,21552,15755,19042,21343,11583,13778,19254,122307,88444.26584,0,,,
3259,GA,"Chattanooga, TN-GA MSA",2p4c,1796,1607,1638,1848,1057,1148,1837,10931,21552,19284,19658,22177,12678,13778,22048,131175,88444.26584,0,,,
3260,TN,"Chattanooga, TN-GA MSA",1p0c,1231,372,1053,480,498,0,693,4327,14772,4464,12641,5759,5972,0,8320,51929,88444.26584,,,,
3260,TN,"Chattanooga, TN-GA MSA",1p1c,1426,546,1295,753,612,682,751,6065,17112,6547,15544,9034,7345,8187,9010,72779,88444.26584,,,,
3260,TN,"Chattanooga, TN-GA MSA",1p2c,1426,805,1490,1026,693,1039,857,7334,17112,9654,17879,12309,8310,12463,10280,88008,88444.26584,,,,
3260,TN,"Chattanooga, TN-GA MSA",1p3c,1796,1072,1585,1299,890,1148,1181,8972,21552,12864,19023,15585,10685,13778,14175,107662,88444.26584,,,,
3260,TN,"Chattanooga, TN-GA MSA",1p4c,1796,1313,1653,1368,965,1148,1385,9628,21552,15750,19841,16418,11581,13778,16619,115539,88444.26584,,,,
3260,TN,"Chattanooga, TN-GA MSA",2p0c,1284,682,1246,960,610,0,778,5560,15408,8185,14952,11517,7325,0,9337,66724,88444.26584,,,,
3260,TN,"Chattanooga, TN-GA MSA",2p1c,1426,846,1433,1233,706,682,883,7209,17112,10155,17200,14793,8466,8187,10592,86504,88444.26584,,,,
3260,TN,"Chattanooga, TN-GA MSA",2p2c,1426,1076,1523,1506,777,1039,860,8206,17112,12914,18276,18068,9322,12463,10314,98469,88444.26584,,,,
3260,TN,"Chattanooga, TN-GA MSA",2p3c,1796,1313,1587,1779,965,1148,1035,9623,21552,15755,19042,21343,11583,13778,12416,115470,88444.26584,,,,
3260,TN,"Chattanooga, TN-GA MSA",2p4c,1796,1607,1638,1848,1057,1148,1207,10301,21552,19284,19658,22177,12678,13778,14479,123607,88444.26584,,,,
3261,WY,"Cheyenne, WY MSA",1p0c,782,349,1075,712,351,0,604,3873,9384,4189,12900,8540,4214,0,7248,46474,98507,0,,,
3261,WY,"Cheyenne, WY MSA",1p1c,1141,512,1379,1133,513,789,802,6269,13692,6142,16542,13598,6158,9467,9623,75222,98507,0,,,
3261,WY,"Cheyenne, WY MSA",1p2c,1141,755,1512,1555,589,1418,1065,8034,13692,9057,18141,18656,7063,17021,12776,96407,98507,0,,,
3261,WY,"Cheyenne, WY MSA",1p3c,1599,1006,1602,1976,809,1612,1549,10152,19188,12069,19220,23714,9704,19345,18585,121825,98507,0,,,
3261,WY,"Cheyenne, WY MSA",1p4c,1599,1231,1665,2071,879,1612,1757,10814,19188,14777,19979,24853,10545,19345,21085,129772,98507,0,,,
3261,WY,"Cheyenne, WY MSA",2p0c,903,640,1324,1423,479,0,775,5545,10836,7679,15890,17081,5748,0,9299,66534,98507,0,,,
3261,WY,"Cheyenne, WY MSA",2p1c,1141,794,1451,1845,601,789,955,7575,13692,9528,17413,22139,7209,9467,11457,90905,98507,0,,,
3261,WY,"Cheyenne, WY MSA",2p2c,1141,1010,1536,2266,668,1418,1077,9117,13692,12116,18436,27197,8013,17021,12927,109402,98507,0,,,
3261,WY,"Cheyenne, WY MSA",2p3c,1599,1232,1596,2688,879,1612,1410,11016,19188,14782,19152,32255,10547,19345,16920,132187,98507,0,,,
3261,WY,"Cheyenne, WY MSA",2p4c,1599,1508,1711,2783,965,1612,1652,11830,19188,18092,20537,33393,11575,19345,19828,141959,98507,0,,,
3262,IL,"Chicago-Joliet-Naperville, IL HUD Metro FMR Area",1p0c,1458,385,947,416,572,0,1045,4823,17496,4616,11364,4989,6865,0,12542,57872,112079.2081,1,52,95,25
3262,IL,"Chicago-Joliet-Naperville, IL HUD Metro FMR Area",1p1c,1761,564,1182,650,722,1123,1481,7483,21132,6768,14181,7800,8662,13473,17774,89791,112079.2081,1,52,95,25
3262,IL,"Chicago-Joliet-Naperville, IL HUD Metro FMR Area",1p2c,1761,832,1301,884,805,1522,1716,8821,21132,9981,15616,10611,9660,18263,20594,105857,112079.2081,1,52,95,25
3262,IL,"Chicago-Joliet-Naperville, IL HUD Metro FMR Area",1p3c,2262,1108,1437,1119,1046,1645,2291,10908,27144,13300,17246,13422,12557,19736,27489,130894,112079.2081,1,52,95,25
3262,IL,"Chicago-Joliet-Naperville, IL HUD Metro FMR Area",1p4c,2262,1357,1495,1181,1124,1645,2536,11599,27144,16283,17934,14176,13483,19736,30432,139188,112079.2081,1,52,95,25
3262,IL,"Chicago-Joliet-Naperville, IL HUD Metro FMR Area",2p0c,1560,705,1144,832,703,0,1173,6117,18720,8462,13728,9979,8439,0,14079,73408,112079.2081,1,52,95,25
3262,IL,"Chicago-Joliet-Naperville, IL HUD Metro FMR Area",2p1c,1761,875,1258,1066,818,1123,1509,8410,21132,10500,15100,12790,9821,13473,18106,100920,112079.2081,1,52,95,25
3262,IL,"Chicago-Joliet-Naperville, IL HUD Metro FMR Area",2p2c,1761,1113,1390,1300,892,1522,1631,9609,21132,13352,16683,15601,10706,18263,19567,115305,112079.2081,1,52,95,25
3262,IL,"Chicago-Joliet-Naperville, IL HUD Metro FMR Area",2p3c,2262,1357,1445,1534,1124,1645,2058,11425,27144,16289,17336,18412,13485,19736,24695,137096,112079.2081,1,52,95,25
3262,IL,"Chicago-Joliet-Naperville, IL HUD Metro FMR Area",2p4c,2262,1662,1487,1597,1218,1645,2315,12185,27144,19938,17845,19165,14618,19736,27776,146221,112079.2081,1,52,95,25
3263,IL,"DeKalb County, IL HUD Metro FMR Area",1p0c,952,363,1044,571,408,0,868,4205,11424,4350,12525,6851,4897,0,10413,50460,93970,0,,,
3263,IL,"DeKalb County, IL HUD Metro FMR Area",1p1c,1388,532,1345,898,596,1196,1456,7410,16656,6379,16135,10775,7152,14346,17473,88917,93970,0,,,
3263,IL,"DeKalb County, IL HUD Metro FMR Area",1p2c,1388,784,1477,1225,674,1550,1713,8811,16656,9407,17721,14700,8092,18605,20550,105731,93970,0,,,
3263,IL,"DeKalb County, IL HUD Metro FMR Area",1p3c,1891,1045,1566,1552,911,1660,2295,10920,22692,12535,18794,18625,10937,19915,27543,131040,93970,0,,,
3263,IL,"DeKalb County, IL HUD Metro FMR Area",1p4c,1891,1279,1629,1626,984,1660,2540,11609,22692,15346,19553,19516,11810,19915,30476,139308,93970,0,,,
3263,IL,"DeKalb County, IL HUD Metro FMR Area",2p0c,1058,665,1295,1142,535,0,1092,5786,12696,7975,15543,13701,6418,0,13098,69431,93970,0,,,
3263,IL,"DeKalb County, IL HUD Metro FMR Area",2p1c,1388,825,1421,1469,687,1196,1536,8521,16656,9895,17049,17626,8243,14346,18434,102250,93970,0,,,
3263,IL,"DeKalb County, IL HUD Metro FMR Area",2p2c,1388,1049,1505,1796,757,1550,1662,9707,16656,12584,18062,21551,9078,18605,19949,116484,93970,0,,,
3263,IL,"DeKalb County, IL HUD Metro FMR Area",2p3c,1891,1279,1565,2123,984,1660,2131,11633,22692,15352,18775,25476,11811,19915,25570,139591,93970,0,,,
3263,IL,"DeKalb County, IL HUD Metro FMR Area",2p4c,1891,1566,1679,2197,1073,1660,2420,12486,22692,18790,20147,26366,12879,19915,29045,149834,93970,0,,,
3264,IN,"Gary, IN HUD Metro FMR Area",1p0c,860,347,1016,408,375,0,674,3679,10320,4159,12190,4900,4495,0,8086,44151,89427.26946,1,89,53,77
3264,IN,"Gary, IN HUD Metro FMR Area",1p1c,1197,508,1254,638,529,938,890,5955,14364,6099,15049,7657,6353,11253,10683,71457,89427.26946,1,89,53,77
3264,IN,"Gary, IN HUD Metro FMR Area",1p2c,1197,749,1443,868,604,1667,1200,7729,14364,8993,17317,10414,7252,20000,14404,92744,89427.26946,1,89,53,77
3264,IN,"Gary, IN HUD Metro FMR Area",1p3c,1475,999,1534,1098,768,1891,1561,9325,17700,11984,18410,13171,9216,22691,18731,111903,89427.26946,1,89,53,77
3264,IN,"Gary, IN HUD Metro FMR Area",1p4c,1475,1223,1599,1160,838,1891,1774,9960,17700,14672,19189,13918,10051,22691,21293,119514,89427.26946,1,89,53,77
3264,IN,"Gary, IN HUD Metro FMR Area",2p0c,985,635,1209,817,503,0,806,4955,11820,7625,14510,9799,6037,0,9666,59457,89427.26946,1,89,53,77
3264,IN,"Gary, IN HUD Metro FMR Area",2p1c,1197,788,1391,1046,616,938,1054,7031,14364,9461,16693,12556,7397,11253,12651,84374,89427.26946,1,89,53,77
3264,IN,"Gary, IN HUD Metro FMR Area",2p2c,1197,1003,1477,1276,683,1667,1154,8456,14364,12031,17721,15314,8195,20000,13842,101466,89427.26946,1,89,53,77
3264,IN,"Gary, IN HUD Metro FMR Area",2p3c,1475,1223,1538,1506,838,1891,1379,9849,17700,14677,18451,18071,10052,22691,16542,118184,89427.26946,1,89,53,77
3264,IN,"Gary, IN HUD Metro FMR Area",2p4c,1475,1497,1586,1568,923,1891,1570,10510,17700,17965,19031,18817,11073,22691,18841,126119,89427.26946,1,89,53,77
3265,IL,"Grundy County, IL HUD Metro FMR Area",1p0c,1045,364,1133,402,437,0,882,4264,12540,4362,13600,4828,5247,0,10586,51163,109922,0,,,
3265,IL,"Grundy County, IL HUD Metro FMR Area",1p1c,1510,533,1415,629,634,961,1316,6998,18120,6396,16978,7542,7612,11526,15796,83970,109922,0,,,
3265,IL,"Grundy County, IL HUD Metro FMR Area",1p2c,1510,786,1560,855,713,1151,1429,8003,18120,9432,18721,10256,8554,13807,17148,96038,109922,0,,,
3265,IL,"Grundy County, IL HUD Metro FMR Area",1p3c,1999,1047,1657,1081,946,1209,1910,9849,23988,12568,19886,12970,11350,14509,22914,118186,109922,0,,,
3265,IL,"Grundy County, IL HUD Metro FMR Area",1p4c,1999,1282,1794,1143,1019,1209,2175,10621,23988,15387,21531,13712,12225,14509,26100,127452,109922,0,,,
3265,IL,"Grundy County, IL HUD Metro FMR Area",2p0c,1151,666,1362,805,564,0,1044,5592,13812,7996,16345,9656,6771,0,12524,67104,109922,0,,,
3265,IL,"Grundy County, IL HUD Metro FMR Area",2p1c,1510,827,1499,1031,726,961,1395,7947,18120,9922,17987,12370,8706,11526,16734,95365,109922,0,,,
3265,IL,"Grundy County, IL HUD Metro FMR Area",2p2c,1510,1051,1590,1257,795,1151,1351,8705,18120,12617,19078,15084,9543,13807,16211,104461,109922,0,,,
3265,IL,"Grundy County, IL HUD Metro FMR Area",2p3c,1999,1283,1722,1483,1019,1209,1727,10442,23988,15392,20666,17798,12227,14509,20718,125298,109922,0,,,
3265,IL,"Grundy County, IL HUD Metro FMR Area",2p4c,1999,1570,1774,1545,1108,1209,1957,11162,23988,18840,21286,18540,13297,14509,23480,133940,109922,0,,,
3266,IL,"Kendall County, IL HUD Metro FMR Area",1p0c,1428,348,1242,402,551,0,1142,5114,17136,4177,14899,4828,6617,0,13707,61364,119150,0,,,
3266,IL,"Kendall County, IL HUD Metro FMR Area",1p1c,1886,510,1538,629,744,1155,1715,8178,22632,6125,18458,7542,8928,13860,20584,98130,119150,0,,,
3266,IL,"Kendall County, IL HUD Metro FMR Area",1p2c,1886,753,1686,855,819,1447,1898,9343,22632,9032,20234,10256,9831,17358,22774,112117,119150,0,,,
3266,IL,"Kendall County, IL HUD Metro FMR Area",1p3c,2643,1003,1855,1081,1132,1536,2663,11913,31716,12036,22263,12970,13584,18434,31953,142956,119150,0,,,
3266,IL,"Kendall County, IL HUD Metro FMR Area",1p4c,2643,1228,1925,1143,1202,1536,2899,12575,31716,14736,23100,13712,14422,18434,34786,150905,119150,0,,,
3266,IL,"Kendall County, IL HUD Metro FMR Area",2p0c,1438,638,1484,805,645,0,1195,6204,17256,7658,17803,9656,7735,0,14335,74442,119150,0,,,
3266,IL,"Kendall County, IL HUD Metro FMR Area",2p1c,1886,792,1623,1031,831,1155,1646,8964,22632,9502,19481,12370,9977,13860,19746,107567,119150,0,,,
3266,IL,"Kendall County, IL HUD Metro FMR Area",2p2c,1886,1007,1786,1257,898,1447,1777,10058,22632,12083,21437,15084,10778,17358,21326,120698,119150,0,,,
3266,IL,"Kendall County, IL HUD Metro FMR Area",2p3c,2643,1228,1852,1483,1202,1536,2370,12315,31716,14741,22220,17798,14424,18434,28443,147776,119150,0,,,
3266,IL,"Kendall County, IL HUD Metro FMR Area",2p4c,2643,1504,1902,1545,1287,1536,2588,13005,31716,18043,22826,18540,15449,18434,31055,156062,119150,0,,,
3267,WI,"Kenosha County, WI HUD Metro FMR Area",1p0c,1104,356,1046,463,453,0,840,4262,13248,4269,12553,5555,5439,0,10085,51148,100790,0,,,
3267,WI,"Kenosha County, WI HUD Metro FMR Area",1p1c,1447,522,1354,725,611,1312,1433,7404,17364,6261,16252,8704,7335,15741,17190,88846,100790,0,,,
3267,WI,"Kenosha County, WI HUD Metro FMR Area",1p2c,1447,769,1489,988,688,2351,2050,9782,17364,9232,17866,11853,8257,28212,24596,117380,100790,0,,,
3267,WI,"Kenosha County, WI HUD Metro FMR Area",1p3c,1944,1025,1579,1250,922,2671,2765,12156,23328,12302,18947,15003,11062,32049,33185,145876,100790,0,,,
3267,WI,"Kenosha County, WI HUD Metro FMR Area",1p4c,1944,1255,1642,1317,993,2671,2952,12774,23328,15061,19705,15798,11919,32049,35428,153288,100790,0,,,
3267,WI,"Kenosha County, WI HUD Metro FMR Area",2p0c,1111,652,1307,926,547,0,886,5430,13332,7827,15686,11109,6569,0,10633,65158,100790,0,,,
3267,WI,"Kenosha County, WI HUD Metro FMR Area",2p1c,1447,809,1436,1188,701,1312,1389,8281,17364,9712,17229,14259,8406,15741,16662,99372,100790,0,,,
3267,WI,"Kenosha County, WI HUD Metro FMR Area",2p2c,1447,1029,1522,1451,769,2351,1817,10385,17364,12350,18258,17408,9225,28212,21807,124624,100790,0,,,
3267,WI,"Kenosha County, WI HUD Metro FMR Area",2p3c,1944,1256,1581,1713,993,2671,2431,12589,23328,15067,18976,20558,11920,32049,29173,151070,100790,0,,,
3267,WI,"Kenosha County, WI HUD Metro FMR Area",2p4c,1944,1537,1697,1779,1081,2671,2701,13410,23328,18441,20367,21352,12968,32049,32416,160921,100790,0,,,
3268,IN,"Jasper County, IN HUD Metro FMR Area",1p0c,878,352,1173,412,382,0,731,3928,10536,4223,14078,4949,4582,0,8771,47140,95030,0,,,
3268,IN,"Jasper County, IN HUD Metro FMR Area",1p1c,1159,516,1445,645,520,931,947,6164,13908,6193,17342,7736,6241,11177,11366,73962,95030,0,,,
3268,IN,"Jasper County, IN HUD Metro FMR Area",1p2c,1159,761,1661,877,596,1656,1290,7999,13908,9132,19929,10523,7153,19866,15482,95993,95030,0,,,
3268,IN,"Jasper County, IN HUD Metro FMR Area",1p3c,1517,1014,1766,1109,786,1878,1724,9794,18204,12169,21193,13309,9430,22539,20689,117533,95030,0,,,
3268,IN,"Jasper County, IN HUD Metro FMR Area",1p4c,1517,1242,1841,1172,856,1878,1948,10454,18204,14899,22097,14060,10277,22539,23373,125449,95030,0,,,
3268,IN,"Jasper County, IN HUD Metro FMR Area",2p0c,883,645,1386,825,475,0,825,5038,10596,7743,16630,9898,5694,0,9895,60455,95030,0,,,
3268,IN,"Jasper County, IN HUD Metro FMR Area",2p1c,1159,801,1593,1057,608,931,1106,7255,13908,9607,19111,12685,7301,11177,13266,87054,95030,0,,,
3268,IN,"Jasper County, IN HUD Metro FMR Area",2p2c,1159,1018,1691,1289,676,1656,1216,8705,13908,12217,20295,15471,8111,19866,14596,104464,95030,0,,,
3268,IN,"Jasper County, IN HUD Metro FMR Area",2p3c,1517,1242,1762,1522,857,1878,1510,10286,18204,14904,21138,18258,10279,22539,18114,123437,95030,0,,,
3268,IN,"Jasper County, IN HUD Metro FMR Area",2p4c,1517,1520,1818,1584,943,1878,1713,10973,18204,18242,21811,19009,11315,22539,20555,131675,95030,0,,,
3269,CA,"Chico, CA MSA",1p0c,1069,386,1070,707,452,0,856,4539,12828,4627,12843,8486,5419,0,10266,54469,90047,0,,,
3269,CA,"Chico, CA MSA",1p1c,1466,565,1301,1126,631,908,1114,7112,17592,6785,15615,13511,7568,10895,13373,85340,90047,0,,,
3269,CA,"Chico, CA MSA",1p2c,1466,834,1489,1545,714,1347,1577,8972,17592,10005,17868,18537,8568,16167,18922,107659,90047,0,,,
3269,CA,"Chico, CA MSA",1p3c,2054,1111,1584,1964,983,1482,2458,11635,24648,13332,19010,23562,11792,17789,29492,139625,90047,0,,,
3269,CA,"Chico, CA MSA",1p4c,2054,1360,1653,2058,1060,1482,2751,12419,24648,16323,19834,24697,12720,17789,33017,149030,90047,0,,,
3269,CA,"Chico, CA MSA",2p0c,1126,707,1233,1414,569,0,930,5980,13512,8483,14800,16972,6829,0,11163,71758,90047,0,,,
3269,CA,"Chico, CA MSA",2p1c,1466,877,1413,1833,728,908,1285,8509,17592,10525,16957,21997,8730,10895,15415,102110,90047,0,,,
3269,CA,"Chico, CA MSA",2p2c,1466,1115,1502,2252,801,1347,1530,10014,17592,13385,18027,27022,9617,16167,18359,120169,90047,0,,,
3269,CA,"Chico, CA MSA",2p3c,2054,1361,1566,2671,1060,1482,2224,12419,24648,16329,18796,32048,12722,17789,26692,149024,90047,0,,,
3269,CA,"Chico, CA MSA",2p4c,2054,1666,1618,2765,1155,1482,2516,13256,24648,19986,19417,33183,13858,17789,30195,159075,90047,0,,,
3270,IN,"Cincinnati, OH-KY-IN  HUD Metro FMR Area",1p0c,883,346,1024,435,382,0,693,3763,10596,4151,12286,5224,4579,0,8316,45151,103573.6693,1,65,81,43
3270,IN,"Cincinnati, OH-KY-IN  HUD Metro FMR Area",1p1c,1287,507,1328,681,557,1106,1053,6519,15444,6087,15936,8176,6685,13270,12634,78232,103573.6693,1,65,81,43
3270,IN,"Cincinnati, OH-KY-IN  HUD Metro FMR Area",1p2c,1287,748,1462,927,632,1886,1406,8347,15444,8976,17541,11128,7582,22626,16868,100164,103573.6693,1,65,81,43
3270,IN,"Cincinnati, OH-KY-IN  HUD Metro FMR Area",1p3c,1707,997,1552,1173,839,2125,1898,10292,20484,11961,18625,14081,10073,25504,22779,123506,103573.6693,1,65,81,43
3270,IN,"Cincinnati, OH-KY-IN  HUD Metro FMR Area",1p4c,1707,1220,1616,1238,909,2125,2116,10931,20484,14644,19387,14856,10906,25504,25386,131168,103573.6693,1,65,81,43
3270,IN,"Cincinnati, OH-KY-IN  HUD Metro FMR Area",2p0c,993,634,1283,871,505,0,846,5132,11916,7610,15391,10448,6062,0,10154,61582,103573.6693,1,65,81,43
3270,IN,"Cincinnati, OH-KY-IN  HUD Metro FMR Area",2p1c,1287,787,1410,1117,644,1106,1165,7516,15444,9443,16921,13400,7727,13270,13985,90189,103573.6693,1,65,81,43
3270,IN,"Cincinnati, OH-KY-IN  HUD Metro FMR Area",2p2c,1287,1001,1496,1363,710,1886,1319,9061,15444,12008,17949,16352,8523,22626,15825,108727,103573.6693,1,65,81,43
3270,IN,"Cincinnati, OH-KY-IN  HUD Metro FMR Area",2p3c,1707,1221,1556,1609,909,2125,1664,10790,20484,14649,18669,19305,10908,25504,19965,129483,103573.6693,1,65,81,43
3270,IN,"Cincinnati, OH-KY-IN  HUD Metro FMR Area",2p4c,1707,1494,1671,1673,994,2125,1914,11578,20484,17930,20051,20080,11927,25504,22963,138938,103573.6693,1,65,81,43
3271,KY,"Cincinnati, OH-KY-IN  HUD Metro FMR Area",1p0c,883,346,1024,435,382,0,779,3849,10596,4151,12286,5224,4579,0,9352,46188,103573.6693,,,,
3271,KY,"Cincinnati, OH-KY-IN  HUD Metro FMR Area",1p1c,1287,507,1328,681,557,1106,1209,6676,15444,6087,15936,8176,6685,13270,14512,80110,103573.6693,,,,
3271,KY,"Cincinnati, OH-KY-IN  HUD Metro FMR Area",1p2c,1287,748,1462,927,632,1886,1626,8568,15444,8976,17541,11128,7582,22626,19515,102812,103573.6693,,,,
3271,KY,"Cincinnati, OH-KY-IN  HUD Metro FMR Area",1p3c,1707,997,1552,1173,839,2125,2177,10571,20484,11961,18625,14081,10073,25504,26124,126852,103573.6693,,,,
3271,KY,"Cincinnati, OH-KY-IN  HUD Metro FMR Area",1p4c,1707,1220,1616,1238,909,2125,2424,11239,20484,14644,19387,14856,10906,25504,29084,134865,103573.6693,,,,
3271,KY,"Cincinnati, OH-KY-IN  HUD Metro FMR Area",2p0c,993,634,1283,871,505,0,954,5240,11916,7610,15391,10448,6062,0,11449,62877,103573.6693,,,,
3271,KY,"Cincinnati, OH-KY-IN  HUD Metro FMR Area",2p1c,1287,787,1410,1117,644,1106,1325,7675,15444,9443,16921,13400,7727,13270,15896,92101,103573.6693,,,,
3271,KY,"Cincinnati, OH-KY-IN  HUD Metro FMR Area",2p2c,1287,1001,1496,1363,710,1886,1515,9257,15444,12008,17949,16352,8523,22626,18184,111085,103573.6693,,,,
3271,KY,"Cincinnati, OH-KY-IN  HUD Metro FMR Area",2p3c,1707,1221,1556,1609,909,2125,1944,11071,20484,14649,18669,19305,10908,25504,23329,132848,103573.6693,,,,
3271,KY,"Cincinnati, OH-KY-IN  HUD Metro FMR Area",2p4c,1707,1494,1671,1673,994,2125,2232,11896,20484,17930,20051,20080,11927,25504,26782,142757,103573.6693,,,,
3272,OH,"Cincinnati, OH-KY-IN  HUD Metro FMR Area",1p0c,883,346,1024,435,382,0,637,3706,10596,4151,12286,5224,4579,0,7638,44473,103573.6693,,,,
3272,OH,"Cincinnati, OH-KY-IN  HUD Metro FMR Area",1p1c,1287,507,1328,681,557,1106,991,6457,15444,6087,15936,8176,6685,13270,11891,77489,103573.6693,,,,
3272,OH,"Cincinnati, OH-KY-IN  HUD Metro FMR Area",1p2c,1287,748,1462,927,632,1886,1340,8282,15444,8976,17541,11128,7582,22626,16085,99382,103573.6693,,,,
3272,OH,"Cincinnati, OH-KY-IN  HUD Metro FMR Area",1p3c,1707,997,1552,1173,839,2125,1844,10238,20484,11961,18625,14081,10073,25504,22132,122860,103573.6693,,,,
3272,OH,"Cincinnati, OH-KY-IN  HUD Metro FMR Area",1p4c,1707,1220,1616,1238,909,2125,2067,10882,20484,14644,19387,14856,10906,25504,24799,130580,103573.6693,,,,
3272,OH,"Cincinnati, OH-KY-IN  HUD Metro FMR Area",2p0c,993,634,1283,871,505,0,767,5053,11916,7610,15391,10448,6062,0,9204,60632,103573.6693,,,,
3272,OH,"Cincinnati, OH-KY-IN  HUD Metro FMR Area",2p1c,1287,787,1410,1117,644,1106,1089,7439,15444,9443,16921,13400,7727,13270,13067,89272,103573.6693,,,,
3272,OH,"Cincinnati, OH-KY-IN  HUD Metro FMR Area",2p2c,1287,1001,1496,1363,710,1886,1246,8988,15444,12008,17949,16352,8523,22626,14955,107857,103573.6693,,,,
3272,OH,"Cincinnati, OH-KY-IN  HUD Metro FMR Area",2p3c,1707,1221,1556,1609,909,2125,1589,10716,20484,14649,18669,19305,10908,25504,19073,128591,103573.6693,,,,
3272,OH,"Cincinnati, OH-KY-IN  HUD Metro FMR Area",2p4c,1707,1494,1671,1673,994,2125,1845,11509,20484,17930,20051,20080,11927,25504,22137,138113,103573.6693,,,,
3273,IN,"Franklin County, IN HUD Metro FMR Area",1p0c,727,336,1220,416,330,0,681,3709,8724,4027,14634,4991,3959,0,8167,44502,90802,0,,,
3273,IN,"Franklin County, IN HUD Metro FMR Area",1p1c,1052,492,1486,650,479,890,886,5936,12624,5905,17832,7803,5753,10679,10630,71226,90802,0,,,
3273,IN,"Franklin County, IN HUD Metro FMR Area",1p2c,1052,726,1700,885,552,1582,1184,7680,12624,8708,20403,10616,6623,18980,14212,92165,90802,0,,,
3273,IN,"Franklin County, IN HUD Metro FMR Area",1p3c,1389,967,1804,1119,732,1795,1582,9387,16668,11604,21644,13428,8778,21535,18988,112643,90802,0,,,
3273,IN,"Franklin County, IN HUD Metro FMR Area",1p4c,1389,1184,1878,1182,799,1795,1796,10022,16668,14207,22532,14181,9586,21535,21555,120264,90802,0,,,
3273,IN,"Franklin County, IN HUD Metro FMR Area",2p0c,802,615,1425,832,440,0,795,4909,9624,7383,17094,9983,5280,0,9539,58903,90802,0,,,
3273,IN,"Franklin County, IN HUD Metro FMR Area",2p1c,1052,763,1630,1066,564,890,1051,7016,12624,9160,19562,12795,6763,10679,12609,84194,90802,0,,,
3273,IN,"Franklin County, IN HUD Metro FMR Area",2p2c,1052,971,1727,1301,628,1582,1141,8401,12624,11649,20726,15607,7536,18980,13692,100815,90802,0,,,
3273,IN,"Franklin County, IN HUD Metro FMR Area",2p3c,1389,1184,1796,1535,799,1795,1390,9888,16668,14211,21555,18419,9587,21535,16682,118657,90802,0,,,
3273,IN,"Franklin County, IN HUD Metro FMR Area",2p4c,1389,1450,1852,1598,881,1795,1581,10544,16668,17395,22220,19172,10576,21535,18967,126532,90802,0,,,
3274,OH,"Brown County, OH HUD Metro FMR Area",1p0c,726,323,1115,440,326,0,595,3525,8712,3877,13382,5280,3909,0,7138,42297,81930,0,,,
3274,OH,"Brown County, OH HUD Metro FMR Area",1p1c,947,474,1374,689,441,720,706,5351,11364,5685,16492,8265,5293,8638,8476,64214,81930,0,,,
3274,OH,"Brown County, OH HUD Metro FMR Area",1p2c,947,699,1583,937,511,1227,860,6763,11364,8384,18994,11249,6131,14722,10314,81158,81930,0,,,
3274,OH,"Brown County, OH HUD Metro FMR Area",1p3c,1273,931,1687,1186,684,1383,1177,8321,15276,11171,20244,14234,8211,16594,14121,99850,81930,0,,,
3274,OH,"Brown County, OH HUD Metro FMR Area",1p4c,1273,1140,1762,1251,749,1383,1383,8940,15276,13677,21143,15009,8989,16594,16590,107278,81930,0,,,
3274,OH,"Brown County, OH HUD Metro FMR Area",2p0c,731,592,1317,880,411,0,661,4592,8772,7108,15802,10560,4930,0,7933,55105,81930,0,,,
3274,OH,"Brown County, OH HUD Metro FMR Area",2p1c,947,735,1516,1129,522,720,851,6420,11364,8819,18197,13544,6266,8638,10214,77043,81930,0,,,
3274,OH,"Brown County, OH HUD Metro FMR Area",2p2c,947,935,1614,1377,584,1227,893,7577,11364,11215,19364,16529,7010,14722,10718,90923,81930,0,,,
3274,OH,"Brown County, OH HUD Metro FMR Area",2p3c,1273,1140,1683,1626,749,1383,1057,8912,15276,13682,20200,19514,8991,16594,12681,106938,81930,0,,,
3274,OH,"Brown County, OH HUD Metro FMR Area",2p4c,1273,1396,1740,1691,829,1383,1231,9541,15276,16747,20875,20289,9942,16594,14766,114489,81930,0,,,
3275,KY,"Grant County, KY HUD Metro FMR Area",1p0c,759,276,1136,491,321,0,751,3734,9108,3312,13627,5891,3856,0,9011,44804,79271,0,,,
3275,KY,"Grant County, KY HUD Metro FMR Area",1p1c,1098,405,1349,771,467,915,1006,6010,13176,4856,16192,9246,5598,10984,12068,72120,79271,0,,,
3275,KY,"Grant County, KY HUD Metro FMR Area",1p2c,1098,597,1474,1050,526,1819,1422,7986,13176,7161,17689,12601,6314,21827,17061,95829,79271,0,,,
3275,KY,"Grant County, KY HUD Metro FMR Area",1p3c,1323,795,1566,1330,658,2097,1825,9594,15876,9542,18790,15955,7892,25164,21902,115122,79271,0,,,
3275,KY,"Grant County, KY HUD Metro FMR Area",1p4c,1323,974,1633,1400,713,2097,2029,10169,15876,11683,19597,16798,8556,25164,24349,122023,79271,0,,,
3275,KY,"Grant County, KY HUD Metro FMR Area",2p0c,848,506,1291,982,420,0,876,4923,10176,6071,15496,11783,5044,0,10510,59081,79271,0,,,
3275,KY,"Grant County, KY HUD Metro FMR Area",2p1c,1098,628,1408,1261,536,915,1159,7006,13176,7533,16900,15137,6430,10984,13909,84068,79271,0,,,
3275,KY,"Grant County, KY HUD Metro FMR Area",2p2c,1098,798,1494,1541,589,1819,1341,8680,13176,9580,17928,18492,7065,21827,16097,104165,79271,0,,,
3275,KY,"Grant County, KY HUD Metro FMR Area",2p3c,1323,974,1556,1821,713,2097,1625,10109,15876,11687,18677,21847,8557,25164,19504,121312,79271,0,,,
3275,KY,"Grant County, KY HUD Metro FMR Area",2p4c,1323,1192,1679,1891,781,2097,1861,10824,15876,14305,20152,22690,9370,25164,22333,129889,79271,0,,,
3276,IN,"Union County, IN HUD Metro FMR Area",1p0c,709,297,1157,424,312,0,642,3542,8508,3565,13887,5089,3748,0,7709,42507,96982,0,,,
3276,IN,"Union County, IN HUD Metro FMR Area",1p1c,1026,436,1408,663,454,905,839,5730,12312,5228,16893,7959,5446,10854,10063,68755,96982,0,,,
3276,IN,"Union County, IN HUD Metro FMR Area",1p2c,1026,643,1545,903,518,1608,1066,7308,12312,7710,18539,10830,6216,19291,12792,87690,96982,0,,,
3276,IN,"Union County, IN HUD Metro FMR Area",1p3c,1344,856,1712,1142,683,1824,1453,9014,16128,10274,20540,13700,8197,21887,17436,108163,96982,0,,,
3276,IN,"Union County, IN HUD Metro FMR Area",1p4c,1344,1048,1784,1205,743,1824,1647,9595,16128,12578,21404,14461,8913,21887,19767,115138,96982,0,,,
3276,IN,"Union County, IN HUD Metro FMR Area",2p0c,782,545,1349,848,412,0,743,4678,9384,6537,16185,10178,4943,0,8910,56137,96982,0,,,
3276,IN,"Union County, IN HUD Metro FMR Area",2p1c,1026,676,1478,1087,528,905,972,6671,12312,8111,17730,13048,6341,10854,11660,80056,96982,0,,,
3276,IN,"Union County, IN HUD Metro FMR Area",2p2c,1026,860,1638,1327,585,1608,1076,8119,12312,10314,19655,15919,7025,19291,12917,97433,96982,0,,,
3276,IN,"Union County, IN HUD Metro FMR Area",2p3c,1344,1049,1705,1566,743,1824,1279,9509,16128,12583,20459,18789,8914,21887,15343,114103,96982,0,,,
3276,IN,"Union County, IN HUD Metro FMR Area",2p4c,1344,1283,1759,1629,816,1824,1447,10102,16128,15401,21109,19550,9789,21887,17360,121223,96982,0,,,
3277,KY,"Clarksville, TN-KY HUD Metro FMR Area",1p0c,916,349,1089,510,393,0,840,4096,10992,4185,13066,6115,4712,0,10085,49155,80247.11244,0,,,
3277,KY,"Clarksville, TN-KY HUD Metro FMR Area",1p1c,1229,511,1316,800,540,681,1030,6109,14748,6136,15793,9604,6484,8177,12360,73303,80247.11244,0,,,
3277,KY,"Clarksville, TN-KY HUD Metro FMR Area",1p2c,1229,754,1441,1091,616,1114,1254,7500,14748,9049,17294,13092,7388,13372,15053,89996,80247.11244,0,,,
3277,KY,"Clarksville, TN-KY HUD Metro FMR Area",1p3c,1722,1005,1597,1382,847,1248,1843,9643,20664,12058,19159,16581,10159,14971,22120,115711,80247.11244,0,,,
3277,KY,"Clarksville, TN-KY HUD Metro FMR Area",1p4c,1722,1230,1663,1453,917,1248,2083,10316,20664,14763,19955,17440,10999,14971,24997,123789,80247.11244,0,,,
3277,KY,"Clarksville, TN-KY HUD Metro FMR Area",2p0c,976,639,1264,1019,502,0,992,5392,11712,7672,15167,12230,6018,0,11900,64699,80247.11244,0,,,
3277,KY,"Clarksville, TN-KY HUD Metro FMR Area",2p1c,1229,793,1383,1310,628,681,1217,7241,14748,9519,16590,15719,7534,8177,14608,86895,80247.11244,0,,,
3277,KY,"Clarksville, TN-KY HUD Metro FMR Area",2p2c,1229,1009,1533,1601,695,1114,1289,8470,14748,12105,18395,19207,8337,13372,15472,101637,80247.11244,0,,,
3277,KY,"Clarksville, TN-KY HUD Metro FMR Area",2p3c,1722,1231,1595,1891,917,1248,1683,10287,20664,14768,19144,22696,11001,14971,20198,123442,80247.11244,0,,,
3277,KY,"Clarksville, TN-KY HUD Metro FMR Area",2p4c,1722,1506,1646,1963,1002,1248,1924,11011,20664,18076,19753,23555,12028,14971,23088,132135,80247.11244,0,,,
3278,TN,"Clarksville, TN-KY HUD Metro FMR Area",1p0c,916,349,1089,510,393,0,601,3857,10992,4185,13066,6115,4712,0,7209,46279,80247.11244,,,,
3278,TN,"Clarksville, TN-KY HUD Metro FMR Area",1p1c,1229,511,1316,800,540,681,677,5755,14748,6136,15793,9604,6484,8177,8121,69063,80247.11244,,,,
3278,TN,"Clarksville, TN-KY HUD Metro FMR Area",1p2c,1229,754,1441,1091,616,1114,770,7016,14748,9049,17294,13092,7388,13372,9243,84187,80247.11244,,,,
3278,TN,"Clarksville, TN-KY HUD Metro FMR Area",1p3c,1722,1005,1597,1382,847,1248,1185,8984,20664,12058,19159,16581,10159,14971,14222,107813,80247.11244,,,,
3278,TN,"Clarksville, TN-KY HUD Metro FMR Area",1p4c,1722,1230,1663,1453,917,1248,1380,9613,20664,14763,19955,17440,10999,14971,16561,115353,80247.11244,,,,
3278,TN,"Clarksville, TN-KY HUD Metro FMR Area",2p0c,976,639,1264,1019,502,0,684,5084,11712,7672,15167,12230,6018,0,8213,61012,80247.11244,,,,
3278,TN,"Clarksville, TN-KY HUD Metro FMR Area",2p1c,1229,793,1383,1310,628,681,809,6833,14748,9519,16590,15719,7534,8177,9705,81991,80247.11244,,,,
3278,TN,"Clarksville, TN-KY HUD Metro FMR Area",2p2c,1229,1009,1533,1601,695,1114,819,8000,14748,12105,18395,19207,8337,13372,9828,95994,80247.11244,,,,
3278,TN,"Clarksville, TN-KY HUD Metro FMR Area",2p3c,1722,1231,1595,1891,917,1248,1040,9644,20664,14768,19144,22696,11001,14971,12480,115723,80247.11244,,,,
3278,TN,"Clarksville, TN-KY HUD Metro FMR Area",2p4c,1722,1506,1646,1963,1002,1248,1204,10291,20664,18076,19753,23555,12028,14971,14451,123497,80247.11244,,,,
3279,TN,"Stewart County, TN HUD Metro FMR Area",1p0c,625,362,1189,540,306,0,544,3566,7500,4339,14271,6483,3676,0,6523,42791,82226,0,,,
3279,TN,"Stewart County, TN HUD Metro FMR Area",1p1c,911,530,1440,849,447,558,593,5329,10932,6362,17283,10191,5369,6692,7115,63945,82226,0,,,
3279,TN,"Stewart County, TN HUD Metro FMR Area",1p2c,911,782,1584,1158,526,811,614,6386,10932,9382,19011,13900,6307,9733,7369,76634,82226,0,,,
3279,TN,"Stewart County, TN HUD Metro FMR Area",1p3c,1277,1042,1689,1467,720,889,873,7957,15324,12501,20263,17609,8639,10669,10477,95483,82226,0,,,
3279,TN,"Stewart County, TN HUD Metro FMR Area",1p4c,1277,1276,1839,1541,793,889,1103,8717,15324,15306,22068,18495,9510,10669,13232,104604,82226,0,,,
3279,TN,"Stewart County, TN HUD Metro FMR Area",2p0c,735,663,1376,1080,434,0,657,4945,8820,7954,16512,12965,5208,0,7885,59344,82226,0,,,
3279,TN,"Stewart County, TN HUD Metro FMR Area",2p1c,911,822,1511,1390,538,558,737,6466,10932,9869,18129,16674,6458,6692,8841,77595,82226,0,,,
3279,TN,"Stewart County, TN HUD Metro FMR Area",2p2c,911,1046,1608,1699,608,811,697,7379,10932,12550,19295,20383,7291,9733,8369,88553,82226,0,,,
3279,TN,"Stewart County, TN HUD Metro FMR Area",2p3c,1277,1276,1753,2008,793,889,844,8839,15324,15311,21033,24092,9511,10669,10123,106063,82226,0,,,
3279,TN,"Stewart County, TN HUD Metro FMR Area",2p4c,1277,1562,1813,2082,881,889,1007,9510,15324,18740,21753,24978,10576,10669,12082,114123,82226,0,,,
3280,TN,"Cleveland, TN MSA",1p0c,830,366,1094,482,371,0,573,3717,9960,4396,13123,5786,4457,0,6879,44601,79121.09061,0,,,
3280,TN,"Cleveland, TN MSA",1p1c,1210,537,1316,756,543,716,677,5755,14520,6447,15791,9077,6510,8595,8120,69060,79121.09061,0,,,
3280,TN,"Cleveland, TN MSA",1p2c,1210,792,1441,1031,622,1085,748,6928,14520,9506,17291,12369,7460,13015,8978,83139,79121.09061,0,,,
3280,TN,"Cleveland, TN MSA",1p3c,1579,1056,1531,1305,818,1198,1046,8532,18948,12668,18369,15660,9816,14375,12551,102387,79121.09061,0,,,
3280,TN,"Cleveland, TN MSA",1p4c,1579,1292,1665,1375,892,1198,1275,9276,18948,15509,19981,16496,10698,14375,15305,111312,79121.09061,0,,,
3280,TN,"Cleveland, TN MSA",2p0c,922,672,1263,964,495,0,664,4980,11064,8060,15157,11571,5937,0,7966,59757,79121.09061,0,,,
3280,TN,"Cleveland, TN MSA",2p1c,1210,833,1381,1239,634,716,806,6820,14520,10000,16577,14863,7613,8595,9676,81844,79121.09061,0,,,
3280,TN,"Cleveland, TN MSA",2p2c,1210,1060,1466,1513,705,1085,784,7822,14520,12717,17593,18155,8456,13015,9411,93868,79121.09061,0,,,
3280,TN,"Cleveland, TN MSA",2p3c,1579,1293,1596,1787,892,1198,955,9300,18948,15515,19157,21446,10700,14375,11461,111602,79121.09061,0,,,
3280,TN,"Cleveland, TN MSA",2p4c,1579,1583,1649,1857,982,1198,1122,9968,18948,18990,19782,22281,11779,14375,13458,119613,79121.09061,0,,,
3281,OH,"Cleveland-Elyria, OH MSA",1p0c,881,389,975,409,394,0,630,3678,10572,4663,11697,4906,4730,0,7561,44130,93239.6907,1,69,46,68
3281,OH,"Cleveland-Elyria, OH MSA",1p1c,1208,570,1261,639,552,1176,966,6372,14496,6838,15136,7667,6624,14113,11587,76462,93239.6907,1,69,46,68
3281,OH,"Cleveland-Elyria, OH MSA",1p2c,1208,840,1391,869,636,1937,1310,8191,14496,10084,16688,10428,7631,23238,15721,98287,93239.6907,1,69,46,68
3281,OH,"Cleveland-Elyria, OH MSA",1p3c,1553,1120,1479,1099,830,2171,1767,10018,18636,13437,17753,13189,9958,26046,21198,120217,93239.6907,1,69,46,68
3281,OH,"Cleveland-Elyria, OH MSA",1p4c,1553,1371,1542,1161,908,2171,2006,10712,18636,16452,18509,13936,10894,26046,24074,128547,93239.6907,1,69,46,68
3281,OH,"Cleveland-Elyria, OH MSA",2p0c,995,713,1219,818,530,0,764,5038,11940,8550,14628,9812,6361,0,9164,60455,93239.6907,1,69,46,68
3281,OH,"Cleveland-Elyria, OH MSA",2p1c,1208,884,1342,1048,650,1176,1076,7384,14496,10608,16107,12573,7794,14113,12916,88608,93239.6907,1,69,46,68
3281,OH,"Cleveland-Elyria, OH MSA",2p2c,1208,1124,1427,1278,724,1937,1228,8925,14496,13490,17118,15334,8689,23238,14738,107104,93239.6907,1,69,46,68
3281,OH,"Cleveland-Elyria, OH MSA",2p3c,1553,1372,1486,1508,908,2171,1531,10528,18636,16458,17833,18095,10896,26046,18375,126338,93239.6907,1,69,46,68
3281,OH,"Cleveland-Elyria, OH MSA",2p4c,1553,1679,1534,1570,1003,2171,1766,11275,18636,20144,18403,18842,12040,26046,21191,135302,93239.6907,1,69,46,68
3282,ID,"Coeur d'Alene, ID MSA",1p0c,1001,387,1097,378,431,0,813,4107,12012,4639,13166,4540,5170,0,9752,49279,92515,0,,,
3282,ID,"Coeur d'Alene, ID MSA",1p1c,1460,567,1338,600,629,711,1001,6306,17520,6802,16058,7203,7551,8533,12010,75677,92515,0,,,
3282,ID,"Coeur d'Alene, ID MSA",1p2c,1460,836,1470,822,713,1394,1328,8023,17520,10030,17637,9867,8554,16724,15941,96273,92515,0,,,
3282,ID,"Coeur d'Alene, ID MSA",1p3c,2046,1114,1630,1044,981,1604,2054,10472,24552,13366,19554,12530,11772,19245,24642,125661,92515,0,,,
3282,ID,"Coeur d'Alene, ID MSA",1p4c,2046,1364,1698,1115,1059,1604,2311,11196,24552,16364,20381,13374,12703,19245,27734,134354,92515,0,,,
3282,ID,"Coeur d'Alene, ID MSA",2p0c,1226,709,1282,757,601,0,905,5479,14712,8504,15378,9080,7208,0,10865,65748,92515,0,,,
3282,ID,"Coeur d'Alene, ID MSA",2p1c,1460,879,1406,979,726,711,1108,7269,17520,10552,16874,11743,8715,8533,13294,87230,92515,0,,,
3282,ID,"Coeur d'Alene, ID MSA",2p2c,1460,1118,1561,1201,800,1394,1246,8780,17520,13418,18726,14407,9605,16724,14954,105355,92515,0,,,
3282,ID,"Coeur d'Alene, ID MSA",2p3c,2046,1364,1625,1423,1059,1604,1748,10868,24552,16370,19504,17070,12705,19245,20971,130416,92515,0,,,
3282,ID,"Coeur d'Alene, ID MSA",2p4c,2046,1670,1678,1493,1154,1604,2029,11673,24552,20036,20132,17914,13843,19245,24346,140070,92515,0,,,
3283,TX,"College Station-Bryan, TX MSA",1p0c,1034,314,1010,487,419,0,603,3867,12408,3773,12114,5848,5024,0,7233,46399,86169.60437,0,,,
3283,TX,"College Station-Bryan, TX MSA",1p1c,1206,461,1231,765,518,715,632,5527,14472,5533,14771,9176,6211,8578,7583,66323,86169.60437,0,,,
3283,TX,"College Station-Bryan, TX MSA",1p2c,1206,680,1409,1042,586,1394,795,7112,14472,8159,16913,12505,7026,16729,9538,85342,86169.60437,0,,,
3283,TX,"College Station-Bryan, TX MSA",1p3c,1690,906,1494,1319,806,1603,1194,9012,20280,10872,17927,15833,9672,19237,14325,108146,86169.60437,0,,,
3283,TX,"College Station-Bryan, TX MSA",1p4c,1690,1109,1554,1389,869,1603,1372,9587,20280,13311,18648,16673,10429,19237,16465,115043,86169.60437,0,,,
3283,TX,"College Station-Bryan, TX MSA",2p0c,1089,576,1187,975,517,0,671,5015,13068,6917,14248,11695,6205,0,8050,60183,86169.60437,0,,,
3283,TX,"College Station-Bryan, TX MSA",2p1c,1206,715,1361,1252,597,715,765,6610,14472,8583,16328,15024,7158,8578,9180,79322,86169.60437,0,,,
3283,TX,"College Station-Bryan, TX MSA",2p2c,1206,910,1441,1529,657,1394,809,7946,14472,10915,17296,18352,7882,16729,9702,95348,86169.60437,0,,,
3283,TX,"College Station-Bryan, TX MSA",2p3c,1690,1110,1498,1807,869,1603,1031,9608,20280,13316,17981,21681,10431,19237,12374,115299,86169.60437,0,,,
3283,TX,"College Station-Bryan, TX MSA",2p4c,1690,1358,1544,1877,946,1603,1181,10199,20280,16298,18531,22520,11357,19237,14166,122389,86169.60437,0,,,
3284,CO,"Colorado Springs, CO HUD Metro FMR Area",1p0c,1219,364,1015,439,491,0,844,4372,14628,4362,12185,5273,5896,0,10123,52466,104641,1,30,44,38
3284,CO,"Colorado Springs, CO HUD Metro FMR Area",1p1c,1778,533,1309,698,718,1349,1532,7916,21336,6396,15709,8375,8610,16185,18383,94994,104641,1,30,44,38
3284,CO,"Colorado Springs, CO HUD Metro FMR Area",1p2c,1778,786,1438,956,796,2097,1975,9825,21336,9432,17252,11477,9552,25158,23697,117905,104641,1,30,44,38
3284,CO,"Colorado Springs, CO HUD Metro FMR Area",1p3c,2491,1047,1525,1215,1099,2327,2766,12469,29892,12568,18294,14580,13183,27919,33189,149625,104641,1,30,44,38
3284,CO,"Colorado Springs, CO HUD Metro FMR Area",1p4c,2491,1282,1586,1290,1172,2327,2982,13128,29892,15387,19028,15478,14058,27919,35778,157541,104641,1,30,44,38
3284,CO,"Colorado Springs, CO HUD Metro FMR Area",2p0c,1472,666,1264,879,664,0,1013,5958,17664,7996,15163,10546,7967,0,12154,71490,104641,1,30,44,38
3284,CO,"Colorado Springs, CO HUD Metro FMR Area",2p1c,1778,827,1386,1137,809,1349,1468,8754,21336,9922,16631,13649,9705,16185,17621,105048,104641,1,30,44,38
3284,CO,"Colorado Springs, CO HUD Metro FMR Area",2p2c,1778,1051,1468,1396,879,2097,1787,10456,21336,12617,17618,16751,10542,25158,21448,125470,104641,1,30,44,38
3284,CO,"Colorado Springs, CO HUD Metro FMR Area",2p3c,2491,1283,1526,1654,1172,2327,2446,12898,29892,15392,18309,19853,14060,27919,29347,154772,104641,1,30,44,38
3284,CO,"Colorado Springs, CO HUD Metro FMR Area",2p4c,2491,1570,1637,1729,1261,2327,2744,13759,29892,18840,19647,20751,15130,27919,32931,165112,104641,1,30,44,38
3285,CO,"Teller County, CO HUD Metro FMR Area",1p0c,1005,372,1192,439,428,0,814,4250,12060,4466,14305,5273,5131,0,9768,51003,103012,0,,,
3285,CO,"Teller County, CO HUD Metro FMR Area",1p1c,1465,546,1561,698,624,766,1170,6830,17580,6548,18731,8375,7491,9189,14042,81957,103012,0,,,
3285,CO,"Teller County, CO HUD Metro FMR Area",1p2c,1465,805,1728,956,705,1506,1601,8765,17580,9656,20740,11477,8456,18070,19206,105185,103012,0,,,
3285,CO,"Teller County, CO HUD Metro FMR Area",1p3c,2053,1072,1842,1215,970,1734,2294,11180,24636,12867,22102,14580,11644,20803,27525,134157,103012,0,,,
3285,CO,"Teller County, CO HUD Metro FMR Area",1p4c,2053,1313,1923,1290,1045,1734,2565,11922,24636,15753,23070,15478,12540,20803,30780,143060,103012,0,,,
3285,CO,"Teller County, CO HUD Metro FMR Area",2p0c,1323,682,1497,879,623,0,1032,6036,15876,8187,17967,10546,7471,0,12381,72428,103012,0,,,
3285,CO,"Teller County, CO HUD Metro FMR Area",2p1c,1465,847,1654,1137,718,766,1245,7831,17580,10158,19850,13649,8612,9189,14935,93973,103012,0,,,
3285,CO,"Teller County, CO HUD Metro FMR Area",2p2c,1465,1077,1760,1396,789,1506,1472,9464,17580,12918,21120,16751,9469,18070,17662,113569,103012,0,,,
3285,CO,"Teller County, CO HUD Metro FMR Area",2p3c,2053,1313,1835,1654,1045,1734,2017,11651,24636,15759,22017,19853,12541,20803,24205,139814,103012,0,,,
3285,CO,"Teller County, CO HUD Metro FMR Area",2p4c,2053,1607,1971,1729,1136,1734,2333,12563,24636,19289,23648,20751,13637,20803,27996,150760,103012,0,,,
3286,MO,"Columbia, MO HUD Metro FMR Area",1p0c,691,368,1024,520,329,0,660,3591,8292,4419,12283,6235,3947,0,7917,43092,100150,0,,,
3286,MO,"Columbia, MO HUD Metro FMR Area",1p1c,1007,540,1308,816,480,649,848,5648,12084,6480,15700,9791,5764,7789,10173,67781,100150,0,,,
3286,MO,"Columbia, MO HUD Metro FMR Area",1p2c,1007,796,1433,1112,560,1029,1026,6963,12084,9556,17192,13347,6719,12345,12315,83559,100150,0,,,
3286,MO,"Columbia, MO HUD Metro FMR Area",1p3c,1360,1061,1517,1409,752,1146,1452,8696,16320,12734,18204,16904,9020,13747,17419,104348,100150,0,,,
3286,MO,"Columbia, MO HUD Metro FMR Area",1p4c,1360,1299,1576,1479,826,1146,1711,9397,16320,15591,18915,17749,9907,13747,20535,112764,100150,0,,,
3286,MO,"Columbia, MO HUD Metro FMR Area",2p0c,862,675,1261,1039,477,0,806,5120,10344,8102,15128,12469,5727,0,9666,61436,100150,0,,,
3286,MO,"Columbia, MO HUD Metro FMR Area",2p1c,1007,838,1380,1336,573,649,1004,6785,12084,10053,16554,16026,6873,7789,12044,81422,100150,0,,,
3286,MO,"Columbia, MO HUD Metro FMR Area",2p2c,1007,1065,1460,1632,643,1029,1064,7900,12084,12784,17516,19582,7721,12345,12764,94796,100150,0,,,
3286,MO,"Columbia, MO HUD Metro FMR Area",2p3c,1360,1300,1516,1928,826,1146,1324,9399,16320,15596,18190,23138,9909,13747,15887,112787,100150,0,,,
3286,MO,"Columbia, MO HUD Metro FMR Area",2p4c,1360,1591,1626,1999,916,1146,1589,10226,16320,19089,19512,23983,10994,13747,19067,122713,100150,0,,,
3287,MO,"Cooper County, MO HUD Metro FMR Area",1p0c,565,368,1150,520,290,0,647,3539,6780,4419,13800,6235,3477,0,7762,42472,85395,0,,,
3287,MO,"Cooper County, MO HUD Metro FMR Area",1p1c,824,540,1403,816,424,383,710,5099,9888,6480,16839,9791,5082,4590,8520,61191,85395,0,,,
3287,MO,"Cooper County, MO HUD Metro FMR Area",1p2c,824,796,1609,1112,503,918,944,6707,9888,9556,19304,13347,6037,11013,11332,80478,85395,0,,,
3287,MO,"Cooper County, MO HUD Metro FMR Area",1p3c,1027,1061,1710,1409,648,1082,1285,8222,12324,12734,20520,16904,7780,12989,15415,98666,85395,0,,,
3287,MO,"Cooper County, MO HUD Metro FMR Area",1p4c,1027,1299,1783,1479,722,1082,1540,8933,12324,15591,21397,17749,8667,12989,18477,107193,85395,0,,,
3287,MO,"Cooper County, MO HUD Metro FMR Area",2p0c,628,675,1342,1039,405,0,730,4819,7536,8102,16104,12469,4855,0,8762,57829,85395,0,,,
3287,MO,"Cooper County, MO HUD Metro FMR Area",2p1c,824,838,1539,1336,516,383,888,6322,9888,10053,18462,16026,6191,4590,10652,75862,85395,0,,,
3287,MO,"Cooper County, MO HUD Metro FMR Area",2p2c,824,1065,1633,1632,587,918,1005,7663,9888,12784,19598,19582,7039,11013,12054,91958,85395,0,,,
3287,MO,"Cooper County, MO HUD Metro FMR Area",2p3c,1027,1300,1701,1928,722,1082,1183,8944,12324,15596,20412,23138,8668,12989,14195,107323,85395,0,,,
3287,MO,"Cooper County, MO HUD Metro FMR Area",2p4c,1027,1591,1756,1999,813,1082,1413,9680,12324,19089,21068,23983,9753,12989,16952,116159,85395,0,,,
3288,MO,"Howard County, MO HUD Metro FMR Area",1p0c,625,324,1208,520,295,0,673,3645,7500,3889,14501,6235,3536,0,8078,43738,78773,0,,,
3288,MO,"Howard County, MO HUD Metro FMR Area",1p1c,912,475,1449,816,431,430,751,5263,10944,5702,17383,9791,5168,5154,9010,63152,78773,0,,,
3288,MO,"Howard County, MO HUD Metro FMR Area",1p2c,912,701,1583,1112,501,968,951,6727,10944,8409,18995,13347,6008,11611,11411,80725,78773,0,,,
3288,MO,"Howard County, MO HUD Metro FMR Area",1p3c,1099,934,1749,1409,631,1133,1294,8249,13188,11205,20989,16904,7573,13598,15527,98984,78773,0,,,
3288,MO,"Howard County, MO HUD Metro FMR Area",1p4c,1099,1143,1821,1479,696,1133,1527,8899,13188,13718,21853,17749,8354,13598,18328,106788,78773,0,,,
3288,MO,"Howard County, MO HUD Metro FMR Area",2p0c,695,594,1383,1039,400,0,738,4849,8340,7129,16596,12469,4803,0,8853,58189,78773,0,,,
3288,MO,"Howard County, MO HUD Metro FMR Area",2p1c,912,737,1509,1336,512,430,888,6323,10944,8845,18106,16026,6144,5154,10655,75873,78773,0,,,
3288,MO,"Howard County, MO HUD Metro FMR Area",2p2c,912,937,1669,1632,574,968,1016,7707,10944,11249,20022,19582,6890,11611,12186,92484,78773,0,,,
3288,MO,"Howard County, MO HUD Metro FMR Area",2p3c,1099,1144,1735,1928,696,1133,1172,8908,13188,13723,20825,23138,8355,13598,14063,106891,78773,0,,,
3288,MO,"Howard County, MO HUD Metro FMR Area",2p4c,1099,1400,1790,1999,776,1133,1380,9575,13188,16797,21475,23983,9309,13598,16554,114904,78773,0,,,
3289,SC,"Columbia, SC HUD Metro FMR Area",1p0c,1063,348,1060,447,438,0,832,4188,12756,4175,12723,5368,5256,0,9979,50256,85436.68558,1,77,25,88
3289,SC,"Columbia, SC HUD Metro FMR Area",1p1c,1298,510,1291,701,561,907,980,6248,15576,6122,15491,8409,6736,10880,11762,74975,85436.68558,1,77,25,88
3289,SC,"Columbia, SC HUD Metro FMR Area",1p2c,1298,752,1478,954,637,1607,1357,8083,15576,9027,17731,11450,7639,19285,16287,96994,85436.68558,1,77,25,88
3289,SC,"Columbia, SC HUD Metro FMR Area",1p3c,1656,1002,1567,1208,825,1823,1869,9950,19872,12029,18805,14491,9904,21871,22430,119402,85436.68558,1,77,25,88
3289,SC,"Columbia, SC HUD Metro FMR Area",1p4c,1656,1227,1631,1275,895,1823,2096,10602,19872,14727,19571,15296,10742,21871,25150,127229,85436.68558,1,77,25,88
3289,SC,"Columbia, SC HUD Metro FMR Area",2p0c,1172,638,1242,895,562,0,897,5406,14064,7653,14907,10735,6743,0,10766,64867,85436.68558,1,77,25,88
3289,SC,"Columbia, SC HUD Metro FMR Area",2p1c,1298,791,1423,1148,649,907,1106,7322,15576,9496,17074,13776,7784,10880,13275,87862,85436.68558,1,77,25,88
3289,SC,"Columbia, SC HUD Metro FMR Area",2p2c,1298,1006,1508,1401,715,1607,1232,8768,15576,12076,18093,16817,8585,19285,14788,105220,85436.68558,1,77,25,88
3289,SC,"Columbia, SC HUD Metro FMR Area",2p3c,1656,1228,1568,1655,895,1823,1588,10413,19872,14732,18817,19859,10744,21871,19060,124954,85436.68558,1,77,25,88
3289,SC,"Columbia, SC HUD Metro FMR Area",2p4c,1656,1503,1616,1722,981,1823,1801,11102,19872,18032,19396,20663,11768,21871,21616,133219,85436.68558,1,77,25,88
3290,SC,"Kershaw County, SC HUD Metro FMR Area",1p0c,795,326,1179,418,348,0,725,3791,9540,3912,14147,5010,4176,0,8701,45487,77712,0,,,
3290,SC,"Kershaw County, SC HUD Metro FMR Area",1p1c,987,478,1425,653,455,614,721,5333,11844,5736,17102,7838,5458,7363,8655,63995,77712,0,,,
3290,SC,"Kershaw County, SC HUD Metro FMR Area",1p2c,987,705,1563,889,525,1261,920,6849,11844,8458,18751,10665,6303,15131,11034,82188,77712,0,,,
3290,SC,"Kershaw County, SC HUD Metro FMR Area",1p3c,1189,939,1732,1124,661,1460,1264,8370,14268,11271,20788,13493,7929,17521,15164,100435,77712,0,,,
3290,SC,"Kershaw County, SC HUD Metro FMR Area",1p4c,1189,1150,1806,1189,726,1460,1469,8989,14268,13800,21670,14271,8714,17521,17627,107871,77712,0,,,
3290,SC,"Kershaw County, SC HUD Metro FMR Area",2p0c,800,598,1366,835,434,0,726,4759,9600,7171,16392,10021,5207,0,8714,57105,77712,0,,,
3290,SC,"Kershaw County, SC HUD Metro FMR Area",2p1c,987,742,1496,1071,537,614,830,6275,11844,8898,17947,12848,6440,7363,9959,75298,77712,0,,,
3290,SC,"Kershaw County, SC HUD Metro FMR Area",2p2c,987,943,1659,1306,599,1261,937,7693,11844,11315,19911,15676,7190,15131,11244,92311,77712,0,,,
3290,SC,"Kershaw County, SC HUD Metro FMR Area",2p3c,1189,1150,1728,1542,726,1460,1079,8874,14268,13804,20737,18503,8716,17521,12943,106493,77712,0,,,
3290,SC,"Kershaw County, SC HUD Metro FMR Area",2p4c,1189,1408,1784,1607,806,1460,1256,9511,14268,16896,21410,19281,9676,17521,15076,114128,77712,0,,,
3291,GA,"Stewart County, GA HUD Metro FMR Area",1p0c,770,363,1105,514,352,0,775,3878,9240,4350,13257,6170,4219,0,9298,46535,51806,0,,,
3291,GA,"Stewart County, GA HUD Metro FMR Area",1p1c,964,532,1369,808,464,517,854,5508,11568,6379,16428,9692,5572,6205,10250,66094,51806,0,,,
3291,GA,"Stewart County, GA HUD Metro FMR Area",1p2c,964,784,1527,1101,543,796,943,6657,11568,9407,18319,13214,6512,9551,11317,79887,51806,0,,,
3291,GA,"Stewart County, GA HUD Metro FMR Area",1p3c,1161,1045,1643,1395,685,882,1222,8031,13932,12535,19717,16736,8217,10580,14658,96374,51806,0,,,
3291,GA,"Stewart County, GA HUD Metro FMR Area",1p4c,1161,1279,1729,1467,758,882,1455,8730,13932,15346,20749,17599,9090,10580,17465,104762,51806,0,,,
3291,GA,"Stewart County, GA HUD Metro FMR Area",2p0c,817,665,1309,1028,460,0,913,5192,9804,7975,15712,12341,5520,0,10953,62305,51806,0,,,
3291,GA,"Stewart County, GA HUD Metro FMR Area",2p1c,964,825,1456,1322,555,517,1040,6679,11568,9895,17475,15862,6664,6205,12475,80145,51806,0,,,
3291,GA,"Stewart County, GA HUD Metro FMR Area",2p2c,964,1049,1564,1615,625,796,1035,7648,11568,12584,18773,19384,7498,9551,12417,91775,51806,0,,,
3291,GA,"Stewart County, GA HUD Metro FMR Area",2p3c,1161,1279,1644,1909,758,882,1155,8788,13932,15352,19727,22906,9092,10580,13861,105450,51806,0,,,
3291,GA,"Stewart County, GA HUD Metro FMR Area",2p4c,1161,1566,1785,1981,847,882,1403,9623,13932,18790,21416,23769,10159,10580,16831,115478,51806,0,,,
3292,GA,"Talbot County, GA HUD Metro FMR Area",1p0c,723,393,1170,514,347,0,787,3934,8676,4719,14039,6170,4159,0,9448,47212,58353,0,,,
3292,GA,"Talbot County, GA HUD Metro FMR Area",1p1c,905,577,1415,808,460,517,864,5545,10860,6920,16977,9692,5520,6205,10364,66538,58353,0,,,
3292,GA,"Talbot County, GA HUD Metro FMR Area",1p2c,905,850,1558,1101,545,796,963,6719,10860,10205,18701,13214,6540,9551,11554,80625,58353,0,,,
3292,GA,"Talbot County, GA HUD Metro FMR Area",1p3c,1268,1133,1664,1395,746,882,1376,8463,15216,13598,19970,16736,8946,10580,16514,101560,58353,0,,,
3292,GA,"Talbot County, GA HUD Metro FMR Area",1p4c,1268,1387,1742,1467,824,882,1629,9199,15216,16649,20903,17599,9893,10580,19549,110390,58353,0,,,
3292,GA,"Talbot County, GA HUD Metro FMR Area",2p0c,767,721,1354,1028,462,0,931,5263,9204,8652,16244,12341,5544,0,11170,63155,58353,0,,,
3292,GA,"Talbot County, GA HUD Metro FMR Area",2p1c,905,895,1488,1322,559,517,1056,6741,10860,10735,17860,15862,6705,6205,12666,80894,58353,0,,,
3292,GA,"Talbot County, GA HUD Metro FMR Area",2p2c,905,1138,1587,1615,634,796,1056,7731,10860,13652,19045,19384,7610,9551,12671,92773,58353,0,,,
3292,GA,"Talbot County, GA HUD Metro FMR Area",2p3c,1268,1388,1659,1909,825,882,1290,9220,15216,16655,19913,22906,9895,10580,15479,110644,58353,0,,,
3292,GA,"Talbot County, GA HUD Metro FMR Area",2p4c,1268,1699,1795,1981,921,882,1560,10105,15216,20385,21544,23769,11053,10580,18715,121263,58353,0,,,
3293,AL,"Columbus, GA-AL HUD Metro FMR Area",1p0c,883,364,1014,511,387,0,770,3928,10596,4373,12163,6127,4647,0,9234,47140,72641.42402,0,,,
3293,AL,"Columbus, GA-AL HUD Metro FMR Area",1p1c,1108,534,1226,794,510,638,901,5712,13296,6412,14716,9531,6119,7658,10812,68544,72641.42402,0,,,
3293,AL,"Columbus, GA-AL HUD Metro FMR Area",1p2c,1108,788,1345,1078,589,1036,1067,7010,13296,9455,16139,12935,7064,12426,12799,84114,72641.42402,0,,,
3293,AL,"Columbus, GA-AL HUD Metro FMR Area",1p3c,1463,1050,1493,1362,780,1158,1485,8790,17556,12600,17913,16339,9362,13893,17818,105480,72641.42402,0,,,
3293,AL,"Columbus, GA-AL HUD Metro FMR Area",1p4c,1463,1286,1557,1428,853,1158,1717,9460,17556,15426,18678,17133,10240,13893,20599,113524,72641.42402,0,,,
3293,AL,"Columbus, GA-AL HUD Metro FMR Area",2p0c,937,668,1180,1021,498,0,915,5220,11244,8017,14165,12254,5980,0,10976,62636,72641.42402,0,,,
3293,AL,"Columbus, GA-AL HUD Metro FMR Area",2p1c,1108,829,1293,1305,601,638,1096,6870,13296,9947,15515,15658,7216,7658,13149,82439,72641.42402,0,,,
3293,AL,"Columbus, GA-AL HUD Metro FMR Area",2p2c,1108,1054,1436,1589,671,1036,1168,8062,13296,12649,17232,19062,8055,12426,14018,96738,72641.42402,0,,,
3293,AL,"Columbus, GA-AL HUD Metro FMR Area",2p3c,1463,1286,1496,1872,854,1158,1414,9542,17556,15431,17953,22466,10242,13893,16964,114505,72641.42402,0,,,
3293,AL,"Columbus, GA-AL HUD Metro FMR Area",2p4c,1463,1574,1545,1938,943,1158,1628,10249,17556,18888,18539,23260,11315,13893,19536,122986,72641.42402,0,,,
3294,GA,"Columbus, GA-AL HUD Metro FMR Area",1p0c,883,364,1014,511,387,0,791,3950,10596,4373,12163,6127,4647,0,9497,47402,72641.42402,,,,
3294,GA,"Columbus, GA-AL HUD Metro FMR Area",1p1c,1108,534,1226,794,510,638,908,5719,13296,6412,14716,9531,6119,7658,10897,68629,72641.42402,,,,
3294,GA,"Columbus, GA-AL HUD Metro FMR Area",1p2c,1108,788,1345,1078,589,1036,1053,6996,13296,9455,16139,12935,7064,12426,12637,83952,72641.42402,,,,
3294,GA,"Columbus, GA-AL HUD Metro FMR Area",1p3c,1463,1050,1493,1362,780,1158,1498,8803,17556,12600,17913,16339,9362,13893,17975,105637,72641.42402,,,,
3294,GA,"Columbus, GA-AL HUD Metro FMR Area",1p4c,1463,1286,1557,1428,853,1158,1733,9477,17556,15426,18678,17133,10240,13893,20796,113721,72641.42402,,,,
3294,GA,"Columbus, GA-AL HUD Metro FMR Area",2p0c,937,668,1180,1021,498,0,922,5227,11244,8017,14165,12254,5980,0,11059,62718,72641.42402,,,,
3294,GA,"Columbus, GA-AL HUD Metro FMR Area",2p1c,1108,829,1293,1305,601,638,1086,6860,13296,9947,15515,15658,7216,7658,13030,82320,72641.42402,,,,
3294,GA,"Columbus, GA-AL HUD Metro FMR Area",2p2c,1108,1054,1436,1589,671,1036,1131,8024,13296,12649,17232,19062,8055,12426,13566,96286,72641.42402,,,,
3294,GA,"Columbus, GA-AL HUD Metro FMR Area",2p3c,1463,1286,1496,1872,854,1158,1382,9511,17556,15431,17953,22466,10242,13893,16586,114126,72641.42402,,,,
3294,GA,"Columbus, GA-AL HUD Metro FMR Area",2p4c,1463,1574,1545,1938,943,1158,1597,10218,17556,18888,18539,23260,11315,13893,19161,122610,72641.42402,,,,
3295,IN,"Columbus, IN MSA",1p0c,1103,324,1098,405,443,0,783,4157,13236,3889,13179,4861,5317,0,9400,49881,96372,0,,,
3295,IN,"Columbus, IN MSA",1p1c,1268,475,1353,633,541,971,957,6198,15216,5702,16233,7594,6495,11649,11487,74375,96372,0,,,
3295,IN,"Columbus, IN MSA",1p2c,1268,701,1554,861,611,1725,1295,8015,15216,8409,18644,10328,7335,20703,15543,96178,96372,0,,,
3295,IN,"Columbus, IN MSA",1p3c,1537,934,1650,1089,767,1958,1651,9585,18444,11205,19801,13062,9205,23490,19814,115020,96372,0,,,
3295,IN,"Columbus, IN MSA",1p4c,1537,1143,1719,1151,832,1958,1857,10197,18444,13718,20627,13806,9985,23490,22288,122358,96372,0,,,
3295,IN,"Columbus, IN MSA",2p0c,1145,594,1300,810,540,0,877,5266,13740,7129,15603,9721,6479,0,10524,63197,96372,0,,,
3295,IN,"Columbus, IN MSA",2p1c,1268,737,1493,1038,623,971,1100,7229,15216,8845,17919,12455,7470,11649,13196,86750,96372,0,,,
3295,IN,"Columbus, IN MSA",2p2c,1268,937,1584,1266,685,1725,1207,8672,15216,11249,19005,15189,8217,20703,14480,104058,96372,0,,,
3295,IN,"Columbus, IN MSA",2p3c,1537,1144,1648,1494,832,1958,1438,10050,18444,13723,19774,17923,9987,23490,17261,120602,96372,0,,,
3295,IN,"Columbus, IN MSA",2p4c,1537,1400,1699,1556,912,1958,1623,10684,18444,16797,20386,18666,10941,23490,19480,128204,96372,0,,,
3296,OH,"Columbus, OH HUD Metro FMR Area",1p0c,1104,355,996,453,453,0,721,4081,13248,4257,11947,5438,5435,0,8649,48974,102341.2327,1,63,69,44
3296,OH,"Columbus, OH HUD Metro FMR Area",1p1c,1445,520,1279,710,610,1131,1089,6784,17340,6242,15346,8518,7322,13569,13067,81403,102341.2327,1,63,69,44
3296,OH,"Columbus, OH HUD Metro FMR Area",1p2c,1445,767,1403,967,687,1870,1440,8579,17340,9204,16837,11598,8241,22443,17280,102943,102341.2327,1,63,69,44
3296,OH,"Columbus, OH HUD Metro FMR Area",1p3c,1741,1022,1487,1223,858,2098,1864,10293,20892,12265,17848,14677,10294,25174,22364,123515,102341.2327,1,63,69,44
3296,OH,"Columbus, OH HUD Metro FMR Area",1p4c,1741,1251,1547,1289,929,2098,2089,10943,20892,15017,18561,15464,11149,25174,25062,131317,102341.2327,1,63,69,44
3296,OH,"Columbus, OH HUD Metro FMR Area",2p0c,1194,650,1236,906,573,0,847,5406,14328,7804,14833,10877,6871,0,10159,64872,102341.2327,1,63,69,44
3296,OH,"Columbus, OH HUD Metro FMR Area",2p1c,1445,807,1355,1163,699,1131,1162,7762,17340,9683,16255,13956,8390,13569,13949,93142,102341.2327,1,63,69,44
3296,OH,"Columbus, OH HUD Metro FMR Area",2p2c,1445,1026,1435,1420,767,1870,1337,9300,17340,12313,17215,17036,9207,22443,16045,111600,102341.2327,1,63,69,44
3296,OH,"Columbus, OH HUD Metro FMR Area",2p3c,1741,1252,1491,1676,929,2098,1617,10804,20892,15022,17889,20116,11150,25174,19401,129644,102341.2327,1,63,69,44
3296,OH,"Columbus, OH HUD Metro FMR Area",2p4c,1741,1532,1601,1742,1016,2098,1878,11607,20892,18386,19206,20902,12195,25174,22533,139288,102341.2327,1,63,69,44
3297,OH,"Hocking County, OH HUD Metro FMR Area",1p0c,703,319,1128,453,317,0,592,3513,8436,3831,13540,5434,3809,0,7106,42156,75250,0,,,
3297,OH,"Hocking County, OH HUD Metro FMR Area",1p1c,928,468,1388,709,434,720,707,5354,11136,5618,16661,8512,5202,8638,8485,64251,75250,0,,,
3297,OH,"Hocking County, OH HUD Metro FMR Area",1p2c,928,690,1598,966,502,1227,863,6773,11136,8284,19171,11589,6029,14722,10350,81280,75250,0,,,
3297,OH,"Hocking County, OH HUD Metro FMR Area",1p3c,1261,920,1702,1222,677,1383,1187,8352,15132,11038,20419,14666,8125,16594,14243,100218,75250,0,,,
3297,OH,"Hocking County, OH HUD Metro FMR Area",1p4c,1261,1126,1776,1288,741,1383,1392,8967,15132,13515,21317,15452,8894,16594,16704,107608,75250,0,,,
3297,OH,"Hocking County, OH HUD Metro FMR Area",2p0c,707,585,1330,906,401,0,661,4590,8484,7023,15961,10869,4815,0,7927,55078,75250,0,,,
3297,OH,"Hocking County, OH HUD Metro FMR Area",2p1c,928,726,1531,1162,514,720,854,6435,11136,8714,18366,13946,6163,8638,10253,77217,75250,0,,,
3297,OH,"Hocking County, OH HUD Metro FMR Area",2p2c,928,924,1628,1419,575,1227,898,7598,11136,11082,19535,17023,6898,14722,10775,91171,75250,0,,,
3297,OH,"Hocking County, OH HUD Metro FMR Area",2p3c,1261,1127,1698,1675,741,1383,1068,8953,15132,13519,20372,20101,8895,16594,12820,107432,75250,0,,,
3297,OH,"Hocking County, OH HUD Metro FMR Area",2p4c,1261,1379,1754,1741,820,1383,1241,9578,15132,16547,21046,20887,9836,16594,14897,114939,75250,0,,,
3298,OH,"Perry County, OH HUD Metro FMR Area",1p0c,707,314,1136,449,317,0,593,3514,8484,3762,13626,5390,3802,0,7110,42173,75972,0,,,
3298,OH,"Perry County, OH HUD Metro FMR Area",1p1c,934,460,1397,703,433,887,757,5571,11208,5516,16767,8440,5192,10646,9081,66850,75972,0,,,
3298,OH,"Perry County, OH HUD Metro FMR Area",1p2c,934,678,1608,958,500,1526,985,7189,11208,8134,19290,11491,6005,18311,11825,86264,75972,0,,,
3298,OH,"Perry County, OH HUD Metro FMR Area",1p3c,1133,903,1712,1212,632,1722,1262,8577,13596,10839,20543,14541,7586,20669,15146,102921,75972,0,,,
3298,OH,"Perry County, OH HUD Metro FMR Area",1p4c,1133,1106,1787,1277,695,1722,1470,9190,13596,13270,21445,15324,8341,20669,17634,110280,75972,0,,,
3298,OH,"Perry County, OH HUD Metro FMR Area",2p0c,712,575,1338,898,400,0,659,4582,8544,6896,16061,10779,4794,0,7906,54980,75972,0,,,
3298,OH,"Perry County, OH HUD Metro FMR Area",2p1c,934,713,1540,1153,511,887,900,6638,11208,8557,18477,13830,6136,10646,10805,79658,75972,0,,,
3298,OH,"Perry County, OH HUD Metro FMR Area",2p2c,934,907,1637,1407,572,1526,981,7963,11208,10881,19649,16880,6858,18311,11773,95560,75972,0,,,
3298,OH,"Perry County, OH HUD Metro FMR Area",2p3c,1133,1106,1707,1661,695,1722,1124,9149,13596,13275,20487,19931,8343,20669,13484,109785,75972,0,,,
3298,OH,"Perry County, OH HUD Metro FMR Area",2p4c,1133,1354,1764,1726,772,1722,1297,9768,13596,16248,21164,20713,9266,20669,15564,117221,75972,0,,,
3299,OH,"Union County, OH HUD Metro FMR Area",1p0c,1091,342,1247,453,445,0,785,4364,13092,4108,14967,5436,5340,0,9420,52363,123968,0,,,
3299,OH,"Union County, OH HUD Metro FMR Area",1p1c,1425,502,1558,710,598,1176,1213,7181,17100,6024,18694,8514,7179,14113,14551,86176,123968,0,,,
3299,OH,"Union County, OH HUD Metro FMR Area",1p2c,1425,740,1715,966,672,1937,1605,9060,17100,8883,20579,11592,8067,23238,19259,108718,123968,0,,,
3299,OH,"Union County, OH HUD Metro FMR Area",1p3c,1717,986,1819,1223,839,2171,2043,10797,20604,11836,21822,14670,10072,26046,24519,129569,123968,0,,,
3299,OH,"Union County, OH HUD Metro FMR Area",1p4c,1717,1208,1967,1288,908,2171,2296,11554,20604,14492,23601,15456,10896,26046,27557,138652,123968,0,,,
3299,OH,"Union County, OH HUD Metro FMR Area",2p0c,1109,628,1500,906,539,0,882,5564,13308,7531,18002,10871,6470,0,10588,66771,123968,0,,,
3299,OH,"Union County, OH HUD Metro FMR Area",2p1c,1425,779,1649,1163,684,1176,1244,8119,17100,9344,19788,13950,8210,14113,14926,97431,123968,0,,,
3299,OH,"Union County, OH HUD Metro FMR Area",2p2c,1425,990,1747,1419,750,1937,1466,9733,17100,11883,20958,17028,8998,23238,17589,116794,123968,0,,,
3299,OH,"Union County, OH HUD Metro FMR Area",2p3c,1717,1208,1890,1676,908,2171,1806,11376,20604,14496,22681,20106,10898,26046,21676,136508,123968,0,,,
3299,OH,"Union County, OH HUD Metro FMR Area",2p4c,1717,1479,1945,1741,992,2171,2038,12082,20604,17744,23340,20892,11906,26046,24454,144985,123968,0,,,
3300,TX,"Corpus Christi, TX MSA",1p0c,1051,308,1021,461,422,0,602,3865,12612,3699,12247,5528,5064,0,7229,46379,78865.55985,0,,,
3300,TX,"Corpus Christi, TX MSA",1p1c,1390,452,1233,722,572,710,677,5755,16680,5424,14791,8666,6863,8517,8120,69061,78865.55985,0,,,
3300,TX,"Corpus Christi, TX MSA",1p2c,1390,667,1408,984,639,1384,854,7324,16680,7998,16891,11803,7662,16608,10244,87887,78865.55985,0,,,
3300,TX,"Corpus Christi, TX MSA",1p3c,1816,888,1491,1245,840,1591,1217,9089,21792,10658,17893,14941,10075,19097,14608,109064,78865.55985,0,,,
3300,TX,"Corpus Christi, TX MSA",1p4c,1816,1087,1551,1313,901,1591,1392,9652,21792,13049,18606,15757,10817,19097,16709,115827,78865.55985,0,,,
3300,TX,"Corpus Christi, TX MSA",2p0c,1128,565,1189,921,526,0,667,4996,13536,6781,14268,11057,6308,0,8005,59956,78865.55985,0,,,
3300,TX,"Corpus Christi, TX MSA",2p1c,1390,701,1359,1183,649,710,801,6793,16680,8414,16309,14194,7791,8517,9611,81516,78865.55985,0,,,
3300,TX,"Corpus Christi, TX MSA",2p2c,1390,892,1439,1444,708,1384,838,8095,16680,10700,17266,17332,8501,16608,10053,97139,78865.55985,0,,,
3300,TX,"Corpus Christi, TX MSA",2p3c,1816,1088,1495,1706,902,1591,1038,9636,21792,13053,17945,20469,10818,19097,12457,115631,78865.55985,0,,,
3300,TX,"Corpus Christi, TX MSA",2p4c,1816,1331,1541,1774,977,1591,1185,10216,21792,15977,18493,21286,11726,19097,14217,122588,78865.55985,0,,,
3301,OR,"Corvallis, OR MSA",1p0c,1200,398,1051,513,496,0,1129,4788,14400,4777,12617,6152,5954,0,13553,57454,113224,0,,,
3301,OR,"Corvallis, OR MSA",1p1c,1643,584,1367,772,691,1238,1882,8177,19716,7005,16401,9264,8296,14853,22586,98122,113224,0,,,
3301,OR,"Corvallis, OR MSA",1p2c,1643,861,1507,1031,777,1678,2266,9763,19716,10330,18086,12376,9328,20136,27189,117161,113224,0,,,
3301,OR,"Corvallis, OR MSA",1p3c,2302,1147,1602,1291,1071,1813,3128,12354,27624,13765,19218,15488,12850,21761,37540,148246,113224,0,,,
3301,OR,"Corvallis, OR MSA",1p4c,2302,1404,1734,1340,1151,1813,3350,13094,27624,16853,20803,16078,13809,21761,40194,157122,113224,0,,,
3301,OR,"Corvallis, OR MSA",2p0c,1279,730,1309,1025,624,0,1310,6277,15348,8758,15713,12305,7484,0,15722,75329,113224,0,,,
3301,OR,"Corvallis, OR MSA",2p1c,1643,906,1443,1285,791,1238,1916,9221,19716,10867,17314,15417,9495,14853,22993,110655,113224,0,,,
3301,OR,"Corvallis, OR MSA",2p2c,1643,1152,1532,1544,868,1678,2200,10616,19716,13819,18385,18529,10412,20136,26399,127395,113224,0,,,
3301,OR,"Corvallis, OR MSA",2p3c,2302,1405,1660,1803,1151,1813,2958,13093,27624,16858,19924,21641,13811,21761,35494,157112,113224,0,,,
3301,OR,"Corvallis, OR MSA",2p4c,2302,1720,1711,1853,1249,1813,3228,13876,27624,20634,20537,22231,14983,21761,38741,166512,113224,0,,,
3302,FL,"Crestview-Fort Walton Beach-Destin, FL HUD Metro FMR Area",1p0c,1218,370,1048,511,493,0,695,4335,14616,4442,12573,6130,5917,0,8338,52016,96567,0,,,
3302,FL,"Crestview-Fort Walton Beach-Destin, FL HUD Metro FMR Area",1p1c,1571,543,1281,802,656,837,879,6568,18852,6514,15369,9627,7876,10038,10543,78818,96567,0,,,
3302,FL,"Crestview-Fort Walton Beach-Destin, FL HUD Metro FMR Area",1p2c,1571,801,1467,1094,736,1521,1158,8347,18852,9606,17604,13124,8835,18250,13896,100168,96567,0,,,
3302,FL,"Crestview-Fort Walton Beach-Destin, FL HUD Metro FMR Area",1p3c,2184,1067,1556,1385,1009,1731,1700,10632,26208,12800,18670,16622,12111,20777,20395,127583,96567,0,,,
3302,FL,"Crestview-Fort Walton Beach-Destin, FL HUD Metro FMR Area",1p4c,2184,1306,1619,1457,1084,1731,1908,11289,26208,15672,19429,17482,13003,20777,22900,135471,96567,0,,,
3302,FL,"Crestview-Fort Walton Beach-Destin, FL HUD Metro FMR Area",2p0c,1398,679,1231,1022,645,0,825,5800,16776,8144,14776,12259,7737,0,9901,69594,96567,0,,,
3302,FL,"Crestview-Fort Walton Beach-Destin, FL HUD Metro FMR Area",2p1c,1571,842,1411,1313,749,837,980,7702,18852,10105,16931,15756,8990,10038,11757,92429,96567,0,,,
3302,FL,"Crestview-Fort Walton Beach-Destin, FL HUD Metro FMR Area",2p2c,1571,1071,1495,1605,820,1521,1091,9174,18852,12851,17937,19254,9843,18250,13097,110084,96567,0,,,
3302,FL,"Crestview-Fort Walton Beach-Destin, FL HUD Metro FMR Area",2p3c,2184,1306,1554,1896,1084,1731,1474,11229,26208,15677,18650,22751,13004,20777,17682,134749,96567,0,,,
3302,FL,"Crestview-Fort Walton Beach-Destin, FL HUD Metro FMR Area",2p4c,2184,1599,1602,1968,1175,1731,1687,11945,26208,19189,19218,23612,14095,20777,20239,143336,96567,0,,,
3303,FL,"Walton County, FL HUD Metro FMR Area",1p0c,953,418,1119,496,426,0,639,4050,11436,5019,13423,5947,5109,0,7666,48600,95772,0,,,
3303,FL,"Walton County, FL HUD Metro FMR Area",1p1c,1210,613,1375,778,566,811,764,6118,14520,7360,16500,9335,6793,9733,9167,73410,95772,0,,,
3303,FL,"Walton County, FL HUD Metro FMR Area",1p2c,1210,905,1582,1060,657,1572,1071,8056,14520,10854,18986,12724,7878,18858,12856,96676,95772,0,,,
3303,FL,"Walton County, FL HUD Metro FMR Area",1p3c,1696,1205,1686,1343,901,1806,1564,10200,20352,14463,20231,16112,10809,21666,18764,122397,95772,0,,,
3303,FL,"Walton County, FL HUD Metro FMR Area",1p4c,1696,1476,1761,1413,985,1806,1793,10929,20352,17707,21127,16959,11816,21666,21520,131147,95772,0,,,
3303,FL,"Walton County, FL HUD Metro FMR Area",2p0c,1093,767,1316,991,577,0,769,5513,13116,9202,15792,11895,6929,0,9226,66160,95772,0,,,
3303,FL,"Walton County, FL HUD Metro FMR Area",2p1c,1210,952,1514,1274,671,811,908,7340,14520,11418,18167,15283,8053,9733,10900,88075,95772,0,,,
3303,FL,"Walton County, FL HUD Metro FMR Area",2p2c,1210,1210,1611,1556,751,1572,1034,8944,14520,14520,19329,18671,9016,18858,12412,107326,95772,0,,,
3303,FL,"Walton County, FL HUD Metro FMR Area",2p3c,1696,1476,1680,1838,985,1806,1357,10838,20352,17713,20159,22059,11818,21666,16285,130054,95772,0,,,
3303,FL,"Walton County, FL HUD Metro FMR Area",2p4c,1696,1807,1736,1909,1088,1806,1594,11635,20352,21681,20830,22906,13050,21666,19130,139616,95772,0,,,
3304,MD,"Cumberland, MD-WV MSA",1p0c,655,333,1068,450,307,0,663,3476,7860,4001,12814,5401,3683,0,7957,41716,76199.56221,0,,,
3304,MD,"Cumberland, MD-WV MSA",1p1c,933,489,1312,705,442,831,821,5532,11196,5868,15739,8462,5298,9974,9851,66387,76199.56221,0,,,
3304,MD,"Cumberland, MD-WV MSA",1p2c,933,721,1506,960,514,1613,1123,7370,11196,8653,18074,11524,6162,19352,13481,88441,76199.56221,0,,,
3304,MD,"Cumberland, MD-WV MSA",1p3c,1226,961,1602,1215,679,1853,1535,9072,14712,11530,19223,14585,8147,22237,18425,108859,76199.56221,0,,,
3304,MD,"Cumberland, MD-WV MSA",1p4c,1226,1176,1670,1283,746,1853,1753,9707,14712,14116,20043,15392,8950,22237,21036,116487,76199.56221,0,,,
3304,MD,"Cumberland, MD-WV MSA",2p0c,747,611,1256,900,422,0,778,4714,8964,7336,15066,10802,5061,0,9336,56564,76199.56221,0,,,
3304,MD,"Cumberland, MD-WV MSA",2p1c,933,759,1444,1155,525,831,987,6634,11196,9102,17323,13863,6302,9974,11841,79602,76199.56221,0,,,
3304,MD,"Cumberland, MD-WV MSA",2p2c,933,965,1535,1410,589,1613,1102,8146,11196,11575,18414,16925,7070,19352,13224,97756,76199.56221,0,,,
3304,MD,"Cumberland, MD-WV MSA",2p3c,1226,1177,1599,1666,746,1853,1350,9617,14712,14121,19190,19986,8952,22237,16203,115402,76199.56221,0,,,
3304,MD,"Cumberland, MD-WV MSA",2p4c,1226,1440,1651,1733,828,1853,1547,10278,14712,17284,19815,20793,9934,22237,18559,123334,76199.56221,0,,,
3305,WV,"Cumberland, MD-WV MSA",1p0c,655,333,1068,450,307,0,653,3466,7860,4001,12814,5401,3683,0,7831,41591,76199.56221,,,,
3305,WV,"Cumberland, MD-WV MSA",1p1c,933,489,1312,705,442,831,887,5598,11196,5868,15739,8462,5298,9974,10639,67176,76199.56221,,,,
3305,WV,"Cumberland, MD-WV MSA",1p2c,933,721,1506,960,514,1613,1272,7519,11196,8653,18074,11524,6162,19352,15263,90224,76199.56221,,,,
3305,WV,"Cumberland, MD-WV MSA",1p3c,1226,961,1602,1215,679,1853,1733,9269,14712,11530,19223,14585,8147,22237,20791,111225,76199.56221,,,,
3305,WV,"Cumberland, MD-WV MSA",1p4c,1226,1176,1670,1283,746,1853,1976,9930,14712,14116,20043,15392,8950,22237,23708,119159,76199.56221,,,,
3305,WV,"Cumberland, MD-WV MSA",2p0c,747,611,1256,900,422,0,807,4743,8964,7336,15066,10802,5061,0,9689,56918,76199.56221,,,,
3305,WV,"Cumberland, MD-WV MSA",2p1c,933,759,1444,1155,525,831,1094,6741,11196,9102,17323,13863,6302,9974,13132,80892,76199.56221,,,,
3305,WV,"Cumberland, MD-WV MSA",2p2c,933,965,1535,1410,589,1613,1277,8321,11196,11575,18414,16925,7070,19352,15323,99855,76199.56221,,,,
3305,WV,"Cumberland, MD-WV MSA",2p3c,1226,1177,1599,1666,746,1853,1575,9841,14712,14121,19190,19986,8952,22237,18896,118094,76199.56221,,,,
3305,WV,"Cumberland, MD-WV MSA",2p4c,1226,1440,1651,1733,828,1853,1800,10531,14712,17284,19815,20793,9934,22237,21598,126373,76199.56221,,,,
3306,TX,"Dallas, TX HUD Metro FMR Area",1p0c,1531,342,1011,459,582,0,791,4714,18372,4106,12126,5502,6979,0,9486,56570,107511.3385,1,55,70,31
3306,TX,"Dallas, TX HUD Metro FMR Area",1p1c,1884,502,1297,719,741,875,995,7012,22608,6020,15569,8623,8888,10495,11941,84145,107511.3385,1,55,70,31
3306,TX,"Dallas, TX HUD Metro FMR Area",1p2c,1884,740,1420,979,815,1697,1309,8843,22608,8878,17041,11745,9776,20360,15713,106120,107511.3385,1,55,70,31
3306,TX,"Dallas, TX HUD Metro FMR Area",1p3c,2361,986,1502,1239,1039,1950,1766,10842,28332,11830,18025,14866,12469,23395,21191,130109,107511.3385,1,55,70,31
3306,TX,"Dallas, TX HUD Metro FMR Area",1p4c,2361,1207,1624,1307,1108,1950,1991,11546,28332,14484,19485,15681,13293,23395,23886,138556,107511.3385,1,55,70,31
3306,TX,"Dallas, TX HUD Metro FMR Area",2p0c,1606,627,1259,917,693,0,857,5960,19272,7527,15113,11003,8320,0,10279,71515,107511.3385,1,55,70,31
3306,TX,"Dallas, TX HUD Metro FMR Area",2p1c,1884,778,1377,1177,827,875,1027,7945,22608,9339,16521,14125,9919,10495,12328,95335,107511.3385,1,55,70,31
3306,TX,"Dallas, TX HUD Metro FMR Area",2p2c,1884,990,1455,1437,892,1697,1183,9538,22608,11876,17457,17247,10706,20360,14200,114454,107511.3385,1,55,70,31
3306,TX,"Dallas, TX HUD Metro FMR Area",2p3c,2361,1207,1573,1697,1108,1950,1533,11430,28332,14489,18881,20368,13295,23395,18398,137158,107511.3385,1,55,70,31
3306,TX,"Dallas, TX HUD Metro FMR Area",2p4c,2361,1478,1618,1765,1192,1950,1731,12094,28332,17734,19412,21182,14302,23395,20773,145131,107511.3385,1,55,70,31
3307,TX,"Fort Worth-Arlington, TX HUD Metro FMR Area",1p0c,1371,334,1033,472,529,0,723,4462,16452,4012,12392,5663,6353,0,8673,53545,99749.21105,1,60,48,49
3307,TX,"Fort Worth-Arlington, TX HUD Metro FMR Area",1p1c,1705,490,1324,740,682,906,934,6780,20460,5883,15889,8881,8179,10867,11205,81364,99749.21105,1,60,48,49
3307,TX,"Fort Worth-Arlington, TX HUD Metro FMR Area",1p2c,1705,723,1450,1008,754,1755,1247,8643,20460,8675,17405,12098,9046,21065,14968,103718,99749.21105,1,60,48,49
3307,TX,"Fort Worth-Arlington, TX HUD Metro FMR Area",1p3c,2256,963,1536,1276,1000,2017,1753,10801,27072,11560,18432,15316,11994,24203,21034,129611,99749.21105,1,60,48,49
3307,TX,"Fort Worth-Arlington, TX HUD Metro FMR Area",1p4c,2256,1179,1597,1345,1067,2017,1946,11406,27072,14153,19158,16142,12799,24203,23349,136877,99749.21105,1,60,48,49
3307,TX,"Fort Worth-Arlington, TX HUD Metro FMR Area",2p0c,1461,613,1284,944,644,0,818,5763,17532,7355,15406,11325,7727,0,9816,69161,99749.21105,1,60,48,49
3307,TX,"Fort Worth-Arlington, TX HUD Metro FMR Area",2p1c,1705,761,1404,1212,766,906,987,7740,20460,9126,16851,14543,9186,10867,11845,92877,99749.21105,1,60,48,49
3307,TX,"Fort Worth-Arlington, TX HUD Metro FMR Area",2p2c,1705,967,1485,1480,830,1755,1139,9361,20460,11605,17823,17761,9955,21065,13662,112332,99749.21105,1,60,48,49
3307,TX,"Fort Worth-Arlington, TX HUD Metro FMR Area",2p3c,2256,1180,1542,1748,1067,2017,1497,11307,27072,14158,18508,20979,12801,24203,17958,135678,99749.21105,1,60,48,49
3307,TX,"Fort Worth-Arlington, TX HUD Metro FMR Area",2p4c,2256,1444,1587,1817,1149,2017,1692,11962,27072,17329,19049,21805,13785,24203,20300,143543,99749.21105,1,60,48,49
3308,TX,"Wise County, TX HUD Metro FMR Area",1p0c,974,335,1188,508,406,0,639,4050,11688,4015,14259,6101,4876,0,7667,48605,103720,0,,,
3308,TX,"Wise County, TX HUD Metro FMR Area",1p1c,1196,491,1444,798,524,862,751,6065,14352,5888,17326,9581,6284,10342,9011,72783,103720,0,,,
3308,TX,"Wise County, TX HUD Metro FMR Area",1p2c,1196,724,1651,1088,596,1668,1045,7967,14352,8683,19808,13061,7152,20014,12539,95609,103720,0,,,
3308,TX,"Wise County, TX HUD Metro FMR Area",1p3c,1676,964,1749,1378,820,1916,1503,10007,20112,11570,20993,16541,9836,22990,18038,120082,103720,0,,,
3308,TX,"Wise County, TX HUD Metro FMR Area",1p4c,1676,1181,1820,1450,887,1916,1698,10628,20112,14166,21843,17399,10642,22990,20379,127532,103720,0,,,
3308,TX,"Wise County, TX HUD Metro FMR Area",2p0c,1006,614,1388,1017,503,0,716,5242,12072,7362,16651,12201,6034,0,8586,62906,103720,0,,,
3308,TX,"Wise County, TX HUD Metro FMR Area",2p1c,1196,761,1587,1307,608,862,881,7201,14352,9134,19041,15682,7292,10342,10575,86417,103720,0,,,
3308,TX,"Wise County, TX HUD Metro FMR Area",2p2c,1196,968,1680,1597,672,1668,992,8772,14352,11616,20156,19162,8062,20014,11906,105269,103720,0,,,
3308,TX,"Wise County, TX HUD Metro FMR Area",2p3c,1676,1181,1746,1887,887,1916,1278,10570,20112,14171,20952,22642,10644,22990,15331,126842,103720,0,,,
3308,TX,"Wise County, TX HUD Metro FMR Area",2p4c,1676,1445,1799,1958,969,1916,1477,11241,20112,17345,21587,23500,11629,22990,17722,134887,103720,0,,,
3309,GA,"Dalton, GA HUD Metro FMR Area",1p0c,754,326,1125,456,335,0,738,3735,9048,3912,13500,5474,4024,0,8861,44817,73554,0,,,
3309,GA,"Dalton, GA HUD Metro FMR Area",1p1c,1100,478,1326,715,490,647,889,5646,13200,5736,15915,8579,5879,7765,10672,67746,73554,0,,,
3309,GA,"Dalton, GA HUD Metro FMR Area",1p2c,1100,705,1442,974,560,1002,975,6758,13200,8458,17298,11683,6724,12024,11705,81093,73554,0,,,
3309,GA,"Dalton, GA HUD Metro FMR Area",1p3c,1435,939,1526,1232,737,1111,1317,8297,17220,11271,18306,14788,8846,13334,15798,99563,73554,0,,,
3309,GA,"Dalton, GA HUD Metro FMR Area",1p4c,1435,1150,1587,1300,803,1111,1519,8905,17220,13800,19043,15600,9631,13334,18233,106861,73554,0,,,
3309,GA,"Dalton, GA HUD Metro FMR Area",2p0c,838,598,1275,912,446,0,841,4909,10056,7171,15301,10947,5349,0,10088,58912,73554,0,,,
3309,GA,"Dalton, GA HUD Metro FMR Area",2p1c,1100,742,1384,1171,572,647,1031,6646,13200,8898,16604,14052,6861,7765,12376,79756,73554,0,,,
3309,GA,"Dalton, GA HUD Metro FMR Area",2p2c,1100,943,1462,1430,634,1002,1020,7592,13200,11315,17549,17157,7611,12024,12245,91101,73554,0,,,
3309,GA,"Dalton, GA HUD Metro FMR Area",2p3c,1435,1150,1520,1689,803,1111,1189,8896,17220,13804,18237,20262,9632,13334,14263,106752,73554,0,,,
3309,GA,"Dalton, GA HUD Metro FMR Area",2p4c,1435,1408,1638,1756,883,1111,1408,9639,17220,16896,19656,21074,10592,13334,16890,115663,73554,0,,,
3310,GA,"Murray County, GA HUD Metro FMR Area",1p0c,676,333,1178,456,313,0,725,3681,8112,3992,14140,5474,3758,0,8696,44172,75358,0,,,
3310,GA,"Murray County, GA HUD Metro FMR Area",1p1c,975,488,1392,715,454,647,860,5532,11700,5854,16708,8579,5450,7765,10323,66379,75358,0,,,
3310,GA,"Murray County, GA HUD Metro FMR Area",1p2c,975,719,1516,974,526,1002,942,6655,11700,8633,18197,11683,6313,12024,11307,79858,75358,0,,,
3310,GA,"Murray County, GA HUD Metro FMR Area",1p3c,1366,959,1608,1232,722,1111,1326,8324,16392,11504,19292,14788,8661,13334,15913,99884,75358,0,,,
3310,GA,"Murray County, GA HUD Metro FMR Area",1p4c,1366,1174,1675,1300,789,1111,1536,8951,16392,14085,20097,15600,9462,13334,18436,107407,75358,0,,,
3310,GA,"Murray County, GA HUD Metro FMR Area",2p0c,809,610,1334,912,441,0,854,4960,9708,7319,16013,10947,5287,0,10242,59516,75358,0,,,
3310,GA,"Murray County, GA HUD Metro FMR Area",2p1c,975,757,1451,1171,538,647,1005,6544,11700,9082,17415,14052,6452,7765,12063,78529,75358,0,,,
3310,GA,"Murray County, GA HUD Metro FMR Area",2p2c,975,962,1537,1430,602,1002,999,7506,11700,11549,18440,17157,7218,12024,11983,90071,75358,0,,,
3310,GA,"Murray County, GA HUD Metro FMR Area",2p3c,1366,1174,1599,1689,789,1111,1198,8925,16392,14089,19191,20262,9464,13334,14372,107104,75358,0,,,
3310,GA,"Murray County, GA HUD Metro FMR Area",2p4c,1366,1437,1725,1756,870,1111,1424,9690,16392,17245,20699,21074,10443,13334,17088,116276,75358,0,,,
3311,IL,"Danville, IL MSA",1p0c,686,329,1038,692,315,0,777,3836,8232,3946,12450,8302,3781,0,9323,46034,75464,0,,,
3311,IL,"Danville, IL MSA",1p1c,1001,482,1286,1091,461,634,990,5945,12012,5787,15430,13096,5526,7604,11885,71339,75464,0,,,
3311,IL,"Danville, IL MSA",1p2c,1001,711,1484,1491,532,821,1155,7194,12012,8533,17802,17889,6379,9855,13859,86330,75464,0,,,
3311,IL,"Danville, IL MSA",1p3c,1222,948,1582,1890,674,879,1483,8678,14664,11371,18984,22683,8083,10548,17801,104135,75464,0,,,
3311,IL,"Danville, IL MSA",1p4c,1222,1160,1653,1973,740,879,1712,9338,14664,13922,19830,23680,8875,10548,20543,112061,75464,0,,,
3311,IL,"Danville, IL MSA",2p0c,763,603,1234,1384,424,0,998,5405,9156,7235,14810,16604,5089,0,11971,64865,75464,0,,,
3311,IL,"Danville, IL MSA",2p1c,1001,748,1425,1783,543,634,1257,7391,12012,8977,17094,21398,6516,7604,15085,88686,75464,0,,,
3311,IL,"Danville, IL MSA",2p2c,1001,951,1518,2183,606,821,1261,8341,12012,11416,18211,26191,7274,9855,15132,100091,75464,0,,,
3311,IL,"Danville, IL MSA",2p3c,1222,1161,1584,2582,740,879,1466,9633,14664,13926,19005,30985,8877,10548,17588,115592,75464,0,,,
3311,IL,"Danville, IL MSA",2p4c,1222,1421,1637,2665,820,879,1677,10321,14664,17046,19645,31982,9845,10548,20125,123855,75464,0,,,
3312,AL,"Daphne-Fairhope-Foley, AL MSA",1p0c,972,386,1126,475,422,0,838,4218,11664,4627,13514,5699,5058,0,10056,50619,92918,0,,,
3312,AL,"Daphne-Fairhope-Foley, AL MSA",1p1c,1244,565,1455,706,562,623,1013,6168,14928,6785,17459,8472,6741,7476,12153,74014,92918,0,,,
3312,AL,"Daphne-Fairhope-Foley, AL MSA",1p2c,1244,834,1601,937,645,1188,1300,7749,14928,10005,19216,11245,7741,14255,15603,92993,92918,0,,,
3312,AL,"Daphne-Fairhope-Foley, AL MSA",1p3c,1550,1111,1701,1168,826,1362,1705,9423,18600,13332,20410,14017,9914,16340,20458,113072,92918,0,,,
3312,AL,"Daphne-Fairhope-Foley, AL MSA",1p4c,1550,1360,1771,1209,904,1362,1939,10095,18600,16323,21255,14508,10843,16340,23272,121142,92918,0,,,
3312,AL,"Daphne-Fairhope-Foley, AL MSA",2p0c,1043,707,1400,950,543,0,1020,5663,12516,8483,16801,11398,6520,0,12239,67957,92918,0,,,
3312,AL,"Daphne-Fairhope-Foley, AL MSA",2p1c,1244,877,1539,1181,659,623,1204,7327,14928,10525,18472,14171,7903,7476,14448,87922,92918,0,,,
3312,AL,"Daphne-Fairhope-Foley, AL MSA",2p2c,1244,1115,1633,1412,733,1188,1302,8628,14928,13385,19601,16944,8790,14255,15628,103530,92918,0,,,
3312,AL,"Daphne-Fairhope-Foley, AL MSA",2p3c,1550,1361,1700,1643,904,1362,1585,10103,18600,16329,20397,19716,10844,16340,19014,121241,92918,0,,,
3312,AL,"Daphne-Fairhope-Foley, AL MSA",2p4c,1550,1666,1752,1684,998,1362,1807,10819,18600,19986,21027,20207,11980,16340,21681,129822,92918,0,,,
3313,IA,"Davenport-Moline-Rock Island, IA-IL MSA",1p0c,707,345,1031,483,327,0,682,3575,8484,4137,12374,5791,3918,0,8189,42894,93333.99009,,,,
3313,IA,"Davenport-Moline-Rock Island, IA-IL MSA",1p1c,1025,506,1269,757,475,822,944,5798,12300,6066,15231,9082,5702,9864,11325,69570,93333.99009,,,,
3313,IA,"Davenport-Moline-Rock Island, IA-IL MSA",1p2c,1025,745,1458,1031,550,1215,1189,7213,12300,8945,17495,12373,6596,14583,14268,86561,93333.99009,,,,
3313,IA,"Davenport-Moline-Rock Island, IA-IL MSA",1p3c,1336,993,1549,1305,723,1336,1623,8866,16032,11920,18585,15664,8678,16035,19474,106388,93333.99009,,,,
3313,IA,"Davenport-Moline-Rock Island, IA-IL MSA",1p4c,1336,1216,1613,1373,792,1336,1877,9544,16032,14594,19359,16476,9508,16035,22524,114530,93333.99009,,,,
3313,IA,"Davenport-Moline-Rock Island, IA-IL MSA",2p0c,831,632,1222,965,454,0,807,4911,9972,7584,14658,11583,5451,0,9679,58926,93333.99009,,,,
3313,IA,"Davenport-Moline-Rock Island, IA-IL MSA",2p1c,1025,784,1404,1239,562,822,1101,6937,12300,9410,16846,14873,6740,9864,13214,83248,93333.99009,,,,
3313,IA,"Davenport-Moline-Rock Island, IA-IL MSA",2p2c,1025,997,1490,1514,628,1215,1167,8036,12300,11967,17878,18164,7534,14583,14007,96433,93333.99009,,,,
3313,IA,"Davenport-Moline-Rock Island, IA-IL MSA",2p3c,1336,1217,1551,1788,793,1336,1402,9422,16032,14599,18609,21455,9510,16035,16827,113068,93333.99009,,,,
3313,IA,"Davenport-Moline-Rock Island, IA-IL MSA",2p4c,1336,1489,1599,1856,877,1336,1625,10119,16032,17869,19191,22268,10525,16035,19502,121422,93333.99009,,,,
3314,IL,"Davenport-Moline-Rock Island, IA-IL MSA",1p0c,707,345,1031,483,327,0,722,3614,8484,4137,12374,5791,3918,0,8666,43371,93333.99009,0,,,
3314,IL,"Davenport-Moline-Rock Island, IA-IL MSA",1p1c,1025,506,1269,757,475,822,957,5811,12300,6066,15231,9082,5702,9864,11489,69734,93333.99009,0,,,
3314,IL,"Davenport-Moline-Rock Island, IA-IL MSA",1p2c,1025,745,1458,1031,550,1215,1148,7172,12300,8945,17495,12373,6596,14583,13773,86066,93333.99009,0,,,
3314,IL,"Davenport-Moline-Rock Island, IA-IL MSA",1p3c,1336,993,1549,1305,723,1336,1510,8752,16032,11920,18585,15664,8678,16035,18115,105029,93333.99009,0,,,
3314,IL,"Davenport-Moline-Rock Island, IA-IL MSA",1p4c,1336,1216,1613,1373,792,1336,1735,9403,16032,14594,19359,16476,9508,16035,20824,112830,93333.99009,0,,,
3314,IL,"Davenport-Moline-Rock Island, IA-IL MSA",2p0c,831,632,1222,965,454,0,898,5002,9972,7584,14658,11583,5451,0,10776,60023,93333.99009,0,,,
3314,IL,"Davenport-Moline-Rock Island, IA-IL MSA",2p1c,1025,784,1404,1239,562,822,1160,6996,12300,9410,16846,14873,6740,9864,13915,83949,93333.99009,0,,,
3314,IL,"Davenport-Moline-Rock Island, IA-IL MSA",2p2c,1025,997,1490,1514,628,1215,1192,8061,12300,11967,17878,18164,7534,14583,14303,96730,93333.99009,0,,,
3314,IL,"Davenport-Moline-Rock Island, IA-IL MSA",2p3c,1336,1217,1551,1788,793,1336,1398,9418,16032,14599,18609,21455,9510,16035,16779,113019,93333.99009,0,,,
3314,IL,"Davenport-Moline-Rock Island, IA-IL MSA",2p4c,1336,1489,1599,1856,877,1336,1605,10098,16032,17869,19191,22268,10525,16035,19255,121175,93333.99009,0,,,
3315,OH,"Dayton-Kettering, OH MSA",1p0c,780,338,982,432,347,0,580,3461,9360,4061,11784,5189,4167,0,6965,41526,91978.12275,1,90,60,73
3315,OH,"Dayton-Kettering, OH MSA",1p1c,1077,496,1214,677,488,1115,832,5900,12924,5955,14573,8120,5861,13380,9986,70799,91978.12275,1,90,60,73
3315,OH,"Dayton-Kettering, OH MSA",1p2c,1077,732,1399,921,562,1842,1137,7669,12924,8781,16793,11051,6739,22098,13644,92029,91978.12275,1,90,60,73
3315,OH,"Dayton-Kettering, OH MSA",1p3c,1390,975,1490,1165,734,2065,1532,9352,16680,11701,17880,13982,8811,24780,18387,112220,91978.12275,1,90,60,73
3315,OH,"Dayton-Kettering, OH MSA",1p4c,1390,1194,1554,1229,802,2065,1747,9982,16680,14325,18652,14750,9626,24780,20966,119779,91978.12275,1,90,60,73
3315,OH,"Dayton-Kettering, OH MSA",2p0c,845,620,1171,865,455,0,668,4624,10140,7445,14047,10379,5460,0,8015,55485,91978.12275,1,90,60,73
3315,OH,"Dayton-Kettering, OH MSA",2p1c,1077,770,1350,1109,573,1115,984,6978,12924,9237,16196,13310,6880,13380,11806,83733,91978.12275,1,90,60,73
3315,OH,"Dayton-Kettering, OH MSA",2p2c,1077,979,1436,1353,638,1842,1083,8408,12924,11747,17230,16240,7660,22098,12995,100893,91978.12275,1,90,60,73
3315,OH,"Dayton-Kettering, OH MSA",2p3c,1390,1194,1497,1598,802,2065,1337,9882,16680,14330,17961,19171,9628,24780,16039,118589,91978.12275,1,90,60,73
3315,OH,"Dayton-Kettering, OH MSA",2p4c,1390,1462,1546,1662,885,2065,1527,10537,16680,17540,18547,19939,10624,24780,18328,126439,91978.12275,1,90,60,73
3316,AL,"Decatur, AL MSA",1p0c,726,343,1100,475,332,0,713,3688,8712,4110,13197,5699,3981,0,8550,44250,81210.11935,0,,,
3316,AL,"Decatur, AL MSA",1p1c,923,502,1346,706,443,643,824,5387,11076,6027,16155,8472,5310,7717,9888,64645,81210.11935,0,,,
3316,AL,"Decatur, AL MSA",1p2c,923,741,1482,937,517,1214,1010,6824,11076,8888,17789,11245,6198,14573,12120,81888,81210.11935,0,,,
3316,AL,"Decatur, AL MSA",1p3c,1214,987,1647,1168,683,1390,1377,8467,14568,11844,19769,14017,8200,16682,16520,101600,81210.11935,0,,,
3316,AL,"Decatur, AL MSA",1p4c,1214,1208,1719,1209,752,1390,1582,9075,14568,14500,20632,14508,9025,16682,18986,108901,81210.11935,0,,,
3316,AL,"Decatur, AL MSA",2p0c,756,628,1295,950,430,0,838,4896,9072,7536,15535,11398,5156,0,10054,58751,81210.11935,0,,,
3316,AL,"Decatur, AL MSA",2p1c,923,779,1423,1181,529,643,1004,6481,11076,9350,17075,14171,6342,7717,12044,77774,81210.11935,0,,,
3316,AL,"Decatur, AL MSA",2p2c,923,991,1582,1412,594,1214,1113,7830,11076,11890,18982,16944,7130,14573,13358,93954,81210.11935,0,,,
3316,AL,"Decatur, AL MSA",2p3c,1214,1209,1649,1643,752,1390,1299,9156,14568,14505,19789,19716,9026,16682,15586,109874,81210.11935,0,,,
3316,AL,"Decatur, AL MSA",2p4c,1214,1480,1703,1684,836,1390,1489,9796,14568,17754,20439,20207,10035,16682,17869,117556,81210.11935,0,,,
3317,IL,"Decatur, IL MSA",1p0c,765,334,1006,602,341,0,773,3821,9180,4004,12071,7223,4093,0,9277,45848,84901,0,,,
3317,IL,"Decatur, IL MSA",1p1c,1000,489,1227,948,462,972,1038,6136,12000,5871,14727,11371,5549,11660,12450,73628,84901,0,,,
3317,IL,"Decatur, IL MSA",1p2c,1000,722,1408,1293,535,1170,1198,7325,12000,8658,16893,15519,6414,14045,14376,87905,84901,0,,,
3317,IL,"Decatur, IL MSA",1p3c,1319,961,1496,1639,708,1232,1571,8927,15828,11537,17956,19667,8496,14778,18855,107118,84901,0,,,
3317,IL,"Decatur, IL MSA",1p4c,1319,1177,1560,1715,775,1232,1799,9577,15828,14125,18715,20584,9300,14778,21593,114924,84901,0,,,
3317,IL,"Decatur, IL MSA",2p0c,803,612,1180,1204,439,0,942,5179,9636,7341,14155,14446,5271,0,11301,62149,84901,0,,,
3317,IL,"Decatur, IL MSA",2p1c,1000,759,1354,1550,546,972,1273,7453,12000,9108,16253,18594,6553,11660,15271,89438,84901,0,,,
3317,IL,"Decatur, IL MSA",2p2c,1000,965,1439,1895,610,1170,1261,8341,12000,11582,17264,22742,7322,14045,15131,100086,84901,0,,,
3317,IL,"Decatur, IL MSA",2p3c,1319,1178,1499,2241,775,1232,1501,9743,15828,14130,17984,26889,9301,14778,18008,116919,84901,0,,,
3317,IL,"Decatur, IL MSA",2p4c,1319,1441,1547,2317,857,1232,1711,10424,15828,17295,18566,27807,10284,14778,20528,125087,84901,0,,,
3318,FL,"Deltona-Daytona Beach-Ormond Beach, FL HUD Metro FMR Area",1p0c,1178,369,980,474,480,0,656,4138,14136,4431,11762,5686,5765,0,7873,49652,79459,0,,,
3318,FL,"Deltona-Daytona Beach-Ormond Beach, FL HUD Metro FMR Area",1p1c,1718,541,1189,743,702,760,866,6519,20616,6497,14263,8918,8418,9125,10390,78227,79459,0,,,
3318,FL,"Deltona-Daytona Beach-Ormond Beach, FL HUD Metro FMR Area",1p2c,1718,798,1306,1012,781,1343,1061,8020,20616,9581,15673,12149,9375,16121,12728,96243,79459,0,,,
3318,FL,"Deltona-Daytona Beach-Ormond Beach, FL HUD Metro FMR Area",1p3c,2260,1064,1451,1282,1032,1523,1553,10164,27120,12767,17414,15381,12384,18274,18630,121970,79459,0,,,
3318,FL,"Deltona-Daytona Beach-Ormond Beach, FL HUD Metro FMR Area",1p4c,2260,1303,1515,1351,1106,1523,1757,10814,27120,15631,18175,16209,13273,18274,21083,129765,79459,0,,,
3318,FL,"Deltona-Daytona Beach-Ormond Beach, FL HUD Metro FMR Area",2p0c,1404,677,1142,948,646,0,787,5604,16848,8123,13707,11372,7753,0,9439,67242,79459,0,,,
3318,FL,"Deltona-Daytona Beach-Ormond Beach, FL HUD Metro FMR Area",2p1c,1718,840,1254,1217,794,760,946,7529,20616,10079,15051,14604,9530,9125,11348,90353,79459,0,,,
3318,FL,"Deltona-Daytona Beach-Ormond Beach, FL HUD Metro FMR Area",2p2c,1718,1068,1395,1486,865,1343,1023,8899,20616,12817,16742,17835,10380,16121,12280,106792,79459,0,,,
3318,FL,"Deltona-Daytona Beach-Ormond Beach, FL HUD Metro FMR Area",2p3c,2260,1303,1455,1756,1106,1523,1324,10727,27120,15637,17463,21067,13275,18274,15891,128726,79459,0,,,
3318,FL,"Deltona-Daytona Beach-Ormond Beach, FL HUD Metro FMR Area",2p4c,2260,1595,1504,1825,1197,1523,1536,11439,27120,19139,18050,21895,14362,18274,18432,137273,79459,0,,,
3319,FL,"Palm Coast, FL HUD Metro FMR Area",1p0c,1323,389,1045,526,531,0,750,4565,15876,4662,12542,6317,6376,0,9001,54774,85146,0,,,
3319,FL,"Palm Coast, FL HUD Metro FMR Area",1p1c,1693,570,1296,827,703,862,971,6921,20316,6836,15554,9926,8430,10342,11651,83054,85146,0,,,
3319,FL,"Palm Coast, FL HUD Metro FMR Area",1p2c,1693,840,1437,1128,786,1369,1185,8438,20316,10080,17239,13535,9437,16425,14219,101251,85146,0,,,
3319,FL,"Palm Coast, FL HUD Metro FMR Area",1p3c,2319,1119,1602,1429,1068,1525,1759,10821,27828,13432,19227,17144,12810,18297,21109,129848,85146,0,,,
3319,FL,"Palm Coast, FL HUD Metro FMR Area",1p4c,2319,1371,1677,1502,1146,1525,1982,11520,27828,16446,20119,18018,13746,18297,23785,138239,85146,0,,,
3319,FL,"Palm Coast, FL HUD Metro FMR Area",2p0c,1332,712,1245,1053,635,0,826,5803,15984,8546,14944,12633,7616,0,9909,69632,85146,0,,,
3319,FL,"Palm Coast, FL HUD Metro FMR Area",2p1c,1693,884,1377,1354,800,862,1040,8009,20316,10604,16520,16242,9600,10342,12479,96103,85146,0,,,
3319,FL,"Palm Coast, FL HUD Metro FMR Area",2p2c,1693,1124,1535,1654,875,1369,1148,9398,20316,13485,18425,19851,10494,16425,13773,112770,85146,0,,,
3319,FL,"Palm Coast, FL HUD Metro FMR Area",2p3c,2319,1371,1604,1955,1146,1525,1543,11463,27828,16451,19253,23461,13747,18297,18516,137553,85146,0,,,
3319,FL,"Palm Coast, FL HUD Metro FMR Area",2p4c,2319,1678,1660,2028,1241,1525,1768,12219,27828,20136,19923,24335,14891,18297,21220,146631,85146,0,,,
3320,CO,"Denver-Aurora-Lakewood, CO MSA",1p0c,1639,384,1047,436,628,0,1122,5256,19668,4608,12565,5230,7537,0,13464,63071,126753.7186,1,15,65,12
3320,CO,"Denver-Aurora-Lakewood, CO MSA",1p1c,2140,563,1306,692,839,1515,1870,8925,25680,6756,15668,8306,10071,18174,22445,107100,126753.7186,1,15,65,12
3320,CO,"Denver-Aurora-Lakewood, CO MSA",1p2c,2140,830,1436,949,922,2744,2645,11666,25680,9963,17235,11382,11066,32926,31736,139988,126753.7186,1,15,65,12
3320,CO,"Denver-Aurora-Lakewood, CO MSA",1p3c,2794,1106,1585,1205,1211,3122,3325,14348,33528,13276,19016,14458,14531,37465,39895,172170,126753.7186,1,15,65,12
3320,CO,"Denver-Aurora-Lakewood, CO MSA",1p4c,2794,1355,1647,1279,1288,3122,3533,15018,33528,16254,19760,15353,15456,37465,42393,180210,126753.7186,1,15,65,12
3320,CO,"Denver-Aurora-Lakewood, CO MSA",2p0c,1789,704,1264,872,774,0,1160,6562,21468,8447,15162,10459,9288,0,13914,78738,126753.7186,1,15,65,12
3320,CO,"Denver-Aurora-Lakewood, CO MSA",2p1c,2140,873,1389,1128,936,1515,1773,9753,25680,10481,16663,13535,11227,18174,21272,117032,126753.7186,1,15,65,12
3320,CO,"Denver-Aurora-Lakewood, CO MSA",2p2c,2140,1111,1533,1384,1009,2744,2433,12354,25680,13328,18395,16612,12111,32926,29194,148247,126753.7186,1,15,65,12
3320,CO,"Denver-Aurora-Lakewood, CO MSA",2p3c,2794,1355,1592,1641,1288,3122,3132,14924,33528,16260,19103,19688,15458,37465,37586,179088,126753.7186,1,15,65,12
3320,CO,"Denver-Aurora-Lakewood, CO MSA",2p4c,2794,1659,1638,1715,1382,3122,3406,15716,33528,19902,19655,20583,16589,37465,40874,188596,126753.7186,1,15,65,12
3321,IA,"Jasper County, IA HUD Metro FMR Area",1p0c,707,341,1130,391,326,0,683,3578,8484,4096,13557,4689,3906,0,8198,42930,88171,0,,,
3321,IA,"Jasper County, IA HUD Metro FMR Area",1p1c,920,501,1391,610,441,698,840,5401,11040,6007,16692,7320,5293,8371,10085,64808,88171,0,,,
3321,IA,"Jasper County, IA HUD Metro FMR Area",1p2c,920,738,1597,829,515,1256,1103,6958,11040,8858,19165,9951,6178,15069,13238,83498,88171,0,,,
3321,IA,"Jasper County, IA HUD Metro FMR Area",1p3c,1265,984,1697,1049,698,1427,1551,8671,15180,11803,20366,12582,8377,17129,18616,104053,88171,0,,,
3321,IA,"Jasper County, IA HUD Metro FMR Area",1p4c,1265,1204,1768,1109,767,1427,1798,9340,15180,14451,21220,13313,9200,17129,21581,112074,88171,0,,,
3321,IA,"Jasper County, IA HUD Metro FMR Area",2p0c,711,626,1333,782,415,0,730,4596,8532,7510,15995,9378,4981,0,8757,55152,88171,0,,,
3321,IA,"Jasper County, IA HUD Metro FMR Area",2p1c,920,777,1530,1001,527,698,972,6424,11040,9318,18364,12009,6321,8371,11665,77088,88171,0,,,
3321,IA,"Jasper County, IA HUD Metro FMR Area",2p2c,920,987,1624,1220,592,1256,1076,7675,11040,11849,19486,14640,7107,15069,12915,92105,88171,0,,,
3321,IA,"Jasper County, IA HUD Metro FMR Area",2p3c,1265,1205,1690,1439,767,1427,1299,9093,15180,14456,20280,17271,9201,17129,15593,109110,88171,0,,,
3321,IA,"Jasper County, IA HUD Metro FMR Area",2p4c,1265,1475,1743,1500,851,1427,1511,9772,15180,17694,20914,18002,10206,17129,18136,117263,88171,0,,,
3322,IA,"Des Moines-West Des Moines, IA HUD Metro FMR Area",1p0c,954,366,1091,377,410,0,785,3983,11448,4390,13086,4529,4917,0,9425,47796,108603.9584,1,93,100,30
3322,IA,"Des Moines-West Des Moines, IA HUD Metro FMR Area",1p1c,1216,537,1340,589,544,775,996,5997,14592,6438,16085,7064,6529,9303,11948,71959,108603.9584,1,93,100,30
3322,IA,"Des Moines-West Des Moines, IA HUD Metro FMR Area",1p2c,1216,791,1468,800,623,1395,1330,7624,14592,9494,17615,9599,7478,16745,15960,91483,108603.9584,1,93,100,30
3322,IA,"Des Moines-West Des Moines, IA HUD Metro FMR Area",1p3c,1632,1054,1553,1011,834,1586,1885,9556,19584,12651,18637,12134,10008,19035,22625,114674,108603.9584,1,93,100,30
3322,IA,"Des Moines-West Des Moines, IA HUD Metro FMR Area",1p4c,1632,1291,1678,1071,907,1586,2174,10340,19584,15489,20137,12853,10889,19035,26093,124080,108603.9584,1,93,100,30
3322,IA,"Des Moines-West Des Moines, IA HUD Metro FMR Area",2p0c,1017,671,1293,755,524,0,858,5117,12204,8049,15516,9057,6288,0,10291,61405,108603.9584,1,93,100,30
3322,IA,"Des Moines-West Des Moines, IA HUD Metro FMR Area",2p1c,1216,832,1415,966,636,775,1103,6943,14592,9987,16974,11592,7631,9303,13230,83310,108603.9584,1,93,100,30
3322,IA,"Des Moines-West Des Moines, IA HUD Metro FMR Area",2p2c,1216,1058,1495,1177,706,1395,1228,8276,14592,12700,17944,14127,8474,16745,14734,99316,108603.9584,1,93,100,30
3322,IA,"Des Moines-West Des Moines, IA HUD Metro FMR Area",2p3c,1632,1291,1617,1389,908,1586,1596,10018,19584,15494,19404,16662,10891,19035,19149,120219,108603.9584,1,93,100,30
3322,IA,"Des Moines-West Des Moines, IA HUD Metro FMR Area",2p4c,1632,1580,1663,1449,997,1586,1835,10742,19584,18964,19954,17382,11968,19035,22018,128905,108603.9584,1,93,100,30
3323,MI,"Detroit-Warren-Livonia, MI HUD Metro FMR Area",1p0c,991,351,973,366,417,0,656,3754,11892,4214,11672,4396,5001,0,7871,45046,96545.45296,1,84,76,61
3323,MI,"Detroit-Warren-Livonia, MI HUD Metro FMR Area",1p1c,1378,515,1263,571,588,861,969,6145,16536,6180,15153,6852,7053,10337,11626,73737,96545.45296,1,84,76,61
3323,MI,"Detroit-Warren-Livonia, MI HUD Metro FMR Area",1p2c,1378,759,1393,776,664,1626,1309,7904,16536,9113,16720,9308,7963,19508,15703,94853,96545.45296,1,84,76,61
3323,MI,"Detroit-Warren-Livonia, MI HUD Metro FMR Area",1p3c,1688,1012,1483,980,838,1861,1697,9559,20256,12143,17797,11764,10059,22330,20361,114711,96545.45296,1,84,76,61
3323,MI,"Detroit-Warren-Livonia, MI HUD Metro FMR Area",1p4c,1688,1239,1547,1040,909,1861,1903,10185,20256,14868,18558,12474,10905,22330,22832,122223,96545.45296,1,84,76,61
3323,MI,"Detroit-Warren-Livonia, MI HUD Metro FMR Area",2p0c,1090,644,1221,733,538,0,821,5047,13080,7726,14654,8793,6460,0,9849,60563,96545.45296,1,84,76,61
3323,MI,"Detroit-Warren-Livonia, MI HUD Metro FMR Area",2p1c,1378,799,1346,937,676,861,1108,7105,16536,9587,16147,11249,8110,10337,13291,85256,96545.45296,1,84,76,61
3323,MI,"Detroit-Warren-Livonia, MI HUD Metro FMR Area",2p2c,1378,1016,1431,1142,743,1626,1214,8550,16536,12191,17168,13705,8919,19508,14569,102595,96545.45296,1,84,76,61
3323,MI,"Detroit-Warren-Livonia, MI HUD Metro FMR Area",2p3c,1688,1239,1491,1347,909,1861,1465,10000,20256,14873,17887,16160,10906,22330,17584,119996,96545.45296,1,84,76,61
3323,MI,"Detroit-Warren-Livonia, MI HUD Metro FMR Area",2p4c,1688,1517,1604,1406,995,1861,1684,10754,20256,18204,19244,16870,11941,22330,20206,129051,96545.45296,1,84,76,61
3324,MI,"Livingston County, MI HUD Metro FMR Area",1p0c,968,365,1224,432,414,0,767,4170,11616,4385,14683,5184,4968,0,9206,50041,119608,0,,,
3324,MI,"Livingston County, MI HUD Metro FMR Area",1p1c,1411,536,1532,676,604,882,1200,6840,16932,6430,18378,8112,7253,10587,14394,82085,119608,0,,,
3324,MI,"Livingston County, MI HUD Metro FMR Area",1p2c,1411,790,1687,920,683,1545,1539,8575,16932,9481,20247,11039,8201,18534,18464,102900,119608,0,,,
3324,MI,"Livingston County, MI HUD Metro FMR Area",1p3c,1972,1053,1862,1164,939,1748,2175,10913,23664,12634,22343,13967,11270,20980,26101,130957,119608,0,,,
3324,MI,"Livingston County, MI HUD Metro FMR Area",1p4c,1972,1289,1936,1228,1013,1748,2397,11583,23664,15469,23232,14734,12150,20980,28765,138993,119608,0,,,
3324,MI,"Livingston County, MI HUD Metro FMR Area",2p0c,1216,670,1475,864,586,0,1034,5844,14592,8039,17700,10368,7026,0,12406,70131,119608,0,,,
3324,MI,"Livingston County, MI HUD Metro FMR Area",2p1c,1411,831,1622,1108,696,882,1282,7833,16932,9974,19462,13296,8354,10587,15385,93990,119608,0,,,
3324,MI,"Livingston County, MI HUD Metro FMR Area",2p2c,1411,1057,1790,1352,766,1545,1458,9378,16932,12684,21478,16223,9195,18534,17492,112538,119608,0,,,
3324,MI,"Livingston County, MI HUD Metro FMR Area",2p3c,1972,1290,1859,1596,1013,1748,1917,11394,23664,15474,22307,19151,12151,20980,23004,136730,119608,0,,,
3324,MI,"Livingston County, MI HUD Metro FMR Area",2p4c,1972,1578,1913,1660,1102,1748,2146,12120,23664,18940,22952,19919,13227,20980,25754,145435,119608,0,,,
3325,AL,"Dothan, AL HUD Metro FMR Area",1p0c,718,356,1086,463,334,0,707,3664,8616,4276,13030,5556,4003,0,8483,43964,71881.86835,0,,,
3325,AL,"Dothan, AL HUD Metro FMR Area",1p1c,896,523,1310,688,440,559,779,5195,10752,6271,15724,8258,5285,6708,9342,62339,71881.86835,0,,,
3325,AL,"Dothan, AL HUD Metro FMR Area",1p2c,896,771,1438,913,517,1085,927,6547,10752,9247,17251,10960,6209,13023,11119,78561,71881.86835,0,,,
3325,AL,"Dothan, AL HUD Metro FMR Area",1p3c,1223,1027,1529,1139,699,1247,1263,8126,14676,12322,18347,13662,8382,14966,15153,97507,71881.86835,0,,,
3325,AL,"Dothan, AL HUD Metro FMR Area",1p4c,1223,1257,1665,1179,770,1247,1501,8843,14676,15086,19978,14153,9240,14966,18017,106116,71881.86835,0,,,
3325,AL,"Dothan, AL HUD Metro FMR Area",2p0c,722,653,1259,926,427,0,816,4804,8664,7840,15113,11113,5124,0,9793,57647,71881.86835,0,,,
3325,AL,"Dothan, AL HUD Metro FMR Area",2p1c,896,811,1379,1151,530,559,957,6283,10752,9727,16551,13815,6358,6708,11479,75390,71881.86835,0,,,
3325,AL,"Dothan, AL HUD Metro FMR Area",2p2c,896,1031,1465,1376,598,1085,1031,7483,10752,12370,17579,16516,7179,13023,12373,89792,71881.86835,0,,,
3325,AL,"Dothan, AL HUD Metro FMR Area",2p3c,1223,1258,1596,1602,770,1247,1232,8928,14676,15091,19157,19218,9242,14966,14784,107133,71881.86835,0,,,
3325,AL,"Dothan, AL HUD Metro FMR Area",2p4c,1223,1539,1649,1642,858,1247,1425,9583,14676,18471,19789,19709,10291,14966,17095,114998,71881.86835,0,,,
3326,AL,"Henry County, AL HUD Metro FMR Area",1p0c,593,359,1210,463,296,0,696,3616,7116,4304,14524,5556,3546,0,8348,43393,79127,0,,,
3326,AL,"Henry County, AL HUD Metro FMR Area",1p1c,783,526,1465,688,406,556,781,5205,9396,6311,17577,8258,4877,6674,9372,62464,79127,0,,,
3326,AL,"Henry County, AL HUD Metro FMR Area",1p2c,783,776,1610,913,484,1080,938,6583,9396,9307,19323,10960,5807,12958,11251,79001,79127,0,,,
3326,AL,"Henry County, AL HUD Metro FMR Area",1p3c,1048,1034,1715,1139,646,1241,1242,8065,12576,12402,20583,13662,7755,14891,14909,96777,79127,0,,,
3326,AL,"Henry County, AL HUD Metro FMR Area",1p4c,1048,1265,1868,1179,718,1241,1490,8810,12576,15184,22419,14153,8619,14891,17881,105722,79127,0,,,
3326,AL,"Henry County, AL HUD Metro FMR Area",2p0c,597,658,1403,926,390,0,812,4784,7164,7891,16834,11113,4674,0,9738,57413,79127,0,,,
3326,AL,"Henry County, AL HUD Metro FMR Area",2p1c,783,816,1540,1151,496,556,962,6304,9396,9790,18475,13815,5957,6674,11540,75647,79127,0,,,
3326,AL,"Henry County, AL HUD Metro FMR Area",2p2c,783,1038,1638,1376,565,1080,1040,7520,9396,12450,19654,16516,6783,12958,12477,90234,79127,0,,,
3326,AL,"Henry County, AL HUD Metro FMR Area",2p3c,1048,1266,1786,1602,718,1241,1217,8877,12576,15189,21427,19218,8620,14891,14608,106529,79127,0,,,
3326,AL,"Henry County, AL HUD Metro FMR Area",2p4c,1048,1549,1846,1642,806,1241,1414,9547,12576,18591,22157,19709,9676,14891,16966,114566,79127,0,,,
3327,DE,"Dover, DE MSA",1p0c,1173,332,1095,504,467,0,924,4494,14076,3981,13136,6048,5606,0,11085,53932,88298,0,,,
3327,DE,"Dover, DE MSA",1p1c,1492,487,1323,791,614,733,1169,6609,17904,5838,15872,9497,7371,8797,14031,79309,88298,0,,,
3327,DE,"Dover, DE MSA",1p2c,1492,717,1509,1079,686,1297,1505,8285,17904,8608,18109,12946,8231,15563,18064,99425,88298,0,,,
3327,DE,"Dover, DE MSA",1p3c,2080,956,1599,1366,943,1470,2184,10598,24960,11471,19187,16394,11311,17645,26208,127176,88298,0,,,
3327,DE,"Dover, DE MSA",1p4c,2080,1170,1663,1437,1009,1470,2425,11256,24960,14044,19957,17249,12110,17645,29104,135069,88298,0,,,
3327,DE,"Dover, DE MSA",2p0c,1181,608,1268,1008,556,0,985,5606,14172,7298,15215,12097,6666,0,11818,67266,88298,0,,,
3327,DE,"Dover, DE MSA",2p1c,1492,755,1448,1295,698,733,1251,7672,17904,9055,17380,15545,8370,8797,15007,92058,88298,0,,,
3327,DE,"Dover, DE MSA",2p2c,1492,960,1534,1583,761,1297,1339,8965,17904,11516,18404,18994,9134,15563,16070,107585,88298,0,,,
3327,DE,"Dover, DE MSA",2p3c,2080,1171,1594,1870,1009,1470,1841,11036,24960,14049,19131,22443,12111,17645,22091,132430,88298,0,,,
3327,DE,"Dover, DE MSA",2p4c,2080,1433,1643,1941,1091,1470,2085,11744,24960,17195,19719,23297,13088,17645,25025,140930,88298,0,,,
3328,IA,"Dubuque, IA MSA",1p0c,722,357,1088,393,335,0,683,3578,8664,4281,13058,4713,4019,0,8200,42935,98842,0,,,
3328,IA,"Dubuque, IA MSA",1p1c,996,523,1393,613,472,726,898,5621,11952,6277,16718,7359,5660,8710,10772,67448,98842,0,,,
3328,IA,"Dubuque, IA MSA",1p2c,996,771,1526,834,549,1307,1167,7150,11952,9257,18308,10005,6585,15679,14009,85794,98842,0,,,
3328,IA,"Dubuque, IA MSA",1p3c,1315,1028,1615,1054,727,1485,1612,8837,15780,12335,19381,12651,8729,17823,19348,106046,98842,0,,,
3328,IA,"Dubuque, IA MSA",1p4c,1315,1259,1678,1115,799,1485,1867,9518,15780,15102,20135,13384,9588,17823,22403,114215,98842,0,,,
3328,IA,"Dubuque, IA MSA",2p0c,763,654,1342,786,440,0,768,4752,9156,7848,16099,9427,5279,0,9211,57020,98842,0,,,
3328,IA,"Dubuque, IA MSA",2p1c,996,812,1468,1006,561,726,1011,6580,11952,9738,17615,12073,6734,8710,12134,78955,98842,0,,,
3328,IA,"Dubuque, IA MSA",2p2c,996,1032,1553,1227,630,1307,1125,7868,11952,12384,18632,14718,7556,15679,13498,94417,98842,0,,,
3328,IA,"Dubuque, IA MSA",2p3c,1315,1259,1612,1447,799,1485,1355,9273,15780,15107,19344,17364,9590,17823,16263,111271,98842,0,,,
3328,IA,"Dubuque, IA MSA",2p4c,1315,1541,1728,1508,887,1485,1611,10075,15780,18491,20740,18097,10640,17823,19329,120900,98842,0,,,
3329,MN,"Duluth, MN-WI HUD Metro FMR Area",1p0c,782,358,1081,442,354,0,683,3699,9384,4290,12969,5304,4245,0,8193,44384,95062.6495,0,,,
3329,MN,"Duluth, MN-WI HUD Metro FMR Area",1p1c,1140,524,1323,720,517,944,1021,6188,13680,6290,15877,8640,6200,11322,12250,74260,95062.6495,0,,,
3329,MN,"Duluth, MN-WI HUD Metro FMR Area",1p2c,1140,773,1517,998,594,1789,1565,8376,13680,9276,18206,11975,7127,21466,18779,100508,95062.6495,0,,,
3329,MN,"Duluth, MN-WI HUD Metro FMR Area",1p3c,1538,1030,1611,1276,797,2049,2151,10452,18456,12360,19336,15311,9568,24587,25811,125428,95062.6495,0,,,
3329,MN,"Duluth, MN-WI HUD Metro FMR Area",1p4c,1538,1261,1679,1320,869,2049,2367,11082,18456,15133,20142,15834,10428,24587,28405,132985,95062.6495,0,,,
3329,MN,"Duluth, MN-WI HUD Metro FMR Area",2p0c,896,655,1268,884,482,0,804,4989,10752,7864,15220,10608,5780,0,9647,59871,95062.6495,0,,,
3329,MN,"Duluth, MN-WI HUD Metro FMR Area",2p1c,1140,813,1455,1162,606,944,1138,7258,13680,9758,17460,13944,7277,11322,13661,87101,95062.6495,0,,,
3329,MN,"Duluth, MN-WI HUD Metro FMR Area",2p2c,1140,1034,1544,1440,675,1789,1358,8980,13680,12409,18523,17279,8100,21466,16301,107757,95062.6495,0,,,
3329,MN,"Duluth, MN-WI HUD Metro FMR Area",2p3c,1538,1262,1607,1718,869,2049,1794,10836,18456,15138,19278,20615,10430,24587,21523,130026,95062.6495,0,,,
3329,MN,"Duluth, MN-WI HUD Metro FMR Area",2p4c,1538,1544,1657,1762,957,2049,2013,11519,18456,18529,19883,21138,11483,24587,24157,138232,95062.6495,0,,,
3330,WI,"Duluth, MN-WI HUD Metro FMR Area",1p0c,782,358,1081,442,354,0,700,3716,9384,4290,12969,5304,4245,0,8402,44593,95062.6495,,,,
3330,WI,"Duluth, MN-WI HUD Metro FMR Area",1p1c,1140,524,1323,720,517,944,1021,6189,13680,6290,15877,8640,6200,11322,12256,74266,95062.6495,,,,
3330,WI,"Duluth, MN-WI HUD Metro FMR Area",1p2c,1140,773,1517,998,594,1789,1521,8332,13680,9276,18206,11975,7127,21466,18250,99980,95062.6495,,,,
3330,WI,"Duluth, MN-WI HUD Metro FMR Area",1p3c,1538,1030,1611,1276,797,2049,2112,10413,18456,12360,19336,15311,9568,24587,25344,124961,95062.6495,,,,
3330,WI,"Duluth, MN-WI HUD Metro FMR Area",1p4c,1538,1261,1679,1320,869,2049,2353,11068,18456,15133,20142,15834,10428,24587,28239,132819,95062.6495,,,,
3330,WI,"Duluth, MN-WI HUD Metro FMR Area",2p0c,896,655,1268,884,482,0,761,4946,10752,7864,15220,10608,5780,0,9127,59351,95062.6495,,,,
3330,WI,"Duluth, MN-WI HUD Metro FMR Area",2p1c,1140,813,1455,1162,606,944,1115,7235,13680,9758,17460,13944,7277,11322,13384,86824,95062.6495,,,,
3330,WI,"Duluth, MN-WI HUD Metro FMR Area",2p2c,1140,1034,1544,1440,675,1789,1342,8963,13680,12409,18523,17279,8100,21466,16101,107557,95062.6495,,,,
3330,WI,"Duluth, MN-WI HUD Metro FMR Area",2p3c,1538,1262,1607,1718,869,2049,1802,10844,18456,15138,19278,20615,10430,24587,21627,130129,95062.6495,,,,
3330,WI,"Duluth, MN-WI HUD Metro FMR Area",2p4c,1538,1544,1657,1762,957,2049,2055,11562,18456,18529,19883,21138,11483,24587,24664,138739,95062.6495,,,,
3331,MN,"Lake County, MN HUD Metro FMR Area",1p0c,848,361,1160,461,375,0,748,3953,10176,4327,13916,5533,4503,0,8979,47434,93547,0,,,
3331,MN,"Lake County, MN HUD Metro FMR Area",1p1c,1236,529,1462,759,548,1043,1249,6825,14832,6345,17545,9106,6575,12512,14986,81900,93547,0,,,
3331,MN,"Lake County, MN HUD Metro FMR Area",1p2c,1236,780,1697,1057,626,1904,1846,9146,14832,9357,20364,12679,7510,22853,22157,109752,93547,0,,,
3331,MN,"Lake County, MN HUD Metro FMR Area",1p3c,1489,1039,1816,1354,785,2170,2374,11027,17868,12468,21796,16252,9418,26035,28488,132326,93547,0,,,
3331,MN,"Lake County, MN HUD Metro FMR Area",1p4c,1489,1272,1902,1393,857,2170,2602,11685,17868,15265,22823,16717,10287,26035,31226,140221,93547,0,,,
3331,MN,"Lake County, MN HUD Metro FMR Area",2p0c,942,661,1396,922,498,0,885,5304,11304,7933,16756,11066,5973,0,10622,63653,93547,0,,,
3331,MN,"Lake County, MN HUD Metro FMR Area",2p1c,1236,820,1620,1220,638,1043,1296,7873,14832,9843,19438,14639,7661,12512,15556,94481,93547,0,,,
3331,MN,"Lake County, MN HUD Metro FMR Area",2p2c,1236,1043,1731,1518,708,1904,1616,9755,14832,12517,20768,18212,8491,22853,19390,117063,93547,0,,,
3331,MN,"Lake County, MN HUD Metro FMR Area",2p3c,1489,1273,1810,1815,857,2170,2002,11415,17868,15270,21716,21785,10288,26035,24022,136985,93547,0,,,
3331,MN,"Lake County, MN HUD Metro FMR Area",2p4c,1489,1558,1873,1854,946,2170,2237,12126,17868,18691,22475,22250,11350,26035,26842,145511,93547,0,,,
3332,NC,"Durham-Chapel Hill, NC HUD Metro FMR Area",1p0c,1548,387,1051,462,601,0,1143,5192,18576,4644,12607,5548,7209,0,13714,62299,110641.9844,0,,,
3332,NC,"Durham-Chapel Hill, NC HUD Metro FMR Area",1p1c,1872,568,1309,725,757,952,1518,7701,22464,6810,15706,8698,9089,11429,18210,92406,110641.9844,0,,,
3332,NC,"Durham-Chapel Hill, NC HUD Metro FMR Area",1p2c,1872,837,1442,987,841,1463,1860,9302,22464,10043,17301,11847,10092,17554,22321,111622,110641.9844,0,,,
3332,NC,"Durham-Chapel Hill, NC HUD Metro FMR Area",1p3c,2334,1115,1531,1250,1071,1620,2461,11381,28008,13382,18370,14996,12851,19439,29528,136574,110641.9844,0,,,
3332,NC,"Durham-Chapel Hill, NC HUD Metro FMR Area",1p4c,2334,1365,1659,1318,1149,1620,2774,12219,28008,16384,19905,15814,13783,19439,33291,146624,110641.9844,0,,,
3332,NC,"Durham-Chapel Hill, NC HUD Metro FMR Area",2p0c,1637,710,1266,925,729,0,1191,6456,19644,8515,15188,11097,8742,0,14291,77477,110641.9844,0,,,
3332,NC,"Durham-Chapel Hill, NC HUD Metro FMR Area",2p1c,1872,880,1393,1187,855,952,1514,8653,22464,10565,16715,14246,10254,11429,18162,103835,110641.9844,0,,,
3332,NC,"Durham-Chapel Hill, NC HUD Metro FMR Area",2p2c,1872,1120,1478,1450,929,1463,1730,10040,22464,13435,17733,17395,11146,17554,20754,120481,110641.9844,0,,,
3332,NC,"Durham-Chapel Hill, NC HUD Metro FMR Area",2p3c,2334,1366,1603,1712,1149,1620,2251,12034,28008,16390,19230,20545,13784,19439,27014,144409,110641.9844,0,,,
3332,NC,"Durham-Chapel Hill, NC HUD Metro FMR Area",2p4c,2334,1672,1651,1780,1244,1620,2537,12837,28008,20061,19812,21362,14924,19439,30441,154047,110641.9844,0,,,
3333,NC,"Granville County, NC HUD Metro FMR Area",1p0c,1140,331,1149,522,457,0,919,4518,13680,3969,13787,6267,5480,0,11031,54214,84347,0,,,
3333,NC,"Granville County, NC HUD Metro FMR Area",1p1c,1333,485,1396,821,564,588,1014,6200,15996,5821,16747,9846,6773,7055,12164,74402,84347,0,,,
3333,NC,"Granville County, NC HUD Metro FMR Area",1p2c,1333,715,1531,1119,636,1180,1347,7860,15996,8583,18370,13426,7631,14160,16158,94324,84347,0,,,
3333,NC,"Granville County, NC HUD Metro FMR Area",1p3c,1745,953,1697,1417,838,1362,1937,9949,20940,11437,20360,17005,10052,16346,23243,119383,84347,0,,,
3333,NC,"Granville County, NC HUD Metro FMR Area",1p4c,1745,1167,1768,1490,904,1362,2174,10609,20940,14003,21216,17876,10849,16346,26082,127311,84347,0,,,
3333,NC,"Granville County, NC HUD Metro FMR Area",2p0c,1204,606,1340,1044,562,0,1021,5778,14448,7277,16075,12533,6745,0,12256,69335,84347,0,,,
3333,NC,"Granville County, NC HUD Metro FMR Area",2p1c,1333,752,1467,1343,648,588,1175,7305,15996,9029,17603,16113,7770,7055,14098,87663,84347,0,,,
3333,NC,"Granville County, NC HUD Metro FMR Area",2p2c,1333,957,1627,1641,711,1180,1318,8767,15996,11482,19518,19692,8531,14160,15821,105201,84347,0,,,
3333,NC,"Granville County, NC HUD Metro FMR Area",2p3c,1745,1167,1693,1939,904,1362,1724,10535,20940,14008,20318,23272,10850,16346,20682,126416,84347,0,,,
3333,NC,"Granville County, NC HUD Metro FMR Area",2p4c,1745,1429,1747,2012,985,1362,1974,11254,20940,17145,20962,24142,11824,16346,23682,135042,84347,0,,,
3334,NC,"Person County, NC HUD Metro FMR Area",1p0c,790,325,1169,446,346,0,743,3819,9480,3900,14023,5357,4154,0,8918,45832,78985,0,,,
3334,NC,"Person County, NC HUD Metro FMR Area",1p1c,1031,477,1388,699,468,558,814,5435,12372,5719,16658,8392,5617,6691,9767,65216,78985,0,,,
3334,NC,"Person County, NC HUD Metro FMR Area",1p2c,1031,703,1513,952,538,988,949,6674,12372,8434,18155,11428,6460,11853,11385,80086,78985,0,,,
3334,NC,"Person County, NC HUD Metro FMR Area",1p3c,1445,937,1603,1205,739,1120,1379,8428,17340,11238,19236,14463,8873,13442,16543,101134,78985,0,,,
3334,NC,"Person County, NC HUD Metro FMR Area",1p4c,1445,1147,1741,1272,805,1120,1651,9180,17340,13759,20886,15266,9655,13442,19810,110159,78985,0,,,
3334,NC,"Person County, NC HUD Metro FMR Area",2p0c,795,596,1330,893,432,0,784,4830,9540,7150,15959,10715,5182,0,9412,57958,78985,0,,,
3334,NC,"Person County, NC HUD Metro FMR Area",2p1c,1031,739,1448,1146,550,558,954,6425,12372,8872,17377,13750,6596,6691,11444,77101,78985,0,,,
3334,NC,"Person County, NC HUD Metro FMR Area",2p2c,1031,940,1533,1399,612,988,996,7498,12372,11282,18396,16785,7344,11853,11946,89978,78985,0,,,
3334,NC,"Person County, NC HUD Metro FMR Area",2p3c,1445,1147,1667,1652,805,1120,1255,9090,17340,13764,19998,19820,9657,13442,15056,109076,78985,0,,,
3334,NC,"Person County, NC HUD Metro FMR Area",2p4c,1445,1404,1719,1719,885,1120,1468,9759,17340,16846,20631,20624,10614,13442,17610,117107,78985,0,,,
3335,PA,"East Stroudsburg, PA MSA",1p0c,1158,353,1174,424,469,0,850,4429,13896,4235,14093,5087,5629,0,10202,53143,96613,0,,,
3335,PA,"East Stroudsburg, PA MSA",1p1c,1552,518,1498,673,643,805,1161,6849,18624,6210,17972,8079,7710,9664,13932,82190,96613,0,,,
3335,PA,"East Stroudsburg, PA MSA",1p2c,1552,763,1638,923,719,1638,1569,8801,18624,9157,19661,11070,8625,19650,18827,105614,96613,0,,,
3335,PA,"East Stroudsburg, PA MSA",1p3c,2043,1017,1734,1172,950,1894,2148,10957,24516,12202,20803,14062,11400,22723,25779,131485,96613,0,,,
3335,PA,"East Stroudsburg, PA MSA",1p4c,2043,1245,1801,1237,1021,1894,2362,11603,24516,14939,21609,14849,12250,22723,28349,139234,96613,0,,,
3335,PA,"East Stroudsburg, PA MSA",2p0c,1183,647,1440,848,568,0,972,5658,14196,7764,17274,10175,6818,0,11666,67892,96613,0,,,
3335,PA,"East Stroudsburg, PA MSA",2p1c,1552,803,1573,1097,731,805,1240,7801,18624,9633,18875,13166,8773,9664,14882,93617,96613,0,,,
3335,PA,"East Stroudsburg, PA MSA",2p2c,1552,1021,1663,1347,799,1638,1453,9471,18624,12250,19952,16158,9586,19650,17434,113654,96613,0,,,
3335,PA,"East Stroudsburg, PA MSA",2p3c,2043,1245,1726,1596,1021,1894,1882,11406,24516,14944,20708,19149,12251,22723,22581,136872,96613,0,,,
3335,PA,"East Stroudsburg, PA MSA",2p4c,2043,1524,1849,1661,1108,1894,2156,12235,24516,18292,22189,19936,13291,22723,25871,146817,96613,0,,,
3336,WI,"Eau Claire, WI MSA",1p0c,831,359,1101,572,369,0,775,4008,9972,4306,13211,6868,4433,0,9299,48090,97696.5214,0,,,
3336,WI,"Eau Claire, WI MSA",1p1c,1092,526,1345,900,502,1177,1207,6751,13104,6315,16145,10804,6029,14129,14488,81015,97696.5214,0,,,
3336,WI,"Eau Claire, WI MSA",1p2c,1092,776,1539,1228,580,2137,1829,9181,13104,9312,18473,14740,6960,25639,21945,110172,97696.5214,0,,,
3336,WI,"Eau Claire, WI MSA",1p3c,1507,1034,1632,1556,789,2432,2500,11449,18084,12409,19581,18675,9467,29181,29996,137393,97696.5214,0,,,
3336,WI,"Eau Claire, WI MSA",1p4c,1507,1266,1697,1631,861,2432,2761,12155,18084,15192,20367,19567,10331,29181,33136,145858,97696.5214,0,,,
3336,WI,"Eau Claire, WI MSA",2p0c,889,658,1291,1145,480,0,858,5321,10668,7895,15493,13737,5763,0,10294,63850,97696.5214,0,,,
3336,WI,"Eau Claire, WI MSA",2p1c,1092,816,1478,1473,593,1177,1295,7925,13104,9796,17740,17672,7110,14129,15545,95097,97696.5214,0,,,
3336,WI,"Eau Claire, WI MSA",2p2c,1092,1038,1566,1801,661,2137,1675,9969,13104,12457,18789,21608,7936,25639,20095,119628,97696.5214,0,,,
3336,WI,"Eau Claire, WI MSA",2p3c,1507,1266,1627,2129,861,2432,2243,12065,18084,15197,19529,25544,10333,29181,26917,144785,97696.5214,0,,,
3336,WI,"Eau Claire, WI MSA",2p4c,1507,1550,1677,2203,949,2432,2514,12832,18084,18601,20119,26435,11390,29181,30169,153980,97696.5214,0,,,
3337,CA,"El Centro, CA MSA",1p0c,940,294,1190,433,383,0,703,3943,11280,3531,14275,5194,4598,0,8432,47311,64569,0,,,
3337,CA,"El Centro, CA MSA",1p1c,1371,432,1446,687,560,817,796,6109,16452,5178,17354,8249,6715,9807,9557,73311,64569,0,,,
3337,CA,"El Centro, CA MSA",1p2c,1371,636,1589,942,623,1566,1102,7830,16452,7635,19068,11303,7478,18793,13226,93956,64569,0,,,
3337,CA,"El Centro, CA MSA",1p3c,1873,848,1757,1197,845,1797,1871,10186,22476,10174,21087,14358,10137,21558,22446,122236,64569,0,,,
3337,CA,"El Centro, CA MSA",1p4c,1873,1038,1833,1271,904,1797,2093,10808,22476,12456,21992,15251,10846,21558,25116,129695,64569,0,,,
3337,CA,"El Centro, CA MSA",2p0c,1056,539,1369,866,495,0,711,5036,12672,6473,16424,10388,5944,0,8536,60437,64569,0,,,
3337,CA,"El Centro, CA MSA",2p1c,1371,669,1501,1120,634,817,900,7012,16452,8032,18011,13442,7602,9807,10798,84143,64569,0,,,
3337,CA,"El Centro, CA MSA",2p2c,1371,851,1661,1375,690,1566,1045,8559,16452,10214,19933,16497,8279,18793,12536,102705,64569,0,,,
3337,CA,"El Centro, CA MSA",2p3c,1873,1038,1730,1629,904,1797,1465,10436,22476,12460,20763,19552,10847,21558,17574,125231,64569,0,,,
3337,CA,"El Centro, CA MSA",2p4c,1873,1271,1786,1704,976,1797,1669,11076,22476,15252,21433,20445,11713,21558,20029,132906,64569,0,,,
3338,KY,"Elizabethtown, KY HUD Metro FMR Area",1p0c,857,321,1084,440,366,0,779,3846,10284,3854,13007,5277,4389,0,9344,46156,82308.81657,0,,,
3338,KY,"Elizabethtown, KY HUD Metro FMR Area",1p1c,1075,471,1332,689,480,664,909,5619,12900,5651,15984,8263,5760,7966,10907,67431,82308.81657,0,,,
3338,KY,"Elizabethtown, KY HUD Metro FMR Area",1p2c,1075,695,1531,938,549,1259,1156,7202,12900,8334,18372,11250,6592,15104,13872,86423,82308.81657,0,,,
3338,KY,"Elizabethtown, KY HUD Metro FMR Area",1p3c,1506,925,1629,1186,755,1442,1637,9080,18072,11105,19547,14237,9059,17300,19639,108958,82308.81657,0,,,
3338,KY,"Elizabethtown, KY HUD Metro FMR Area",1p4c,1506,1133,1699,1253,819,1442,1874,9726,18072,13596,20390,15034,9832,17300,22489,116713,82308.81657,0,,,
3338,KY,"Elizabethtown, KY HUD Metro FMR Area",2p0c,862,589,1278,879,450,0,880,4939,10344,7066,15341,10553,5405,0,10556,59264,82308.81657,0,,,
3338,KY,"Elizabethtown, KY HUD Metro FMR Area",2p1c,1075,731,1469,1128,561,664,1087,6714,12900,8767,17629,13540,6727,7966,13044,80572,82308.81657,0,,,
3338,KY,"Elizabethtown, KY HUD Metro FMR Area",2p2c,1075,929,1561,1377,622,1259,1172,7995,12900,11149,18728,16526,7466,15104,14062,95935,82308.81657,0,,,
3338,KY,"Elizabethtown, KY HUD Metro FMR Area",2p3c,1506,1133,1626,1626,819,1442,1469,9622,18072,13601,19512,19513,9833,17300,17628,115460,82308.81657,0,,,
3338,KY,"Elizabethtown, KY HUD Metro FMR Area",2p4c,1506,1387,1679,1693,898,1442,1684,10288,18072,16647,20143,20311,10779,17300,20202,123455,82308.81657,0,,,
3339,KY,"Meade County, KY HUD Metro FMR Area",1p0c,841,326,1174,440,362,0,804,3947,10092,3912,14093,5277,4348,0,9643,47363,80362,0,,,
3339,KY,"Meade County, KY HUD Metro FMR Area",1p1c,1111,478,1418,689,493,754,985,5928,13332,5736,17013,8263,5920,9049,11825,71138,80362,0,,,
3339,KY,"Meade County, KY HUD Metro FMR Area",1p2c,1111,705,1553,938,564,1391,1262,7524,13332,8458,18639,11250,6765,16690,15149,90283,80362,0,,,
3339,KY,"Meade County, KY HUD Metro FMR Area",1p3c,1507,939,1720,1186,760,1587,1785,9483,18084,11271,20635,14237,9114,19041,21414,113796,80362,0,,,
3339,KY,"Meade County, KY HUD Metro FMR Area",1p4c,1507,1150,1792,1253,825,1587,2028,10141,18084,13800,21503,15034,9899,19041,24330,121690,80362,0,,,
3339,KY,"Meade County, KY HUD Metro FMR Area",2p0c,847,598,1357,879,449,0,903,5032,10164,7171,16282,10553,5382,0,10833,60386,80362,0,,,
3339,KY,"Meade County, KY HUD Metro FMR Area",2p1c,1111,742,1484,1128,575,754,1142,6936,13332,8898,17807,13540,6902,9049,13701,83229,80362,0,,,
3339,KY,"Meade County, KY HUD Metro FMR Area",2p2c,1111,943,1644,1377,638,1391,1264,8368,13332,11315,19727,16526,7652,16690,15169,100411,80362,0,,,
3339,KY,"Meade County, KY HUD Metro FMR Area",2p3c,1507,1150,1711,1626,825,1587,1588,9995,18084,13804,20534,19513,9900,19041,19059,119936,80362,0,,,
3339,KY,"Meade County, KY HUD Metro FMR Area",2p4c,1507,1408,1766,1693,905,1587,1812,10677,18084,16896,21187,20311,10860,19041,21743,128123,80362,0,,,
3340,IN,"Elkhart-Goshen, IN MSA",1p0c,853,322,1092,417,365,0,687,3736,10236,3865,13108,5005,4378,0,8243,44836,81948,0,,,
3340,IN,"Elkhart-Goshen, IN MSA",1p1c,1055,472,1316,652,474,889,829,5687,12660,5668,15787,7825,5690,10669,9946,68246,81948,0,,,
3340,IN,"Elkhart-Goshen, IN MSA",1p2c,1055,697,1499,887,544,1580,1075,7336,12660,8359,17987,10645,6526,18963,12898,88037,81948,0,,,
3340,IN,"Elkhart-Goshen, IN MSA",1p3c,1374,928,1585,1122,715,1793,1430,8948,16488,11138,19025,13465,8577,21515,17164,107372,81948,0,,,
3340,IN,"Elkhart-Goshen, IN MSA",1p4c,1374,1136,1647,1185,779,1793,1630,9545,16488,13637,19766,14220,9353,21515,19558,114536,81948,0,,,
3340,IN,"Elkhart-Goshen, IN MSA",2p0c,869,591,1265,834,453,0,765,4776,10428,7087,15179,10010,5438,0,9176,57317,81948,0,,,
3340,IN,"Elkhart-Goshen, IN MSA",2p1c,1055,733,1443,1069,555,889,985,6728,12660,8793,17310,12830,6661,10669,11817,80739,81948,0,,,
3340,IN,"Elkhart-Goshen, IN MSA",2p2c,1055,932,1525,1304,617,1580,1067,8080,12660,11182,18296,15650,7402,18963,12809,96962,81948,0,,,
3340,IN,"Elkhart-Goshen, IN MSA",2p3c,1374,1137,1583,1539,780,1793,1269,9474,16488,13641,18996,18470,9354,21515,15222,113686,81948,0,,,
3340,IN,"Elkhart-Goshen, IN MSA",2p4c,1374,1391,1630,1602,859,1793,1444,10093,16488,16697,19559,19224,10303,21515,17327,121114,81948,0,,,
3341,NY,"Elmira, NY MSA",1p0c,960,351,1057,568,407,0,851,4194,11520,4212,12678,6815,4884,0,10217,50326,81566,0,,,
3341,NY,"Elmira, NY MSA",1p1c,1283,515,1362,954,558,1014,1246,6931,15396,6176,16341,11442,6697,12167,14950,83169,81566,0,,,
3341,NY,"Elmira, NY MSA",1p2c,1283,759,1498,993,634,1997,1690,8855,15396,9107,17978,11920,7608,23968,20285,106263,81566,0,,,
3341,NY,"Elmira, NY MSA",1p3c,1628,1011,1591,1033,819,2300,2140,10523,19536,12136,19095,12399,9833,27600,25681,126280,81566,0,,,
3341,NY,"Elmira, NY MSA",1p4c,1628,1238,1657,1073,890,2300,2400,11186,19536,14858,19886,12877,10678,27600,28794,134229,81566,0,,,
3341,NY,"Elmira, NY MSA",2p0c,978,643,1308,1136,503,0,975,5544,11736,7721,15698,13631,6041,0,11699,66527,81566,0,,,
3341,NY,"Elmira, NY MSA",2p1c,1283,798,1438,1596,646,1014,1377,8152,15396,9580,17257,19147,7754,12167,16528,97829,81566,0,,,
3341,NY,"Elmira, NY MSA",2p2c,1283,1015,1526,1635,714,1997,1602,9773,15396,12183,18317,19625,8563,23968,19219,117271,81566,0,,,
3341,NY,"Elmira, NY MSA",2p3c,1628,1239,1589,1675,890,2300,1931,11251,19536,14863,19063,20103,10680,27600,23170,135016,81566,0,,,
3341,NY,"Elmira, NY MSA",2p4c,1628,1516,1638,1715,976,2300,2230,12004,19536,18192,19658,20581,11714,27600,26763,144045,81566,0,,,
3342,TX,"El Paso, TX HUD Metro FMR Area",1p0c,821,308,1019,417,350,0,517,3433,9852,3692,12228,5004,4205,0,6208,41190,65744,1,99,7,99
3342,TX,"El Paso, TX HUD Metro FMR Area",1p1c,1192,451,1205,652,510,573,556,5140,14304,5415,14463,7828,6122,6874,6669,61675,65744,1,99,7,99
3342,TX,"El Paso, TX HUD Metro FMR Area",1p2c,1192,665,1309,888,577,1120,607,6359,14304,7984,15711,10652,6920,13444,7289,76305,65744,1,99,7,99
3342,TX,"El Paso, TX HUD Metro FMR Area",1p3c,1647,887,1384,1123,787,1289,887,8003,19764,10639,16607,13476,9439,15466,10640,96031,65744,1,99,7,99
3342,TX,"El Paso, TX HUD Metro FMR Area",1p4c,1647,1086,1503,1188,848,1289,1079,8639,19764,13026,18036,14253,10180,15466,12945,103671,65744,1,99,7,99
3342,TX,"El Paso, TX HUD Metro FMR Area",2p0c,1020,564,1164,834,492,0,605,4679,12240,6769,13968,10009,5902,0,7256,56143,65744,1,99,7,99
3342,TX,"El Paso, TX HUD Metro FMR Area",2p1c,1192,700,1264,1069,587,573,653,6038,14304,8399,15170,12832,7049,6874,7832,72461,65744,1,99,7,99
3342,TX,"El Paso, TX HUD Metro FMR Area",2p2c,1192,890,1336,1305,646,1120,650,7140,14304,10681,16029,15656,7757,13444,7805,85677,65744,1,99,7,99
3342,TX,"El Paso, TX HUD Metro FMR Area",2p3c,1647,1086,1452,1540,849,1289,802,8665,19764,13031,17429,18480,10182,15466,9629,103980,65744,1,99,7,99
3342,TX,"El Paso, TX HUD Metro FMR Area",2p4c,1647,1329,1497,1605,924,1289,937,9228,19764,15949,17960,19258,11088,15466,11249,110733,65744,1,99,7,99
3343,TX,"Hudspeth County, TX HUD Metro FMR Area",1p0c,726,308,1282,484,321,0,568,3688,8712,3692,15387,5803,3851,0,6812,44258,55952,0,,,
3343,TX,"Hudspeth County, TX HUD Metro FMR Area",1p1c,1054,451,1573,759,467,573,627,5504,12648,5415,18874,9105,5608,6874,7529,66053,55952,0,,,
3343,TX,"Hudspeth County, TX HUD Metro FMR Area",1p2c,1054,665,1737,1034,534,1120,736,6881,12648,7984,20848,12407,6406,13444,8836,82574,55952,0,,,
3343,TX,"Hudspeth County, TX HUD Metro FMR Area",1p3c,1270,887,1855,1309,670,1289,955,8234,15240,10639,22257,15709,8035,15466,11464,98810,55952,0,,,
3343,TX,"Hudspeth County, TX HUD Metro FMR Area",1p4c,1270,1086,2022,1379,731,1289,1175,8951,15240,13026,24261,16546,8776,15466,14098,107412,55952,0,,,
3343,TX,"Hudspeth County, TX HUD Metro FMR Area",2p0c,902,564,1502,967,455,0,682,5072,10824,6769,18018,11607,5462,0,8184,60865,55952,0,,,
3343,TX,"Hudspeth County, TX HUD Metro FMR Area",2p1c,1054,700,1656,1242,545,573,747,6516,12648,8399,19868,14909,6535,6874,8958,78190,55952,0,,,
3343,TX,"Hudspeth County, TX HUD Metro FMR Area",2p2c,1054,890,1765,1518,604,1120,763,7714,12648,10681,21182,18211,7243,13444,9156,92565,55952,0,,,
3343,TX,"Hudspeth County, TX HUD Metro FMR Area",2p3c,1270,1086,1926,1793,731,1289,875,8970,15240,13031,23112,21513,8777,15466,10499,107637,55952,0,,,
3343,TX,"Hudspeth County, TX HUD Metro FMR Area",2p4c,1270,1329,1993,1862,807,1289,1022,9573,15240,15949,23916,22349,9683,15466,12268,114871,55952,0,,,
3344,OK,"Enid, OK MSA",1p0c,739,339,1106,532,335,0,723,3774,8868,4073,13273,6378,4018,0,8676,45286,82529,0,,,
3344,OK,"Enid, OK MSA",1p1c,980,498,1349,835,459,934,925,5980,11760,5973,16187,10024,5506,11204,11104,71757,82529,0,,,
3344,OK,"Enid, OK MSA",1p2c,980,734,1482,1139,532,1544,1220,7631,11760,8808,17784,13670,6386,18528,14642,91577,82529,0,,,
3344,OK,"Enid, OK MSA",1p3c,1264,978,1644,1443,696,1732,1717,9474,15168,11737,19726,17316,8353,20782,20608,113689,82529,0,,,
3344,OK,"Enid, OK MSA",1p4c,1264,1197,1714,1516,764,1732,1965,10152,15168,14369,20565,18194,9171,20782,23575,121824,82529,0,,,
3344,OK,"Enid, OK MSA",2p0c,747,622,1295,1063,425,0,808,4960,8964,7468,15537,12756,5102,0,9696,59522,82529,0,,,
3344,OK,"Enid, OK MSA",2p1c,980,772,1420,1367,544,934,1108,7124,11760,9265,17038,16402,6528,11204,13294,85491,82529,0,,,
3344,OK,"Enid, OK MSA",2p2c,980,982,1576,1671,609,1544,1254,8616,11760,11783,18907,20048,7309,18528,15053,103388,82529,0,,,
3344,OK,"Enid, OK MSA",2p3c,1264,1198,1641,1974,764,1732,1556,10130,15168,14374,19689,23693,9172,20782,18676,121555,82529,0,,,
3344,OK,"Enid, OK MSA",2p4c,1264,1466,1693,2048,848,1732,1784,10835,15168,17594,20321,24572,10172,20782,21410,130019,82529,0,,,
3345,PA,"Erie, PA MSA",1p0c,781,355,1007,332,353,0,629,3457,9372,4258,12084,3989,4232,0,7549,41484,81261,0,,,
3345,PA,"Erie, PA MSA",1p1c,1118,520,1221,527,509,883,818,5596,13416,6244,14647,6324,6104,10598,9815,67147,81261,0,,,
3345,PA,"Erie, PA MSA",1p2c,1118,767,1396,722,585,1719,1116,7423,13416,9207,16752,8658,7024,20624,13393,89074,81261,0,,,
3345,PA,"Erie, PA MSA",1p3c,1392,1022,1482,916,750,1976,1470,9007,16704,12269,17779,10992,8995,23709,17636,108083,81261,0,,,
3345,PA,"Erie, PA MSA",1p4c,1392,1252,1543,975,821,1976,1692,9650,16704,15021,18514,11698,9850,23709,20300,115795,81261,0,,,
3345,PA,"Erie, PA MSA",2p0c,861,651,1171,665,469,0,717,4534,10332,7806,14047,7979,5631,0,8608,54403,81261,0,,,
3345,PA,"Erie, PA MSA",2p1c,1118,807,1341,859,598,883,958,6565,13416,9685,16088,10313,7172,10598,11501,78774,81261,0,,,
3345,PA,"Erie, PA MSA",2p2c,1118,1026,1422,1054,666,1719,1086,8091,13416,12317,17066,12647,7989,20624,13031,97090,81261,0,,,
3345,PA,"Erie, PA MSA",2p3c,1392,1252,1480,1248,821,1976,1283,9453,16704,15026,17765,14981,9851,23709,15396,113432,81261,0,,,
3345,PA,"Erie, PA MSA",2p4c,1392,1533,1528,1307,908,1976,1481,10124,16704,18392,18331,15688,10896,23709,17768,121487,81261,0,,,
3346,OR,"Eugene-Springfield, OR MSA",1p0c,1060,379,1005,513,447,0,1003,4405,12720,4546,12054,6152,5361,0,12031,52865,87993,0,,,
3346,OR,"Eugene-Springfield, OR MSA",1p1c,1495,556,1222,772,637,1202,1637,7520,17940,6667,14666,9264,7640,14420,19647,90244,87993,0,,,
3346,OR,"Eugene-Springfield, OR MSA",1p2c,1495,819,1343,1031,719,1635,1964,9007,17940,9831,16115,12376,8622,19620,23573,108078,87993,0,,,
3346,OR,"Eugene-Springfield, OR MSA",1p3c,2095,1092,1489,1291,989,1768,2782,11506,25140,13100,17869,15488,11872,21220,33383,138073,87993,0,,,
3346,OR,"Eugene-Springfield, OR MSA",1p4c,2095,1337,1553,1340,1065,1768,3050,12209,25140,16038,18637,16078,12785,21220,36604,146503,87993,0,,,
3346,OR,"Eugene-Springfield, OR MSA",2p0c,1140,695,1169,1025,570,0,1171,5769,13680,8335,14029,12305,6835,0,14047,69231,87993,0,,,
3346,OR,"Eugene-Springfield, OR MSA",2p1c,1495,862,1284,1285,732,1202,1722,8581,17940,10342,15405,15417,8781,14420,20669,102973,87993,0,,,
3346,OR,"Eugene-Springfield, OR MSA",2p2c,1495,1096,1425,1544,804,1635,1951,9951,17940,13151,17104,18529,9653,19620,23409,119406,87993,0,,,
3346,OR,"Eugene-Springfield, OR MSA",2p3c,2095,1337,1486,1803,1066,1768,2591,12146,25140,16044,17829,21641,12786,21220,31089,145749,87993,0,,,
3346,OR,"Eugene-Springfield, OR MSA",2p4c,2095,1637,1535,1853,1159,1768,2871,12917,25140,19638,18415,22231,13902,21220,34456,155002,87993,0,,,
3347,IN,"Evansville, IN-KY MSA",1p0c,780,322,1056,425,342,0,650,3575,9360,3860,12675,5101,4104,0,7799,42900,84923.47242,0,,,
3347,IN,"Evansville, IN-KY MSA",1p1c,1054,472,1286,665,474,854,813,5617,12648,5660,15433,7980,5684,10244,9753,67402,84923.47242,0,,,
3347,IN,"Evansville, IN-KY MSA",1p2c,1054,696,1473,905,543,1540,1053,7263,12648,8346,17674,10858,6518,18484,12631,87160,84923.47242,0,,,
3347,IN,"Evansville, IN-KY MSA",1p3c,1300,927,1563,1145,691,1752,1357,8735,15600,11122,18757,13737,8296,21020,16283,104814,84923.47242,0,,,
3347,IN,"Evansville, IN-KY MSA",1p4c,1300,1135,1628,1209,756,1752,1557,9336,15600,13617,19530,14502,9071,21020,18686,112026,84923.47242,0,,,
3347,IN,"Evansville, IN-KY MSA",2p0c,821,590,1236,850,438,0,742,4678,9852,7076,14836,10203,5256,0,8909,56132,84923.47242,0,,,
3347,IN,"Evansville, IN-KY MSA",2p1c,1054,732,1417,1090,554,854,972,6673,12648,8780,17000,13081,6653,10244,11664,80071,84923.47242,0,,,
3347,IN,"Evansville, IN-KY MSA",2p2c,1054,931,1502,1330,616,1540,1056,8029,12648,11166,18025,15960,7393,18484,12667,96344,84923.47242,0,,,
3347,IN,"Evansville, IN-KY MSA",2p3c,1300,1135,1563,1570,756,1752,1216,9291,15600,13621,18754,18838,9072,21020,14588,111494,84923.47242,0,,,
3347,IN,"Evansville, IN-KY MSA",2p4c,1300,1389,1612,1634,835,1752,1390,9911,15600,16672,19341,19603,10020,21020,16677,118933,84923.47242,0,,,
3348,KY,"Evansville, IN-KY MSA",1p0c,780,322,1056,425,342,0,732,3657,9360,3860,12675,5101,4104,0,8783,43884,84923.47242,,,,
3348,KY,"Evansville, IN-KY MSA",1p1c,1054,472,1286,665,474,854,940,5744,12648,5660,15433,7980,5684,10244,11278,68927,84923.47242,,,,
3348,KY,"Evansville, IN-KY MSA",1p2c,1054,696,1473,905,543,1540,1237,7448,12648,8346,17674,10858,6518,18484,14846,89375,84923.47242,,,,
3348,KY,"Evansville, IN-KY MSA",1p3c,1300,927,1563,1145,691,1752,1599,8976,15600,11122,18757,13737,8296,21020,19185,107717,84923.47242,,,,
3348,KY,"Evansville, IN-KY MSA",1p4c,1300,1135,1628,1209,756,1752,1831,9609,15600,13617,19530,14502,9071,21020,21972,115312,84923.47242,,,,
3348,KY,"Evansville, IN-KY MSA",2p0c,821,590,1236,850,438,0,839,4775,9852,7076,14836,10203,5256,0,10072,57295,84923.47242,,,,
3348,KY,"Evansville, IN-KY MSA",2p1c,1054,732,1417,1090,554,854,1111,6812,12648,8780,17000,13081,6653,10244,13333,81740,84923.47242,,,,
3348,KY,"Evansville, IN-KY MSA",2p2c,1054,931,1502,1330,616,1540,1221,8194,12648,11166,18025,15960,7393,18484,14654,98331,84923.47242,,,,
3348,KY,"Evansville, IN-KY MSA",2p3c,1300,1135,1563,1570,756,1752,1433,9509,15600,13621,18754,18838,9072,21020,17201,114107,84923.47242,,,,
3348,KY,"Evansville, IN-KY MSA",2p4c,1300,1389,1612,1634,835,1752,1643,10165,15600,16672,19341,19603,10020,21020,19720,121976,84923.47242,,,,
3349,AK,"Fairbanks, AK MSA",1p0c,1144,426,1204,760,487,0,827,4849,13728,5112,14451,9116,5849,0,9927,58183,105862,0,,,
3349,AK,"Fairbanks, AK MSA",1p1c,1669,625,1462,1210,712,1344,1402,8424,20028,7496,17544,14519,8545,16125,16825,101083,105862,0,,,
3349,AK,"Fairbanks, AK MSA",1p2c,1669,921,1594,1660,804,2163,1894,10705,20028,11053,19130,19922,9650,25952,22729,128464,105862,0,,,
3349,AK,"Fairbanks, AK MSA",1p3c,2339,1227,1746,2110,1107,2415,2567,13511,28068,14729,20949,25324,13287,28976,30803,162136,105862,0,,,
3349,AK,"Fairbanks, AK MSA",1p4c,2339,1503,1810,2209,1193,2415,2753,14220,28068,18033,21715,26505,14313,28976,33030,170640,105862,0,,,
3349,AK,"Fairbanks, AK MSA",2p0c,1272,781,1389,1519,637,0,978,6577,15264,9371,16671,18233,7649,0,11737,78925,105862,0,,,
3349,AK,"Fairbanks, AK MSA",2p1c,1669,969,1514,1970,819,1344,1453,9737,20028,11628,18169,23635,9828,16125,17433,116846,105862,0,,,
3349,AK,"Fairbanks, AK MSA",2p2c,1669,1232,1660,2420,901,2163,1838,11883,20028,14787,19923,29038,10809,25952,22059,142596,105862,0,,,
3349,AK,"Fairbanks, AK MSA",2p3c,2339,1503,1720,2870,1193,2415,2445,14485,28068,18039,20641,34440,14315,28976,29338,173817,105862,0,,,
3349,AK,"Fairbanks, AK MSA",2p4c,2339,1840,1767,2969,1298,2415,2695,15321,28068,22080,21202,35622,15570,28976,32339,183856,105862,0,,,
3350,MN,"Fargo, ND-MN MSA",1p0c,694,361,1033,399,328,0,602,3416,8328,4332,12390,4783,3931,0,7224,40988,108440.1062,0,,,
3350,MN,"Fargo, ND-MN MSA",1p1c,1012,529,1263,631,479,918,882,5714,12144,6353,15158,7566,5743,11021,10584,68568,108440.1062,0,,,
3350,MN,"Fargo, ND-MN MSA",1p2c,1012,781,1381,862,557,1808,1314,7715,12144,9368,16573,10349,6679,21696,15773,92581,108440.1062,0,,,
3350,MN,"Fargo, ND-MN MSA",1p3c,1418,1040,1460,1094,763,2082,1885,9743,17016,12483,17519,13132,9159,24980,22622,116910,108440.1062,0,,,
3350,MN,"Fargo, ND-MN MSA",1p4c,1418,1274,1577,1150,836,2082,2127,10462,17016,15283,18921,13798,10028,24980,25519,125545,108440.1062,0,,,
3350,MN,"Fargo, ND-MN MSA",2p0c,836,662,1219,797,465,0,733,4712,10032,7942,14624,9567,5581,0,8800,56545,108440.1062,0,,,
3350,MN,"Fargo, ND-MN MSA",2p1c,1012,821,1331,1029,569,918,980,6662,12144,9854,15977,12349,6830,11021,11763,79940,108440.1062,0,,,
3350,MN,"Fargo, ND-MN MSA",2p2c,1012,1044,1407,1261,638,1808,1174,8345,12144,12532,16878,15132,7661,21696,14091,100134,108440.1062,0,,,
3350,MN,"Fargo, ND-MN MSA",2p3c,1418,1274,1521,1493,836,2082,1573,10196,17016,15288,18246,17915,10030,24980,18880,122355,108440.1062,0,,,
3350,MN,"Fargo, ND-MN MSA",2p4c,1418,1559,1563,1548,924,2082,1781,10876,17016,18713,18761,18581,11093,24980,21372,130516,108440.1062,0,,,
3351,ND,"Fargo, ND-MN MSA",1p0c,694,361,1033,399,328,0,493,3306,8328,4332,12390,4783,3931,0,5910,39674,108440.1062,,,,
3351,ND,"Fargo, ND-MN MSA",1p1c,1012,529,1263,631,479,918,627,5459,12144,6353,15158,7566,5743,11021,7521,65506,108440.1062,,,,
3351,ND,"Fargo, ND-MN MSA",1p2c,1012,781,1381,862,557,1808,874,7274,12144,9368,16573,10349,6679,21696,10485,87293,108440.1062,,,,
3351,ND,"Fargo, ND-MN MSA",1p3c,1418,1040,1460,1094,763,2082,1316,9173,17016,12483,17519,13132,9159,24980,15788,110076,108440.1062,,,,
3351,ND,"Fargo, ND-MN MSA",1p4c,1418,1274,1577,1150,836,2082,1555,9890,17016,15283,18921,13798,10028,24980,18654,118680,108440.1062,,,,
3351,ND,"Fargo, ND-MN MSA",2p0c,836,662,1219,797,465,0,582,4561,10032,7942,14624,9567,5581,0,6982,54727,108440.1062,,,,
3351,ND,"Fargo, ND-MN MSA",2p1c,1012,821,1331,1029,569,918,725,6406,12144,9854,15977,12349,6830,11021,8699,76876,108440.1062,,,,
3351,ND,"Fargo, ND-MN MSA",2p2c,1012,1044,1407,1261,638,1808,821,7991,12144,12532,16878,15132,7661,21696,9853,95897,108440.1062,,,,
3351,ND,"Fargo, ND-MN MSA",2p3c,1418,1274,1521,1493,836,2082,1075,9697,17016,15288,18246,17915,10030,24980,12894,116369,108440.1062,,,,
3351,ND,"Fargo, ND-MN MSA",2p4c,1418,1559,1563,1548,924,2082,1251,10347,17016,18713,18761,18581,11093,24980,15014,124158,108440.1062,,,,
3352,NM,"Farmington, NM MSA",1p0c,841,327,1117,681,363,0,767,4095,10092,3923,13408,8166,4351,0,9199,49140,61739,0,,,
3352,NM,"Farmington, NM MSA",1p1c,1034,479,1357,1083,470,804,950,6177,12408,5753,16278,13000,5638,9652,11400,74129,61739,0,,,
3352,NM,"Farmington, NM MSA",1p2c,1034,707,1551,1486,541,1464,1359,8141,12408,8483,18608,17834,6486,17570,16302,97691,61739,0,,,
3352,NM,"Farmington, NM MSA",1p3c,1449,942,1645,1889,742,1667,1938,10272,17388,11304,19735,22668,8908,20006,23258,123268,61739,0,,,
3352,NM,"Farmington, NM MSA",1p4c,1449,1153,1712,1982,808,1667,2165,10936,17388,13840,20542,23779,9696,20006,25982,131232,61739,0,,,
3352,NM,"Farmington, NM MSA",2p0c,855,599,1299,1361,452,0,867,5433,10260,7193,15592,16333,5419,0,10405,65201,61739,0,,,
3352,NM,"Farmington, NM MSA",2p1c,1034,744,1487,1764,552,804,1170,7555,12408,8924,17845,21166,6623,9652,14045,90664,61739,0,,,
3352,NM,"Farmington, NM MSA",2p2c,1034,946,1576,2167,615,1464,1359,9161,12408,11349,18914,26000,7376,17570,16312,109928,61739,0,,,
3352,NM,"Farmington, NM MSA",2p3c,1449,1154,1640,2570,808,1667,1788,11075,17388,13845,19676,30834,9697,20006,21452,132898,61739,0,,,
3352,NM,"Farmington, NM MSA",2p4c,1449,1412,1691,2662,888,1667,2019,11788,17388,16946,20290,31946,10660,20006,24222,141458,61739,0,,,
3353,NC,"Fayetteville, NC HUD Metro FMR Area",1p0c,1078,339,984,475,440,0,823,4139,12936,4073,11808,5698,5281,0,9877,49673,69881,0,,,
3353,NC,"Fayetteville, NC HUD Metro FMR Area",1p1c,1240,498,1174,745,540,669,896,5761,14880,5973,14084,8937,6474,8031,10752,69131,69881,0,,,
3353,NC,"Fayetteville, NC HUD Metro FMR Area",1p2c,1240,734,1282,1015,613,1054,1050,6988,14880,8808,15389,12176,7354,12649,12605,83860,69881,0,,,
3353,NC,"Fayetteville, NC HUD Metro FMR Area",1p3c,1678,978,1362,1285,825,1172,1517,8816,20136,11737,16342,15414,9896,14069,18202,105796,69881,0,,,
3353,NC,"Fayetteville, NC HUD Metro FMR Area",1p4c,1678,1197,1482,1354,893,1172,1797,9574,20136,14369,17788,16243,10713,14069,21566,114884,69881,0,,,
3353,NC,"Fayetteville, NC HUD Metro FMR Area",2p0c,1093,622,1130,950,533,0,878,5206,13116,7468,13560,11396,6391,0,10540,62470,69881,0,,,
3353,NC,"Fayetteville, NC HUD Metro FMR Area",2p1c,1240,772,1234,1220,625,669,1050,6809,14880,9265,14802,14634,7496,8031,12602,81711,69881,0,,,
3353,NC,"Fayetteville, NC HUD Metro FMR Area",2p2c,1240,982,1309,1489,690,1054,1084,7848,14880,11783,15706,17873,8278,12649,13004,94173,69881,0,,,
3353,NC,"Fayetteville, NC HUD Metro FMR Area",2p3c,1678,1198,1426,1759,893,1172,1389,9516,20136,14374,17113,21112,10715,14069,16672,114192,69881,0,,,
3353,NC,"Fayetteville, NC HUD Metro FMR Area",2p4c,1678,1466,1473,1828,976,1172,1615,10209,20136,17594,17678,21941,11714,14069,19380,122512,69881,0,,,
3354,NC,"Harnett County, NC HUD Metro FMR Area",1p0c,791,339,1128,475,351,0,745,3829,9492,4062,13537,5698,4208,0,8945,45942,82501,0,,,
3354,NC,"Harnett County, NC HUD Metro FMR Area",1p1c,1044,496,1376,745,478,578,846,5564,12528,5956,16513,8937,5739,6934,10157,66764,82501,0,,,
3354,NC,"Harnett County, NC HUD Metro FMR Area",1p2c,1044,732,1512,1015,551,1160,1087,7101,12528,8783,18142,12176,6616,13917,13048,85209,82501,0,,,
3354,NC,"Harnett County, NC HUD Metro FMR Area",1p3c,1463,975,1677,1285,757,1339,1631,9126,17556,11703,20118,15414,9084,16065,19570,109512,82501,0,,,
3354,NC,"Harnett County, NC HUD Metro FMR Area",1p4c,1463,1194,1748,1354,825,1339,1884,9806,17556,14329,20972,16243,9899,16065,22603,117668,82501,0,,,
3354,NC,"Harnett County, NC HUD Metro FMR Area",2p0c,796,621,1321,950,440,0,811,4938,9552,7446,15851,11396,5278,0,9737,59260,82501,0,,,
3354,NC,"Harnett County, NC HUD Metro FMR Area",2p1c,1044,770,1449,1220,563,578,1005,6628,12528,9239,17383,14634,6758,6934,12054,79531,82501,0,,,
3354,NC,"Harnett County, NC HUD Metro FMR Area",2p2c,1044,979,1607,1489,628,1160,1132,8040,12528,11749,19285,17873,7537,13917,13586,96476,82501,0,,,
3354,NC,"Harnett County, NC HUD Metro FMR Area",2p3c,1463,1195,1674,1759,825,1339,1450,9704,17556,14334,20082,21112,9901,16065,17397,116447,82501,0,,,
3354,NC,"Harnett County, NC HUD Metro FMR Area",2p4c,1463,1462,1727,1828,908,1339,1681,10409,17556,17544,20723,21941,10898,16065,20175,124902,82501,0,,,
3355,NC,"Hoke County, NC HUD Metro FMR Area",1p0c,747,324,1137,475,333,0,723,3738,8964,3889,13639,5698,3990,0,8673,44853,73034,0,,,
3355,NC,"Hoke County, NC HUD Metro FMR Area",1p1c,986,475,1358,745,454,634,824,5476,11832,5702,16301,8937,5444,7604,9892,65711,73034,0,,,
3355,NC,"Hoke County, NC HUD Metro FMR Area",1p2c,986,701,1485,1015,524,1123,1000,6832,11832,8409,17822,12176,6284,13470,11996,81988,73034,0,,,
3355,NC,"Hoke County, NC HUD Metro FMR Area",1p3c,1382,934,1577,1285,719,1273,1445,8614,16584,11205,18926,15414,8628,15275,17339,103370,73034,0,,,
3355,NC,"Hoke County, NC HUD Metro FMR Area",1p4c,1382,1143,1715,1354,784,1273,1723,9374,16584,13718,20582,16243,9408,15275,20673,112483,73034,0,,,
3355,NC,"Hoke County, NC HUD Metro FMR Area",2p0c,752,594,1304,950,418,0,775,4792,9024,7129,15644,11396,5015,0,9300,57508,73034,0,,,
3355,NC,"Hoke County, NC HUD Metro FMR Area",2p1c,986,737,1423,1220,535,634,975,6509,11832,8845,17074,14634,6420,7604,11696,78105,73034,0,,,
3355,NC,"Hoke County, NC HUD Metro FMR Area",2p2c,986,937,1509,1489,597,1123,1042,7684,11832,11249,18106,17873,7166,13470,12507,92203,73034,0,,,
3355,NC,"Hoke County, NC HUD Metro FMR Area",2p3c,1382,1144,1642,1759,784,1273,1323,9307,16584,13723,19707,21112,9409,15275,15876,111686,73034,0,,,
3355,NC,"Hoke County, NC HUD Metro FMR Area",2p4c,1382,1400,1696,1828,864,1273,1540,9983,16584,16797,20350,21941,10364,15275,18485,119795,73034,0,,,
3356,AR,"Fayetteville-Springdale-Rogers, AR MSA",1p0c,853,342,1085,481,371,0,748,3880,10236,4108,13019,5770,4453,0,8971,46557,93383.05371,0,,,
3356,AR,"Fayetteville-Springdale-Rogers, AR MSA",1p1c,1111,502,1328,754,501,672,923,5791,13332,6024,15939,9052,6010,8063,11074,69493,93383.05371,0,,,
3356,AR,"Fayetteville-Springdale-Rogers, AR MSA",1p2c,1111,740,1522,1028,575,1223,1208,7406,13332,8883,18267,12334,6897,14671,14492,88877,93383.05371,0,,,
3356,AR,"Fayetteville-Springdale-Rogers, AR MSA",1p3c,1557,986,1614,1301,790,1392,1830,9471,18684,11837,19372,15616,9476,16705,21961,113651,93383.05371,0,,,
3356,AR,"Fayetteville-Springdale-Rogers, AR MSA",1p4c,1557,1208,1680,1371,858,1392,2064,10130,18684,14493,20157,16450,10301,16705,24767,121556,93383.05371,0,,,
3356,AR,"Fayetteville-Springdale-Rogers, AR MSA",2p0c,925,628,1280,962,482,0,831,5107,11100,7532,15359,11540,5785,0,9974,61288,93383.05371,0,,,
3356,AR,"Fayetteville-Springdale-Rogers, AR MSA",2p1c,1111,779,1468,1235,587,672,1048,6899,13332,9345,17615,14822,7041,8063,12573,82791,93383.05371,0,,,
3356,AR,"Fayetteville-Springdale-Rogers, AR MSA",2p2c,1111,990,1555,1509,652,1223,1137,8177,13332,11884,18665,18104,7829,14671,13638,98123,93383.05371,0,,,
3356,AR,"Fayetteville-Springdale-Rogers, AR MSA",2p3c,1557,1208,1617,1782,859,1392,1491,9906,18684,14498,19409,21386,10302,16705,17894,118877,93383.05371,0,,,
3356,AR,"Fayetteville-Springdale-Rogers, AR MSA",2p4c,1557,1479,1667,1852,943,1392,1724,10613,18684,17745,20001,22220,11310,16705,20689,127354,93383.05371,0,,,
3357,AZ,"Flagstaff, AZ MSA",1p0c,1564,369,1155,541,600,0,1075,5304,18768,4431,13855,6489,7203,0,12903,63648,88944,0,,,
3357,AZ,"Flagstaff, AZ MSA",1p1c,1942,541,1473,860,771,887,1399,7873,23304,6497,17675,10319,9253,10646,16782,94476,88944,0,,,
3357,AZ,"Flagstaff, AZ MSA",1p2c,1942,798,1616,1179,851,1724,1897,10007,23304,9581,19396,14149,10210,20683,22759,120083,88944,0,,,
3357,AZ,"Flagstaff, AZ MSA",1p3c,2379,1064,1715,1498,1069,1981,2476,12182,28548,12767,20575,17978,12827,23772,29713,146181,88944,0,,,
3357,AZ,"Flagstaff, AZ MSA",1p4c,2379,1303,1784,1581,1143,1981,2698,12869,28548,15631,21413,18967,13716,23772,32380,154427,88944,0,,,
3357,AZ,"Flagstaff, AZ MSA",2p0c,1714,677,1405,1082,742,0,1127,6746,20568,8123,16855,12978,8908,0,13518,80950,88944,0,,,
3357,AZ,"Flagstaff, AZ MSA",2p1c,1942,840,1540,1401,864,887,1383,8856,23304,10079,18474,16808,10365,10646,16591,106267,88944,0,,,
3357,AZ,"Flagstaff, AZ MSA",2p2c,1942,1068,1631,1720,935,1724,1737,10757,23304,12817,19577,20638,11215,20683,20844,129078,88944,0,,,
3357,AZ,"Flagstaff, AZ MSA",2p3c,2379,1303,1696,2039,1143,1981,2224,12766,28548,15637,20357,24467,13718,23772,26688,153187,88944,0,,,
3357,AZ,"Flagstaff, AZ MSA",2p4c,2379,1595,1818,2121,1234,1981,2523,13651,28548,19139,21816,25455,14806,23772,30281,163817,88944,0,,,
3358,MI,"Flint, MI MSA",1p0c,691,331,999,364,317,0,574,3276,8292,3969,11982,4373,3807,0,6891,39314,77948,0,,,
3358,MI,"Flint, MI MSA",1p1c,986,485,1223,568,457,789,744,5252,11832,5821,14681,6815,5481,9469,8932,63029,77948,0,,,
3358,MI,"Flint, MI MSA",1p2c,986,715,1350,771,528,1467,938,6755,11832,8583,16198,9257,6338,17598,11258,81064,77948,0,,,
3358,MI,"Flint, MI MSA",1p3c,1215,953,1503,975,673,1675,1226,8220,14580,11437,18038,11699,8078,20099,14714,98645,77948,0,,,
3358,MI,"Flint, MI MSA",1p4c,1215,1167,1571,1034,740,1675,1410,8812,14580,14003,18853,12407,8874,20099,16924,105741,77948,0,,,
3358,MI,"Flint, MI MSA",2p0c,806,606,1177,729,439,0,683,4440,9672,7277,14125,8746,5262,0,8200,53282,77948,0,,,
3358,MI,"Flint, MI MSA",2p1c,986,752,1297,932,540,789,880,6176,11832,9029,15559,11188,6477,9469,10556,74110,77948,0,,,
3358,MI,"Flint, MI MSA",2p2c,986,957,1445,1136,603,1467,980,7573,11832,11482,17336,13630,7238,17598,11762,90879,77948,0,,,
3358,MI,"Flint, MI MSA",2p3c,1215,1167,1509,1339,740,1675,1084,8728,14580,14008,18102,16072,8876,20099,13002,104739,77948,0,,,
3358,MI,"Flint, MI MSA",2p4c,1215,1429,1560,1398,821,1675,1246,9344,14580,17145,18724,16780,9850,20099,14955,112133,77948,0,,,
3359,SC,"Florence, SC HUD Metro FMR Area",1p0c,857,321,1076,429,366,0,719,3767,10284,3854,12906,5146,4389,0,8626,45206,76991,0,,,
3359,SC,"Florence, SC HUD Metro FMR Area",1p1c,1065,471,1295,671,477,918,825,5722,12780,5651,15537,8055,5722,11018,9905,68669,76991,0,,,
3359,SC,"Florence, SC HUD Metro FMR Area",1p2c,1065,695,1416,914,546,1616,1086,7337,12780,8334,16997,10964,6555,19392,13026,88048,76991,0,,,
3359,SC,"Florence, SC HUD Metro FMR Area",1p3c,1359,925,1569,1156,709,1831,1533,9082,16308,11105,18824,13873,8511,21969,18390,108979,76991,0,,,
3359,SC,"Florence, SC HUD Metro FMR Area",1p4c,1359,1133,1634,1222,774,1831,1740,9692,16308,13596,19604,14661,9284,21969,20885,116307,76991,0,,,
3359,SC,"Florence, SC HUD Metro FMR Area",2p0c,862,589,1242,858,450,0,715,4717,10344,7066,14908,10293,5405,0,8582,56598,76991,0,,,
3359,SC,"Florence, SC HUD Metro FMR Area",2p1c,1065,731,1358,1100,558,918,932,6661,12780,8767,16296,13202,6690,11018,11182,79934,76991,0,,,
3359,SC,"Florence, SC HUD Metro FMR Area",2p2c,1065,929,1506,1343,619,1616,1053,8131,12780,11149,18067,16110,7429,19392,12639,97566,76991,0,,,
3359,SC,"Florence, SC HUD Metro FMR Area",2p3c,1359,1133,1567,1585,774,1831,1295,9544,16308,13601,18804,19019,9286,21969,15539,114525,76991,0,,,
3359,SC,"Florence, SC HUD Metro FMR Area",2p4c,1359,1387,1617,1651,853,1831,1479,10176,16308,16647,19404,19807,10232,21969,17744,122111,76991,0,,,
3360,SC,"Darlington County, SC HUD Metro FMR Area",1p0c,819,313,1087,476,351,0,718,3763,9828,3750,13038,5711,4216,0,8613,45156,62738,0,,,
3360,SC,"Darlington County, SC HUD Metro FMR Area",1p1c,1055,458,1302,747,470,614,734,5379,12660,5499,15628,8958,5638,7363,8803,64549,62738,0,,,
3360,SC,"Darlington County, SC HUD Metro FMR Area",1p2c,1055,676,1427,1017,537,1261,942,6915,12660,8109,17125,12205,6448,15131,11298,82977,62738,0,,,
3360,SC,"Darlington County, SC HUD Metro FMR Area",1p3c,1271,901,1518,1288,674,1460,1267,8379,15252,10806,18220,15452,8090,17521,15206,100547,62738,0,,,
3360,SC,"Darlington County, SC HUD Metro FMR Area",1p4c,1271,1103,1585,1357,737,1460,1464,8977,15252,13230,19023,16281,8843,17521,17568,107718,62738,0,,,
3360,SC,"Darlington County, SC HUD Metro FMR Area",2p0c,824,573,1247,952,434,0,725,4755,9888,6875,14968,11422,5205,0,8703,57061,62738,0,,,
3360,SC,"Darlington County, SC HUD Metro FMR Area",2p1c,1055,711,1365,1222,548,614,855,6371,12660,8530,16385,14669,6579,7363,10262,76449,62738,0,,,
3360,SC,"Darlington County, SC HUD Metro FMR Area",2p2c,1055,904,1451,1493,608,1261,943,7716,12660,10848,17417,17916,7299,15131,11317,92588,62738,0,,,
3360,SC,"Darlington County, SC HUD Metro FMR Area",2p3c,1271,1103,1514,1764,737,1460,1103,8952,15252,13234,18171,21163,8844,17521,13238,107424,62738,0,,,
3360,SC,"Darlington County, SC HUD Metro FMR Area",2p4c,1271,1350,1636,1833,814,1460,1310,9673,15252,16199,19633,21992,9765,17521,15720,116081,62738,0,,,
3361,AL,"Florence-Muscle Shoals, AL MSA",1p0c,674,345,1070,475,316,0,683,3563,8088,4141,12837,5699,3797,0,8198,42760,75938.35046,0,,,
3361,AL,"Florence-Muscle Shoals, AL MSA",1p1c,974,506,1317,706,460,644,837,5444,11688,6073,15799,8472,5514,7729,10049,65324,75938.35046,0,,,
3361,AL,"Florence-Muscle Shoals, AL MSA",1p2c,974,746,1453,937,534,1216,1030,6891,11688,8955,17436,11245,6409,14596,12365,82695,75938.35046,0,,,
3361,AL,"Florence-Muscle Shoals, AL MSA",1p3c,1196,994,1617,1168,680,1393,1356,8404,14352,11933,19407,14017,8161,16710,16269,100849,75938.35046,0,,,
3361,AL,"Florence-Muscle Shoals, AL MSA",1p4c,1196,1218,1689,1209,749,1393,1561,9015,14352,14610,20271,14508,8992,16710,18733,108176,75938.35046,0,,,
3361,AL,"Florence-Muscle Shoals, AL MSA",2p0c,743,633,1267,950,427,0,826,4845,8916,7593,15200,11398,5125,0,9909,58141,75938.35046,0,,,
3361,AL,"Florence-Muscle Shoals, AL MSA",2p1c,974,785,1395,1181,546,644,1019,6544,11688,9421,16741,14171,6554,7729,12222,78526,75938.35046,0,,,
3361,AL,"Florence-Muscle Shoals, AL MSA",2p2c,974,998,1553,1412,612,1216,1129,7895,11688,11980,18639,16944,7348,14596,13545,94741,75938.35046,0,,,
3361,AL,"Florence-Muscle Shoals, AL MSA",2p3c,1196,1218,1621,1643,749,1393,1283,9103,14352,14615,19446,19716,8993,16710,15397,109230,75938.35046,0,,,
3361,AL,"Florence-Muscle Shoals, AL MSA",2p4c,1196,1491,1675,1684,834,1393,1474,9746,14352,17889,20100,20207,10010,16710,17686,116954,75938.35046,0,,,
3362,WI,"Fond du Lac, WI MSA",1p0c,736,357,1102,446,339,0,688,3668,8832,4281,13223,5353,4071,0,8253,44013,97932,0,,,
3362,WI,"Fond du Lac, WI MSA",1p1c,1074,523,1413,699,496,1065,1070,6339,12888,6277,16952,8382,5950,12775,12843,76067,97932,0,,,
3362,WI,"Fond du Lac, WI MSA",1p2c,1074,771,1550,951,573,2002,1584,8505,12888,9257,18600,11411,6875,24029,19003,102063,97932,0,,,
3362,WI,"Fond du Lac, WI MSA",1p3c,1395,1028,1643,1203,752,2291,2119,10432,16740,12335,19720,14439,9027,27492,25425,125179,97932,0,,,
3362,WI,"Fond du Lac, WI MSA",1p4c,1395,1259,1709,1268,824,2291,2372,11118,16740,15102,20512,15219,9886,27492,28461,133413,97932,0,,,
3362,WI,"Fond du Lac, WI MSA",2p0c,865,654,1359,892,472,0,780,5022,10380,7848,16307,10706,5659,0,9364,60265,97932,0,,,
3362,WI,"Fond du Lac, WI MSA",2p1c,1074,812,1490,1145,585,1065,1133,7302,12888,9738,17874,13735,7025,12775,13594,87629,97932,0,,,
3362,WI,"Fond du Lac, WI MSA",2p2c,1074,1032,1578,1397,654,2002,1397,9134,12888,12384,18934,16764,7846,24029,16765,109610,97932,0,,,
3362,WI,"Fond du Lac, WI MSA",2p3c,1395,1259,1640,1649,824,2291,1811,10869,16740,15107,19681,19792,9888,27492,21732,130432,97932,0,,,
3362,WI,"Fond du Lac, WI MSA",2p4c,1395,1541,1689,1714,912,2291,2076,11618,16740,18491,20272,20572,10938,27492,24913,139419,97932,0,,,
3363,CO,"Fort Collins, CO MSA",1p0c,1434,389,1093,454,566,0,1026,4961,17208,4662,13119,5445,6790,0,12306,59530,118466,0,,,
3363,CO,"Fort Collins, CO MSA",1p1c,1695,570,1366,721,703,1473,1605,8133,20340,6836,16388,8650,8437,17678,19263,97593,118466,0,,,
3363,CO,"Fort Collins, CO MSA",1p2c,1695,840,1505,988,787,2376,2168,10359,20340,10080,18057,11856,9445,28515,26012,124305,118466,0,,,
3363,CO,"Fort Collins, CO MSA",1p3c,2375,1119,1597,1255,1085,2654,2954,13040,28500,13432,19166,15061,13019,31850,35449,156476,118466,0,,,
3363,CO,"Fort Collins, CO MSA",1p4c,2375,1371,1729,1331,1163,2654,3143,13765,28500,16446,20752,15972,13954,31850,37710,165183,118466,0,,,
3363,CO,"Fort Collins, CO MSA",2p0c,1442,712,1317,908,669,0,1046,6094,17304,8546,15808,10891,8026,0,12551,73125,118466,0,,,
3363,CO,"Fort Collins, CO MSA",2p1c,1695,884,1450,1175,801,1473,1538,9015,20340,10604,17402,14096,9607,17678,18454,108182,118466,0,,,
3363,CO,"Fort Collins, CO MSA",2p2c,1695,1124,1538,1442,875,2376,1976,11026,20340,13485,18458,17301,10502,28515,23709,132310,118466,0,,,
3363,CO,"Fort Collins, CO MSA",2p3c,2375,1371,1667,1709,1163,2654,2704,13642,28500,16451,20001,20506,13956,31850,32445,163709,118466,0,,,
3363,CO,"Fort Collins, CO MSA",2p4c,2375,1678,1717,1785,1258,2654,2961,14428,28500,20136,20600,21417,15100,31850,35527,173131,118466,0,,,
3364,AR,"Franklin County, AR HUD Metro FMR Area",1p0c,642,309,1159,481,295,0,666,3552,7704,3704,13908,5770,3542,0,7991,42618,63397,0,,,
3364,AR,"Franklin County, AR HUD Metro FMR Area",1p1c,848,453,1392,754,404,488,740,5078,10176,5431,16706,9052,4846,5850,8880,60940,63397,0,,,
3364,AR,"Franklin County, AR HUD Metro FMR Area",1p2c,848,667,1529,1028,471,922,850,6314,10176,8009,18342,12334,5646,11067,10196,75770,63397,0,,,
3364,AR,"Franklin County, AR HUD Metro FMR Area",1p3c,1060,889,1629,1301,605,1056,1152,7692,12720,10673,19545,15616,7263,12672,13821,92309,63397,0,,,
3364,AR,"Franklin County, AR HUD Metro FMR Area",1p4c,1060,1089,1703,1371,667,1056,1408,8353,12720,13067,20431,16450,8006,12672,16895,100241,63397,0,,,
3364,AR,"Franklin County, AR HUD Metro FMR Area",2p0c,646,566,1333,962,376,0,704,4586,7752,6791,15996,11540,4515,0,8443,55036,63397,0,,,
3364,AR,"Franklin County, AR HUD Metro FMR Area",2p1c,848,702,1461,1235,481,488,839,6054,10176,8425,17533,14822,5775,5850,10064,72644,63397,0,,,
3364,AR,"Franklin County, AR HUD Metro FMR Area",2p2c,848,893,1555,1509,541,922,876,7143,10176,10715,18658,18104,6486,11067,10506,85711,63397,0,,,
3364,AR,"Franklin County, AR HUD Metro FMR Area",2p3c,1060,1089,1624,1782,667,1056,987,8265,12720,13071,19482,21386,8007,12672,11842,99180,63397,0,,,
3364,AR,"Franklin County, AR HUD Metro FMR Area",2p4c,1060,1333,1755,1852,743,1056,1197,8996,12720,15999,21061,22220,8917,12672,14367,107955,63397,0,,,
3365,AR,"Fort Smith, AR-OK HUD Metro FMR Area",1p0c,689,319,1080,489,313,0,667,3557,8268,3829,12954,5872,3756,0,8007,42686,70358.71246,0,,,
3365,AR,"Fort Smith, AR-OK HUD Metro FMR Area",1p1c,910,468,1291,768,428,577,775,5216,10920,5615,15486,9215,5134,6920,9304,62593,70358.71246,0,,,
3365,AR,"Fort Smith, AR-OK HUD Metro FMR Area",1p2c,910,690,1413,1047,497,1031,906,6493,10920,8280,16954,12558,5961,12369,10876,77919,70358.71246,0,,,
3365,AR,"Fort Smith, AR-OK HUD Metro FMR Area",1p3c,1236,919,1502,1325,669,1171,1341,8163,14832,11033,18026,15902,8030,14046,16091,97960,70358.71246,0,,,
3365,AR,"Fort Smith, AR-OK HUD Metro FMR Area",1p4c,1236,1126,1568,1395,733,1171,1573,8801,14832,13508,18813,16743,8799,14046,18871,105611,70358.71246,0,,,
3365,AR,"Fort Smith, AR-OK HUD Metro FMR Area",2p0c,694,585,1240,979,397,0,707,4602,8328,7020,14877,11744,4765,0,8487,55221,70358.71246,0,,,
3365,AR,"Fort Smith, AR-OK HUD Metro FMR Area",2p1c,910,726,1356,1257,508,577,878,6211,10920,8710,16266,15087,6095,6920,10530,74528,70358.71246,0,,,
3365,AR,"Fort Smith, AR-OK HUD Metro FMR Area",2p2c,910,923,1440,1536,569,1031,923,7332,10920,11076,17278,18430,6829,12369,11077,87979,70358.71246,0,,,
3365,AR,"Fort Smith, AR-OK HUD Metro FMR Area",2p3c,1236,1126,1501,1815,733,1171,1105,8686,14832,13512,18016,21774,8800,14046,13254,104234,70358.71246,0,,,
3365,AR,"Fort Smith, AR-OK HUD Metro FMR Area",2p4c,1236,1378,1623,1885,812,1171,1338,9442,14832,16539,19471,22615,9740,14046,16055,113298,70358.71246,0,,,
3366,OK,"Fort Smith, AR-OK HUD Metro FMR Area",1p0c,689,319,1080,489,313,0,670,3560,8268,3829,12954,5872,3756,0,8042,42721,70358.71246,,,,
3366,OK,"Fort Smith, AR-OK HUD Metro FMR Area",1p1c,910,468,1291,768,428,577,720,5161,10920,5615,15486,9215,5134,6920,8638,61928,70358.71246,,,,
3366,OK,"Fort Smith, AR-OK HUD Metro FMR Area",1p2c,910,690,1413,1047,497,1031,833,6419,10920,8280,16954,12558,5961,12369,9991,77033,70358.71246,,,,
3366,OK,"Fort Smith, AR-OK HUD Metro FMR Area",1p3c,1236,919,1502,1325,669,1171,1164,7986,14832,11033,18026,15902,8030,14046,13963,95831,70358.71246,,,,
3366,OK,"Fort Smith, AR-OK HUD Metro FMR Area",1p4c,1236,1126,1568,1395,733,1171,1375,8603,14832,13508,18813,16743,8799,14046,16496,103237,70358.71246,,,,
3366,OK,"Fort Smith, AR-OK HUD Metro FMR Area",2p0c,694,585,1240,979,397,0,724,4619,8328,7020,14877,11744,4765,0,8691,55424,70358.71246,,,,
3366,OK,"Fort Smith, AR-OK HUD Metro FMR Area",2p1c,910,726,1356,1257,508,577,883,6217,10920,8710,16266,15087,6095,6920,10600,74598,70358.71246,,,,
3366,OK,"Fort Smith, AR-OK HUD Metro FMR Area",2p2c,910,923,1440,1536,569,1031,924,7333,10920,11076,17278,18430,6829,12369,11092,87994,70358.71246,,,,
3366,OK,"Fort Smith, AR-OK HUD Metro FMR Area",2p3c,1236,1126,1501,1815,733,1171,1105,8687,14832,13512,18016,21774,8800,14046,13262,104242,70358.71246,,,,
3366,OK,"Fort Smith, AR-OK HUD Metro FMR Area",2p4c,1236,1378,1623,1885,812,1171,1330,9433,14832,16539,19471,22615,9740,14046,15954,113197,70358.71246,,,,
3367,IN,"Fort Wayne, IN MSA",1p0c,943,327,1048,459,394,0,723,3894,11316,3923,12575,5504,4731,0,8677,46727,86105.61052,0,,,
3367,IN,"Fort Wayne, IN MSA",1p1c,1199,479,1272,719,521,944,913,6046,14388,5753,15258,8624,6253,11325,10955,72556,86105.61052,0,,,
3367,IN,"Fort Wayne, IN MSA",1p2c,1199,707,1453,979,592,1677,1239,7846,14388,8484,17441,11743,7101,20128,14873,94157,86105.61052,0,,,
3367,IN,"Fort Wayne, IN MSA",1p3c,1512,942,1540,1239,762,1903,1632,9530,18144,11305,18484,14862,9143,22837,19584,114359,86105.61052,0,,,
3367,IN,"Fort Wayne, IN MSA",1p4c,1512,1153,1602,1304,828,1903,1838,10141,18144,13841,19229,15653,9930,22837,22054,121688,86105.61052,0,,,
3367,IN,"Fort Wayne, IN MSA",2p0c,991,599,1224,917,494,0,828,5053,11892,7193,14682,11009,5925,0,9937,60639,86105.61052,0,,,
3367,IN,"Fort Wayne, IN MSA",2p1c,1199,744,1400,1177,603,944,1081,7147,14388,8925,16794,14128,7238,11325,12971,85769,86105.61052,0,,,
3367,IN,"Fort Wayne, IN MSA",2p2c,1199,946,1482,1437,666,1677,1185,8592,14388,11349,17784,17248,7991,20128,14217,103105,86105.61052,0,,,
3367,IN,"Fort Wayne, IN MSA",2p3c,1512,1154,1541,1697,828,1903,1448,10083,18144,13846,18487,20367,9932,22837,17378,120990,86105.61052,0,,,
3367,IN,"Fort Wayne, IN MSA",2p4c,1512,1412,1588,1763,908,1903,1635,10721,18144,16947,19051,21158,10895,22837,19617,128648,86105.61052,0,,,
3368,CA,"Fresno, CA MSA",1p0c,1210,338,1078,466,481,0,817,4388,14520,4050,12937,5586,5766,0,9800,52659,81068,1,66,11,95
3368,CA,"Fresno, CA MSA",1p1c,1505,495,1305,740,621,1029,966,6660,18060,5939,15663,8876,7451,12347,11589,79925,81068,1,66,11,95
3368,CA,"Fresno, CA MSA",1p2c,1505,730,1431,1014,694,1581,1241,8196,18060,8758,17172,12166,8326,18976,14895,98353,81068,1,66,11,95
3368,CA,"Fresno, CA MSA",1p3c,2109,973,1583,1288,957,1751,2121,10782,25308,11670,18997,15455,11481,21016,25453,129379,81068,1,66,11,95
3368,CA,"Fresno, CA MSA",1p4c,2109,1191,1649,1365,1024,1751,2326,11415,25308,14288,19793,16377,12293,21016,27911,136985,81068,1,66,11,95
3368,CA,"Fresno, CA MSA",2p0c,1217,619,1242,931,570,0,787,5366,14604,7425,14904,11173,6839,0,9448,64393,81068,1,66,11,95
3368,CA,"Fresno, CA MSA",2p1c,1505,768,1361,1205,706,1029,1065,7638,18060,9213,16326,14462,8467,12347,12777,91652,81068,1,66,11,95
3368,CA,"Fresno, CA MSA",2p2c,1505,976,1507,1479,770,1581,1184,9004,18060,11716,18084,17752,9245,18976,14211,108044,81068,1,66,11,95
3368,CA,"Fresno, CA MSA",2p3c,2109,1191,1569,1754,1025,1751,1725,11123,25308,14293,18829,21042,12295,21016,20699,133481,81068,1,66,11,95
3368,CA,"Fresno, CA MSA",2p4c,2109,1458,1619,1830,1107,1751,1957,11833,25308,17494,19432,21963,13289,21016,23488,141990,81068,1,66,11,95
3369,AL,"Gadsden, AL MSA",1p0c,646,350,1087,457,309,0,674,3523,7752,4200,13044,5485,3711,0,8083,42274,67790,0,,,
3369,AL,"Gadsden, AL MSA",1p1c,942,513,1309,679,452,525,780,5199,11304,6159,15702,8151,5422,6298,9354,62389,67790,0,,,
3369,AL,"Gadsden, AL MSA",1p2c,942,757,1434,901,527,1058,926,6546,11304,9082,17206,10817,6329,12697,11117,78552,67790,0,,,
3369,AL,"Gadsden, AL MSA",1p3c,1139,1009,1524,1124,667,1222,1173,7857,13668,12102,18290,13484,8001,14666,14079,94289,67790,0,,,
3369,AL,"Gadsden, AL MSA",1p4c,1139,1235,1660,1165,737,1222,1408,8565,13668,14817,19914,13975,8844,14666,16897,102780,67790,0,,,
3369,AL,"Gadsden, AL MSA",2p0c,810,642,1258,914,451,0,843,4918,9720,7700,15096,10970,5408,0,10115,59010,67790,0,,,
3369,AL,"Gadsden, AL MSA",2p1c,942,796,1377,1136,540,525,953,6269,11304,9554,16519,13636,6476,6298,11441,75227,67790,0,,,
3369,AL,"Gadsden, AL MSA",2p2c,942,1013,1462,1359,607,1058,1027,7467,11304,12150,17541,16302,7282,12697,12328,89603,67790,0,,,
3369,AL,"Gadsden, AL MSA",2p3c,1139,1235,1593,1581,737,1222,1155,8662,13668,14822,19116,18969,8845,14666,13859,103945,67790,0,,,
3369,AL,"Gadsden, AL MSA",2p4c,1139,1512,1646,1622,823,1222,1341,9304,13668,18142,19746,19460,9876,14666,16096,111653,67790,0,,,
3370,FL,"Levy County, FL HUD Metro FMR Area",1p0c,727,340,1101,534,331,0,546,3580,8724,4085,13207,6409,3977,0,6556,42958,62308,0,,,
3370,FL,"Levy County, FL HUD Metro FMR Area",1p1c,989,499,1332,839,462,608,591,5321,11868,5990,15980,10073,5544,7300,7097,63853,62308,0,,,
3370,FL,"Levy County, FL HUD Metro FMR Area",1p2c,989,736,1469,1145,536,1065,668,6608,11868,8833,17633,13738,6427,12775,8018,79292,62308,0,,,
3370,FL,"Levy County, FL HUD Metro FMR Area",1p3c,1281,981,1571,1450,702,1205,918,8108,15372,11770,18853,17403,8427,14460,11015,97299,62308,0,,,
3370,FL,"Levy County, FL HUD Metro FMR Area",1p4c,1281,1201,1646,1524,771,1205,1109,8736,15372,14410,19756,18284,9247,14460,13302,104830,62308,0,,,
3370,FL,"Levy County, FL HUD Metro FMR Area",2p0c,855,624,1272,1068,459,0,655,4933,10260,7489,15264,12818,5510,0,7856,59197,62308,0,,,
3370,FL,"Levy County, FL HUD Metro FMR Area",2p1c,989,774,1401,1374,547,608,728,6421,11868,9292,16807,16482,6569,7300,8734,77053,62308,0,,,
3370,FL,"Levy County, FL HUD Metro FMR Area",2p2c,989,985,1495,1679,613,1065,732,7557,11868,11816,17942,20147,7353,12775,8788,90689,62308,0,,,
3370,FL,"Levy County, FL HUD Metro FMR Area",2p3c,1281,1201,1565,1984,771,1205,847,8854,15372,14415,18779,23811,9248,14460,10168,106253,62308,0,,,
3370,FL,"Levy County, FL HUD Metro FMR Area",2p4c,1281,1470,1693,2058,854,1205,1026,9588,15372,17644,20321,24692,10251,14460,12313,115052,62308,0,,,
3371,FL,"Gainesville, FL HUD Metro FMR Area",1p0c,1176,384,1008,524,484,0,679,4255,14112,4605,12100,6283,5811,0,8150,51061,93242.5499,0,,,
3371,FL,"Gainesville, FL HUD Metro FMR Area",1p1c,1583,563,1229,823,666,799,869,6531,18996,6753,14746,9872,7994,9584,10427,78372,93242.5499,0,,,
3371,FL,"Gainesville, FL HUD Metro FMR Area",1p2c,1583,830,1407,1122,749,1466,1144,8302,18996,9958,16887,13461,8989,17597,13733,99622,93242.5499,0,,,
3371,FL,"Gainesville, FL HUD Metro FMR Area",1p3c,2016,1106,1493,1421,969,1672,1582,10259,24192,13269,17916,17051,11631,20063,18987,123108,93242.5499,0,,,
3371,FL,"Gainesville, FL HUD Metro FMR Area",1p4c,2016,1354,1554,1494,1046,1672,1793,10929,24192,16246,18650,17922,12555,20063,21520,131147,93242.5499,0,,,
3371,FL,"Gainesville, FL HUD Metro FMR Area",2p0c,1308,704,1183,1047,625,0,799,5665,15696,8442,14194,12566,7494,0,9583,67976,93242.5499,0,,,
3371,FL,"Gainesville, FL HUD Metro FMR Area",2p1c,1583,873,1356,1346,763,799,979,7698,18996,10475,16270,16155,9150,9584,11746,92376,93242.5499,0,,,
3371,FL,"Gainesville, FL HUD Metro FMR Area",2p2c,1583,1110,1438,1645,836,1466,1090,9169,18996,13321,17250,19744,10034,17597,13082,110025,93242.5499,0,,,
3371,FL,"Gainesville, FL HUD Metro FMR Area",2p3c,2016,1354,1496,1945,1046,1672,1377,10906,24192,16251,17947,23334,12556,20063,16528,130871,93242.5499,0,,,
3371,FL,"Gainesville, FL HUD Metro FMR Area",2p4c,2016,1658,1542,2017,1141,1672,1596,11641,24192,19891,18505,24205,13687,20063,19154,139697,93242.5499,0,,,
3372,GA,"Gainesville, GA MSA",1p0c,1149,362,1168,412,469,0,928,4488,13788,4339,14019,4947,5628,0,11141,53860,90997,0,,,
3372,GA,"Gainesville, GA MSA",1p1c,1505,530,1407,645,632,907,1265,6890,18060,6362,16880,7736,7582,10889,15174,82684,90997,0,,,
3372,GA,"Gainesville, GA MSA",1p2c,1505,782,1602,877,710,1323,1509,8308,18060,9382,19223,10525,8520,15878,18103,99690,90997,0,,,
3372,GA,"Gainesville, GA MSA",1p3c,1813,1042,1693,1110,886,1451,1911,9906,21756,12501,20320,13315,10636,17412,22926,118866,90997,0,,,
3372,GA,"Gainesville, GA MSA",1p4c,1813,1276,1759,1174,959,1451,2133,10564,21756,15306,21105,14088,11507,17412,25591,126765,90997,0,,,
3372,GA,"Gainesville, GA MSA",2p0c,1359,663,1354,824,628,0,1101,5928,16308,7954,16244,9893,7533,0,13207,71139,90997,0,,,
3372,GA,"Gainesville, GA MSA",2p1c,1505,822,1542,1057,723,907,1354,7911,18060,9869,18508,12683,8671,10889,16246,94926,90997,0,,,
3372,GA,"Gainesville, GA MSA",2p2c,1505,1046,1629,1289,792,1323,1387,8971,18060,12550,19544,15472,9504,15878,16641,107649,90997,0,,,
3372,GA,"Gainesville, GA MSA",2p3c,1813,1276,1690,1522,959,1451,1666,10377,21756,15311,20283,18261,11508,17412,19992,124524,90997,0,,,
3372,GA,"Gainesville, GA MSA",2p4c,1813,1562,1740,1586,1048,1451,1893,11092,21756,18740,20876,19035,12573,17412,22710,133102,90997,0,,,
3373,PA,"Gettysburg, PA MSA",1p0c,898,355,1151,509,389,0,769,4071,10776,4258,13814,6109,4668,0,9226,48850,98269,0,,,
3373,PA,"Gettysburg, PA MSA",1p1c,1289,520,1492,809,562,940,1128,6740,15468,6244,17906,9712,6741,11275,13530,80874,98269,0,,,
3373,PA,"Gettysburg, PA MSA",1p2c,1289,767,1643,1110,638,1846,1599,8892,15468,9207,19717,13315,7661,22150,19188,106705,98269,0,,,
3373,PA,"Gettysburg, PA MSA",1p3c,1711,1022,1745,1410,849,2125,2177,11038,20532,12269,20939,16917,10184,25496,26122,132458,98269,0,,,
3373,PA,"Gettysburg, PA MSA",1p4c,1711,1252,1817,1482,920,2125,2398,11703,20532,15021,21801,17780,11038,25496,28773,140441,98269,0,,,
3373,PA,"Gettysburg, PA MSA",2p0c,1041,651,1434,1018,525,0,967,5636,12492,7806,17203,12218,6302,0,11605,67626,98269,0,,,
3373,PA,"Gettysburg, PA MSA",2p1c,1289,807,1576,1318,651,940,1246,7827,15468,9685,18914,15821,7809,11275,14951,93923,98269,0,,,
3373,PA,"Gettysburg, PA MSA",2p2c,1289,1026,1672,1619,719,1846,1517,9688,15468,12317,20062,19423,8626,22150,18209,116255,98269,0,,,
3373,PA,"Gettysburg, PA MSA",2p3c,1711,1252,1739,1919,920,2125,1952,11617,20532,15026,20867,23026,11040,25496,23419,139406,98269,0,,,
3373,PA,"Gettysburg, PA MSA",2p4c,1711,1533,1866,1991,1007,2125,2232,12463,20532,18392,22389,23888,12085,25496,26779,149561,98269,0,,,
3374,NY,"Glens Falls, NY MSA",1p0c,1040,376,1132,581,440,0,930,4497,12480,4506,13582,6970,5274,0,11154,53966,93933.64195,0,,,
3374,NY,"Glens Falls, NY MSA",1p1c,1352,551,1390,975,591,1158,1435,7452,16224,6608,16681,11704,7089,13897,17215,89419,93933.64195,0,,,
3374,NY,"Glens Falls, NY MSA",1p2c,1352,812,1595,1015,672,2197,1975,9618,16224,9745,19145,12183,8063,26360,23700,115419,93933.64195,0,,,
3374,NY,"Glens Falls, NY MSA",1p3c,1751,1082,1696,1055,880,2516,2537,11516,21012,12985,20347,12661,10555,30194,30438,138193,93933.64195,0,,,
3374,NY,"Glens Falls, NY MSA",1p4c,1751,1325,1767,1095,955,2516,2816,12225,21012,15898,21207,13139,11460,30194,33795,146705,93933.64195,0,,,
3374,NY,"Glens Falls, NY MSA",2p0c,1079,689,1331,1162,549,0,1058,5867,12948,8262,15971,13939,6585,0,12696,70401,93933.64195,0,,,
3374,NY,"Glens Falls, NY MSA",2p1c,1352,854,1528,1632,685,1158,1528,8738,16224,10251,18340,19586,8220,13897,18336,104853,93933.64195,0,,,
3374,NY,"Glens Falls, NY MSA",2p2c,1352,1086,1623,1672,757,2197,1888,10575,16224,13036,19470,20064,9084,26360,22656,126894,93933.64195,0,,,
3374,NY,"Glens Falls, NY MSA",2p3c,1751,1325,1690,1712,955,2516,2325,12274,21012,15903,20274,20543,11461,30194,27904,147292,93933.64195,0,,,
3374,NY,"Glens Falls, NY MSA",2p4c,1751,1622,1743,1752,1047,2516,2611,13043,21012,19466,20916,21021,12567,30194,31335,156512,93933.64195,0,,,
3375,NC,"Goldsboro, NC MSA",1p0c,897,320,1080,575,378,0,801,4051,10764,3842,12955,6903,4535,0,9612,48612,73138,0,,,
3375,NC,"Goldsboro, NC MSA",1p1c,1184,470,1307,905,513,626,943,5949,14208,5634,15687,10864,6161,7508,11319,71382,73138,0,,,
3375,NC,"Goldsboro, NC MSA",1p2c,1184,692,1435,1235,583,986,1138,7253,14208,8309,17223,14825,6991,11826,13652,87034,73138,0,,,
3375,NC,"Goldsboro, NC MSA",1p3c,1456,923,1527,1565,739,1096,1520,8826,17472,11072,18321,18785,8862,13155,18242,105909,73138,0,,,
3375,NC,"Goldsboro, NC MSA",1p4c,1456,1130,1662,1642,803,1096,1804,9593,17472,13555,19944,19703,9633,13155,21651,115113,73138,0,,,
3375,NC,"Goldsboro, NC MSA",2p0c,902,587,1254,1151,462,0,888,5244,10824,7044,15051,13807,5548,0,10654,62928,73138,0,,,
3375,NC,"Goldsboro, NC MSA",2p1c,1184,728,1375,1481,594,626,1127,7115,14208,8740,16505,17767,7125,7508,13523,85377,73138,0,,,
3375,NC,"Goldsboro, NC MSA",2p2c,1184,926,1462,1811,655,986,1171,8194,14208,11115,17540,21728,7862,11826,14054,98333,73138,0,,,
3375,NC,"Goldsboro, NC MSA",2p3c,1456,1130,1593,2141,803,1096,1433,9651,17472,13560,19114,25689,9635,13155,17194,115817,73138,0,,,
3375,NC,"Goldsboro, NC MSA",2p4c,1456,1383,1646,2217,882,1096,1657,10337,17472,16597,19749,26606,10578,13155,19889,124046,73138,0,,,
3376,MN,"Grand Forks, ND-MN MSA",1p0c,777,339,1026,441,347,0,644,3575,9324,4072,12317,5296,4159,0,7733,42902,97500.46845,0,,,
3376,MN,"Grand Forks, ND-MN MSA",1p1c,984,498,1329,701,460,926,908,5806,11808,5971,15953,8408,5520,11108,10898,69666,97500.46845,0,,,
3376,MN,"Grand Forks, ND-MN MSA",1p2c,984,734,1463,960,533,1808,1365,7847,11808,8805,17554,11519,6400,21697,16375,94158,97500.46845,0,,,
3376,MN,"Grand Forks, ND-MN MSA",1p3c,1379,978,1553,1219,732,2080,1938,9877,16548,11733,18631,14631,8781,24955,23250,118529,97500.46845,0,,,
3376,MN,"Grand Forks, ND-MN MSA",1p4c,1379,1197,1680,1277,800,2080,2175,10587,16548,14366,20163,15319,9598,24955,26101,127049,97500.46845,0,,,
3376,MN,"Grand Forks, ND-MN MSA",2p0c,782,622,1279,883,436,0,743,4745,9384,7466,15342,10593,5231,0,8920,56936,97500.46845,0,,,
3376,MN,"Grand Forks, ND-MN MSA",2p1c,984,772,1405,1142,545,926,1014,6788,11808,9263,16864,13704,6542,11108,12165,81453,97500.46845,0,,,
3376,MN,"Grand Forks, ND-MN MSA",2p2c,984,982,1490,1401,610,1808,1211,8487,11808,11780,17883,16816,7323,21697,14535,101841,97500.46845,0,,,
3376,MN,"Grand Forks, ND-MN MSA",2p3c,1379,1198,1614,1661,800,2080,1629,10360,16548,14371,19371,19927,9599,24955,19549,124320,97500.46845,0,,,
3376,MN,"Grand Forks, ND-MN MSA",2p4c,1379,1466,1663,1718,883,2080,1831,11020,16548,17589,19955,20615,10599,24955,21974,132235,97500.46845,0,,,
3377,ND,"Grand Forks, ND-MN MSA",1p0c,777,339,1026,441,347,0,521,3452,9324,4072,12317,5296,4159,0,6254,41423,97500.46845,,,,
3377,ND,"Grand Forks, ND-MN MSA",1p1c,984,498,1329,701,460,926,644,5541,11808,5971,15953,8408,5520,11108,7726,66495,97500.46845,,,,
3377,ND,"Grand Forks, ND-MN MSA",1p2c,984,734,1463,960,533,1808,911,7393,11808,8805,17554,11519,6400,21697,10931,88714,97500.46845,,,,
3377,ND,"Grand Forks, ND-MN MSA",1p3c,1379,978,1553,1219,732,2080,1357,9297,16548,11733,18631,14631,8781,24955,16280,111558,97500.46845,,,,
3377,ND,"Grand Forks, ND-MN MSA",1p4c,1379,1197,1680,1277,800,2080,1593,10006,16548,14366,20163,15319,9598,24955,19118,120066,97500.46845,,,,
3377,ND,"Grand Forks, ND-MN MSA",2p0c,782,622,1279,883,436,0,587,4588,9384,7466,15342,10593,5231,0,7045,55060,97500.46845,,,,
3377,ND,"Grand Forks, ND-MN MSA",2p1c,984,772,1405,1142,545,926,748,6522,11808,9263,16864,13704,6542,11108,8971,78260,97500.46845,,,,
3377,ND,"Grand Forks, ND-MN MSA",2p2c,984,982,1490,1401,610,1808,848,8123,11808,11780,17883,16816,7323,21697,10172,97479,97500.46845,,,,
3377,ND,"Grand Forks, ND-MN MSA",2p3c,1379,1198,1614,1661,800,2080,1114,9845,16548,14371,19371,19927,9599,24955,13369,118140,97500.46845,,,,
3377,ND,"Grand Forks, ND-MN MSA",2p4c,1379,1466,1663,1718,883,2080,1287,10475,16548,17589,19955,20615,10599,24955,15444,125705,97500.46845,,,,
3378,NE,"Hall County, NE HUD Metro FMR Area",1p0c,770,320,1059,566,339,0,696,3750,9240,3842,12713,6794,4062,0,8354,45005,82474,0,,,
3378,NE,"Hall County, NE HUD Metro FMR Area",1p1c,1123,470,1287,890,494,824,900,5989,13476,5634,15447,10685,5933,9885,10802,71864,82474,0,,,
3378,NE,"Hall County, NE HUD Metro FMR Area",1p2c,1123,692,1471,1215,564,1622,1369,8056,13476,8309,17651,14576,6764,19467,16428,96670,82474,0,,,
3378,NE,"Hall County, NE HUD Metro FMR Area",1p3c,1426,923,1558,1539,729,1868,1902,9945,17112,11072,18698,18467,8750,22415,22823,119337,82474,0,,,
3378,NE,"Hall County, NE HUD Metro FMR Area",1p4c,1426,1130,1620,1613,793,1868,2124,10574,17112,13555,19445,19353,9521,22415,25482,126884,82474,0,,,
3378,NE,"Hall County, NE HUD Metro FMR Area",2p0c,911,587,1238,1132,465,0,804,5137,10932,7044,14850,13588,5581,0,9643,61639,82474,0,,,
3378,NE,"Hall County, NE HUD Metro FMR Area",2p1c,1123,728,1414,1457,575,824,1068,7189,13476,8740,16969,17479,6898,9885,12817,86264,82474,0,,,
3378,NE,"Hall County, NE HUD Metro FMR Area",2p2c,1123,926,1496,1781,636,1622,1273,8858,13476,11115,17951,21370,7635,19467,15276,106290,82474,0,,,
3378,NE,"Hall County, NE HUD Metro FMR Area",2p3c,1426,1130,1554,2105,794,1868,1657,10534,17112,13560,18648,25261,9523,22415,19888,126407,82474,0,,,
3378,NE,"Hall County, NE HUD Metro FMR Area",2p4c,1426,1383,1601,2179,872,1868,1885,11214,17112,16597,19206,26147,10466,22415,22623,134566,82474,0,,,
3379,NE,"Howard County, NE HUD Metro FMR Area",1p0c,685,320,1270,566,312,0,732,3885,8220,3842,15238,6794,3745,0,8779,46619,90463,0,,,
3379,NE,"Howard County, NE HUD Metro FMR Area",1p1c,999,470,1566,890,456,824,952,6157,11988,5634,18795,10685,5471,9885,11429,73888,90463,0,,,
3379,NE,"Howard County, NE HUD Metro FMR Area",1p2c,999,692,1798,1215,525,1622,1466,8317,11988,8309,21572,14576,6302,19467,17587,99801,90463,0,,,
3379,NE,"Howard County, NE HUD Metro FMR Area",1p3c,1204,923,1911,1539,660,1868,1941,10046,14448,11072,22930,18467,7923,22415,23294,120548,90463,0,,,
3379,NE,"Howard County, NE HUD Metro FMR Area",1p4c,1204,1130,1992,1613,725,1868,2174,10705,14448,13555,23900,19353,8694,22415,26092,128458,90463,0,,,
3379,NE,"Howard County, NE HUD Metro FMR Area",2p0c,823,587,1493,1132,438,0,849,5322,9876,7044,17918,13588,5253,0,10184,63864,90463,0,,,
3379,NE,"Howard County, NE HUD Metro FMR Area",2p1c,999,728,1715,1457,536,824,1117,7375,11988,8740,20575,17479,6436,9885,13398,88501,90463,0,,,
3379,NE,"Howard County, NE HUD Metro FMR Area",2p2c,999,926,1820,1781,598,1622,1351,9097,11988,11115,21842,21370,7173,19467,16213,109168,90463,0,,,
3379,NE,"Howard County, NE HUD Metro FMR Area",2p3c,1204,1130,1895,2105,725,1868,1684,10611,14448,13560,22744,25261,8696,22415,20209,127332,90463,0,,,
3379,NE,"Howard County, NE HUD Metro FMR Area",2p4c,1204,1383,1955,2179,803,1868,1923,11315,14448,16597,23460,26147,9639,22415,23071,135777,90463,0,,,
3380,NE,"Merrick County, NE HUD Metro FMR Area",1p0c,622,320,1215,566,293,0,682,3698,7464,3842,14574,6794,3510,0,8187,44371,83087,0,,,
3380,NE,"Merrick County, NE HUD Metro FMR Area",1p1c,907,470,1506,890,427,824,878,5902,10884,5634,18075,10685,5129,9885,10531,70823,83087,0,,,
3380,NE,"Merrick County, NE HUD Metro FMR Area",1p2c,907,692,1734,1215,497,1622,1357,8024,10884,8309,20808,14576,5959,19467,16287,96290,83087,0,,,
3380,NE,"Merrick County, NE HUD Metro FMR Area",1p3c,1113,923,1847,1539,632,1868,1825,9746,13356,11072,22161,18467,7584,22415,21897,116951,83087,0,,,
3380,NE,"Merrick County, NE HUD Metro FMR Area",1p4c,1113,1130,1927,1613,696,1868,2076,10423,13356,13555,23126,19353,8355,22415,24912,125072,83087,0,,,
3380,NE,"Merrick County, NE HUD Metro FMR Area",2p0c,752,587,1438,1132,416,0,801,5126,9024,7044,17254,13588,4989,0,9612,61511,83087,0,,,
3380,NE,"Merrick County, NE HUD Metro FMR Area",2p1c,907,728,1656,1457,508,824,1054,7133,10884,8740,19868,17479,6093,9885,12642,85592,83087,0,,,
3380,NE,"Merrick County, NE HUD Metro FMR Area",2p2c,907,926,1761,1781,569,1622,1264,8831,10884,11115,21132,21370,6830,19467,15173,105970,83087,0,,,
3380,NE,"Merrick County, NE HUD Metro FMR Area",2p3c,1113,1130,1836,2105,696,1868,1590,10338,13356,13560,22029,25261,8357,22415,19077,124054,83087,0,,,
3380,NE,"Merrick County, NE HUD Metro FMR Area",2p4c,1113,1383,1895,2179,775,1868,1820,11033,13356,16597,22745,26147,9300,22415,21837,132397,83087,0,,,
3381,CO,"Grand Junction, CO MSA",1p0c,873,359,1036,449,382,0,708,3807,10476,4304,12435,5384,4589,0,8491,45679,88062,0,,,
3381,CO,"Grand Junction, CO MSA",1p1c,1245,526,1273,713,550,919,968,6194,14940,6311,15279,8553,6598,11023,11620,74324,88062,0,,,
3381,CO,"Grand Junction, CO MSA",1p2c,1245,776,1462,977,627,1602,1349,8038,14940,9307,17546,11721,7528,19227,16187,96456,88062,0,,,
3381,CO,"Grand Junction, CO MSA",1p3c,1745,1034,1554,1241,863,1813,1945,10194,20940,12402,18649,14890,10352,21751,23342,122326,88062,0,,,
3381,CO,"Grand Junction, CO MSA",1p4c,1745,1265,1620,1316,935,1813,2184,10878,20940,15184,19436,15797,11215,21751,26207,130530,88062,0,,,
3381,CO,"Grand Junction, CO MSA",2p0c,961,658,1222,897,503,0,787,5027,11532,7891,14660,10768,6030,0,9441,60323,88062,0,,,
3381,CO,"Grand Junction, CO MSA",2p1c,1245,816,1405,1161,640,919,1119,7305,14940,9790,16854,13937,7678,11023,13432,87654,88062,0,,,
3381,CO,"Grand Junction, CO MSA",2p2c,1245,1038,1492,1426,709,1602,1260,8771,14940,12450,17903,17106,8504,19227,15120,105249,88062,0,,,
3381,CO,"Grand Junction, CO MSA",2p3c,1745,1266,1554,1690,935,1813,1694,10696,20940,15189,18647,20274,11217,21751,20332,128351,88062,0,,,
3381,CO,"Grand Junction, CO MSA",2p4c,1745,1549,1604,1765,1023,1813,1945,11444,20940,18591,19243,21181,12273,21751,23343,137323,88062,0,,,
3382,MI,"Grand Rapids-Wyoming, MI HUD Metro FMR Area",1p0c,1163,354,1065,406,471,0,750,4209,13956,4246,12777,4876,5651,0,8996,50502,99116,1,85,87,54
3382,MI,"Grand Rapids-Wyoming, MI HUD Metro FMR Area",1p1c,1443,519,1367,635,609,690,1011,6274,17316,6227,16406,7619,7309,8283,12128,75288,99116,1,85,87,54
3382,MI,"Grand Rapids-Wyoming, MI HUD Metro FMR Area",1p2c,1443,765,1500,864,686,1291,1284,7831,17316,9182,17996,10362,8227,15489,15402,93973,99116,1,85,87,54
3382,MI,"Grand Rapids-Wyoming, MI HUD Metro FMR Area",1p3c,1880,1020,1589,1092,900,1476,1750,9706,22560,12235,19072,13105,10803,17706,20995,116476,99116,1,85,87,54
3382,MI,"Grand Rapids-Wyoming, MI HUD Metro FMR Area",1p4c,1880,1248,1653,1154,971,1476,1959,10341,22560,14980,19831,13849,11655,17706,23508,124090,99116,1,85,87,54
3382,MI,"Grand Rapids-Wyoming, MI HUD Metro FMR Area",2p0c,1209,649,1321,813,577,0,953,5521,14508,7785,15850,9752,6921,0,11430,66246,99116,1,85,87,54
3382,MI,"Grand Rapids-Wyoming, MI HUD Metro FMR Area",2p1c,1443,805,1448,1041,698,690,1148,7273,17316,9659,17372,12495,8375,8283,13775,87273,99116,1,85,87,54
3382,MI,"Grand Rapids-Wyoming, MI HUD Metro FMR Area",2p2c,1443,1024,1533,1270,766,1291,1211,8537,17316,12283,18397,15237,9190,15489,14532,102445,99116,1,85,87,54
3382,MI,"Grand Rapids-Wyoming, MI HUD Metro FMR Area",2p3c,1880,1249,1593,1498,971,1476,1526,10193,22560,14985,19117,17980,11657,17706,18306,122312,99116,1,85,87,54
3382,MI,"Grand Rapids-Wyoming, MI HUD Metro FMR Area",2p4c,1880,1529,1710,1560,1058,1476,1752,10964,22560,18342,20522,18725,12699,17706,21018,131573,99116,1,85,87,54
3383,MI,"Ionia County, MI HUD Metro FMR Area",1p0c,806,320,1180,395,350,0,675,3725,9672,3842,14156,4744,4196,0,8095,44705,85030,0,,,
3383,MI,"Ionia County, MI HUD Metro FMR Area",1p1c,1175,470,1430,617,511,613,837,5652,14100,5634,17154,7408,6127,7357,10039,67818,85030,0,,,
3383,MI,"Ionia County, MI HUD Metro FMR Area",1p2c,1175,692,1567,839,580,1073,987,6914,14100,8309,18805,10071,6957,12880,11842,82964,85030,0,,,
3383,MI,"Ionia County, MI HUD Metro FMR Area",1p3c,1429,923,1736,1061,730,1215,1278,8371,17148,11072,20828,12735,8761,14579,15334,100457,85030,0,,,
3383,MI,"Ionia County, MI HUD Metro FMR Area",1p4c,1429,1130,1809,1123,794,1215,1464,8963,17148,13555,21702,13470,9533,14579,17570,107558,85030,0,,,
3383,MI,"Ionia County, MI HUD Metro FMR Area",2p0c,896,587,1370,791,460,0,796,4900,10752,7044,16434,9487,5525,0,9554,58797,85030,0,,,
3383,MI,"Ionia County, MI HUD Metro FMR Area",2p1c,1175,728,1499,1013,591,613,988,6607,14100,8740,17986,12151,7091,7357,11859,79285,85030,0,,,
3383,MI,"Ionia County, MI HUD Metro FMR Area",2p2c,1175,926,1661,1235,652,1073,1021,7744,14100,11115,19933,14815,7829,12880,12252,92924,85030,0,,,
3383,MI,"Ionia County, MI HUD Metro FMR Area",2p3c,1429,1130,1729,1457,795,1215,1128,8882,17148,13560,20749,17479,9534,14579,13540,106589,85030,0,,,
3383,MI,"Ionia County, MI HUD Metro FMR Area",2p4c,1429,1383,1784,1518,873,1215,1291,9493,17148,16597,21406,18214,10477,14579,15489,113910,85030,0,,,
3384,MI,"Holland-Grand Haven, MI HUD Metro FMR Area",1p0c,953,354,1157,435,406,0,736,4041,11436,4246,13887,5222,4869,0,8828,48489,105595,0,,,
3384,MI,"Holland-Grand Haven, MI HUD Metro FMR Area",1p1c,1363,519,1498,681,584,671,1039,6356,16356,6227,17979,8173,7011,8056,12467,76267,105595,0,,,
3384,MI,"Holland-Grand Haven, MI HUD Metro FMR Area",1p2c,1363,765,1646,927,661,1347,1367,8075,16356,9182,19746,11123,7929,16159,16405,96899,105595,0,,,
3384,MI,"Holland-Grand Haven, MI HUD Metro FMR Area",1p3c,1750,1020,1744,1173,860,1554,1830,9930,21000,12235,20922,14073,10319,18652,21963,119164,105595,0,,,
3384,MI,"Holland-Grand Haven, MI HUD Metro FMR Area",1p4c,1750,1248,1885,1237,931,1554,2086,10692,21000,14980,22622,14844,11171,18652,25037,128306,105595,0,,,
3384,MI,"Holland-Grand Haven, MI HUD Metro FMR Area",2p0c,1197,649,1443,870,573,0,1007,5740,14364,7785,17319,10444,6877,0,12089,68878,105595,0,,,
3384,MI,"Holland-Grand Haven, MI HUD Metro FMR Area",2p1c,1363,805,1583,1116,673,671,1175,7387,16356,9659,18997,13395,8077,8056,14103,88643,105595,0,,,
3384,MI,"Holland-Grand Haven, MI HUD Metro FMR Area",2p2c,1363,1024,1676,1362,741,1347,1280,8792,16356,12283,20108,16345,8892,16159,15359,105502,105595,0,,,
3384,MI,"Holland-Grand Haven, MI HUD Metro FMR Area",2p3c,1750,1249,1813,1608,931,1554,1636,10541,21000,14985,21759,19295,11172,18652,19626,126490,105595,0,,,
3384,MI,"Holland-Grand Haven, MI HUD Metro FMR Area",2p4c,1750,1529,1866,1672,1018,1554,1841,11229,21000,18342,22390,20066,12215,18652,22089,134753,105595,0,,,
3385,MI,"Montcalm County, MI HUD Metro FMR Area",1p0c,740,322,1173,395,330,0,656,3616,8880,3865,14081,4744,3957,0,7866,43394,73734,0,,,
3385,MI,"Montcalm County, MI HUD Metro FMR Area",1p1c,1058,472,1429,617,475,634,799,5486,12696,5668,17153,7408,5702,7612,9588,65827,73734,0,,,
3385,MI,"Montcalm County, MI HUD Metro FMR Area",1p2c,1058,697,1572,839,545,1114,942,6766,12696,8359,18869,10071,6537,13366,11298,81196,73734,0,,,
3385,MI,"Montcalm County, MI HUD Metro FMR Area",1p3c,1297,928,1745,1061,691,1261,1221,8205,15564,11138,20942,12735,8290,15136,14649,98455,73734,0,,,
3385,MI,"Montcalm County, MI HUD Metro FMR Area",1p4c,1297,1136,1822,1123,756,1261,1407,8801,15564,13637,21858,13470,9066,15136,16878,105609,73734,0,,,
3385,MI,"Montcalm County, MI HUD Metro FMR Area",2p0c,883,591,1368,791,458,0,793,4883,10596,7087,16419,9487,5490,0,9513,58592,73734,0,,,
3385,MI,"Montcalm County, MI HUD Metro FMR Area",2p1c,1058,733,1502,1013,556,634,946,6442,12696,8793,18028,12151,6672,7612,11352,77304,73734,0,,,
3385,MI,"Montcalm County, MI HUD Metro FMR Area",2p2c,1058,932,1668,1235,618,1114,990,7614,12696,11182,20019,14815,7413,13366,11880,91371,73734,0,,,
3385,MI,"Montcalm County, MI HUD Metro FMR Area",2p3c,1297,1137,1739,1457,756,1261,1084,8731,15564,13641,20872,17479,9067,15136,13011,104771,73734,0,,,
3385,MI,"Montcalm County, MI HUD Metro FMR Area",2p4c,1297,1391,1797,1518,835,1261,1247,9346,15564,16697,21561,18214,10016,15136,14959,112147,73734,0,,,
3386,OR,"Grants Pass, OR MSA",1p0c,906,374,1054,545,397,0,955,4230,10872,4489,12642,6536,4769,0,11455,50763,71624,0,,,
3386,OR,"Grants Pass, OR MSA",1p1c,1321,549,1288,820,580,968,1441,6967,15852,6582,15459,9839,6965,11619,17291,83608,71624,0,,,
3386,OR,"Grants Pass, OR MSA",1p2c,1321,809,1424,1095,661,1405,1764,8480,15852,9706,17089,13142,7935,16860,21173,101757,71624,0,,,
3386,OR,"Grants Pass, OR MSA",1p3c,1851,1078,1523,1370,909,1539,2473,10744,22212,12933,18270,16445,10912,18473,29680,128925,71624,0,,,
3386,OR,"Grants Pass, OR MSA",1p4c,1851,1320,1660,1420,984,1539,2785,11560,22212,15835,19922,17035,11813,18473,33425,138714,71624,0,,,
3386,OR,"Grants Pass, OR MSA",2p0c,1007,686,1226,1089,526,0,1146,5680,12084,8229,14713,13073,6307,0,13752,68158,71624,0,,,
3386,OR,"Grants Pass, OR MSA",2p1c,1321,851,1354,1365,674,968,1606,8139,15852,10210,16242,16375,8092,11619,19275,97666,71624,0,,,
3386,OR,"Grants Pass, OR MSA",2p2c,1321,1082,1446,1640,746,1405,1755,9395,15852,12984,17348,19678,8953,16860,21065,112741,71624,0,,,
3386,OR,"Grants Pass, OR MSA",2p3c,1851,1320,1578,1915,985,1539,2363,11551,22212,15840,18941,22981,11814,18473,28355,138616,71624,0,,,
3386,OR,"Grants Pass, OR MSA",2p4c,1851,1616,1635,1964,1076,1539,2641,12324,22212,19388,19625,23571,12916,18473,31697,147882,71624,0,,,
3387,MT,"Great Falls, MT MSA",1p0c,903,344,1022,459,387,0,775,3890,10836,4131,12261,5505,4647,0,9299,46679,84338,0,,,
3387,MT,"Great Falls, MT MSA",1p1c,1244,505,1255,729,543,997,1109,6382,14928,6057,15060,8746,6515,11965,13307,76579,84338,0,,,
3387,MT,"Great Falls, MT MSA",1p2c,1244,744,1443,999,617,1994,1738,8780,14928,8933,17320,11987,7408,23930,20854,105360,84338,0,,,
3387,MT,"Great Falls, MT MSA",1p3c,1743,992,1537,1269,849,2301,2456,11146,20916,11903,18439,15228,10189,27611,29467,133754,84338,0,,,
3387,MT,"Great Falls, MT MSA",1p4c,1743,1214,1604,1345,918,2301,2708,11833,20916,14573,19244,16144,11018,27611,32491,141998,84338,0,,,
3387,MT,"Great Falls, MT MSA",2p0c,948,631,1203,918,490,0,811,5001,11376,7573,14441,11010,5883,0,9726,60010,84338,0,,,
3387,MT,"Great Falls, MT MSA",2p1c,1244,783,1383,1188,629,997,1223,7448,14928,9397,16599,14251,7552,11965,14679,89371,84338,0,,,
3387,MT,"Great Falls, MT MSA",2p2c,1244,996,1470,1458,695,1994,1552,9409,14928,11950,17641,17492,8345,23930,18618,112903,84338,0,,,
3387,MT,"Great Falls, MT MSA",2p3c,1743,1215,1532,1728,918,2301,2129,11566,20916,14578,18386,20733,11020,27611,25542,138786,84338,0,,,
3387,MT,"Great Falls, MT MSA",2p4c,1743,1487,1582,1804,1003,2301,2387,12307,20916,17843,18986,21649,12034,27611,28645,147685,84338,0,,,
3388,CO,"Greeley, CO MSA",1p0c,1107,369,1156,451,458,0,848,4388,13284,4431,13867,5409,5500,0,10170,52660,107207,0,,,
3388,CO,"Greeley, CO MSA",1p1c,1528,541,1487,716,643,1277,1433,7625,18336,6497,17848,8592,7710,15324,17192,91500,107207,0,,,
3388,CO,"Greeley, CO MSA",1p2c,1528,798,1632,981,722,2017,1887,9565,18336,9581,19580,11776,8668,24205,22638,114784,107207,0,,,
3388,CO,"Greeley, CO MSA",1p3c,2141,1064,1729,1247,995,2245,2602,12022,25692,12767,20742,14959,11941,26938,31220,144258,107207,0,,,
3388,CO,"Greeley, CO MSA",1p4c,2141,1303,1797,1322,1069,2245,2860,12736,25692,15631,21559,15868,12830,26938,34317,152835,107207,0,,,
3388,CO,"Greeley, CO MSA",2p0c,1203,677,1431,902,584,0,965,5762,14436,8123,17174,10818,7004,0,11582,69138,107207,0,,,
3388,CO,"Greeley, CO MSA",2p1c,1528,840,1569,1167,735,1277,1414,8529,18336,10079,18822,14001,8822,15324,16967,102351,107207,0,,,
3388,CO,"Greeley, CO MSA",2p2c,1528,1068,1660,1432,806,2017,1712,10223,18336,12817,19920,17185,9672,24205,20541,122677,107207,0,,,
3388,CO,"Greeley, CO MSA",2p3c,2141,1303,1724,1697,1069,2245,2306,12486,25692,15637,20690,20368,12831,26938,27674,149830,107207,0,,,
3388,CO,"Greeley, CO MSA",2p4c,2141,1595,1849,1773,1160,2245,2610,13373,25692,19139,22185,21277,13919,26938,31322,160471,107207,0,,,
3389,WI,"Green Bay, WI HUD Metro FMR Area",1p0c,841,358,1058,466,372,0,728,3823,10092,4298,12696,5589,4468,0,8730,45874,99846.84695,0,,,
3389,WI,"Green Bay, WI HUD Metro FMR Area",1p1c,1147,525,1366,730,519,1280,1219,6786,13764,6303,16393,8759,6230,15356,14631,81437,99846.84695,0,,,
3389,WI,"Green Bay, WI HUD Metro FMR Area",1p2c,1147,775,1500,994,597,2300,1805,9118,13764,9294,18004,11929,7159,27602,21661,109414,99846.84695,0,,,
3389,WI,"Green Bay, WI HUD Metro FMR Area",1p3c,1521,1032,1590,1258,793,2614,2415,11223,18252,12385,19083,15099,9512,31370,28979,134681,99846.84695,0,,,
3389,WI,"Green Bay, WI HUD Metro FMR Area",1p4c,1521,1264,1720,1325,865,2614,2710,12019,18252,15163,20645,15897,10375,31370,32520,144223,99846.84695,0,,,
3389,WI,"Green Bay, WI HUD Metro FMR Area",2p0c,918,657,1317,932,489,0,805,5117,11016,7880,15804,11179,5867,0,9659,61405,99846.84695,0,,,
3389,WI,"Green Bay, WI HUD Metro FMR Area",2p1c,1147,815,1445,1196,609,1280,1247,7738,13764,9777,17339,14349,7309,15356,14959,92854,99846.84695,0,,,
3389,WI,"Green Bay, WI HUD Metro FMR Area",2p2c,1147,1036,1530,1460,678,2300,1602,9753,13764,12434,18363,17519,8134,27602,19219,117035,99846.84695,0,,,
3389,WI,"Green Bay, WI HUD Metro FMR Area",2p3c,1521,1264,1657,1724,865,2614,2141,11786,18252,15169,19883,20689,10376,31370,25689,141428,99846.84695,0,,,
3389,WI,"Green Bay, WI HUD Metro FMR Area",2p4c,1521,1547,1706,1791,953,2614,2411,12542,18252,18566,20470,21486,11431,31370,28926,150502,99846.84695,0,,,
3390,WI,"Oconto County, WI HUD Metro FMR Area",1p0c,683,328,1247,466,314,0,708,3745,8196,3935,14964,5589,3766,0,8491,44941,90654,0,,,
3390,WI,"Oconto County, WI HUD Metro FMR Area",1p1c,933,481,1537,730,439,862,950,5931,11196,5770,18442,8759,5267,10342,11398,71175,90654,0,,,
3390,WI,"Oconto County, WI HUD Metro FMR Area",1p2c,933,709,1766,994,510,1637,1373,7923,11196,8508,21196,11929,6118,19649,16480,95076,90654,0,,,
3390,WI,"Oconto County, WI HUD Metro FMR Area",1p3c,1177,945,1879,1258,659,1876,1819,9614,14124,11338,22552,15099,7905,22513,21831,115362,90654,0,,,
3390,WI,"Oconto County, WI HUD Metro FMR Area",1p4c,1177,1157,1960,1325,725,1876,2058,10277,14124,13881,23524,15897,8695,22513,24692,123325,90654,0,,,
3390,WI,"Oconto County, WI HUD Metro FMR Area",2p0c,759,601,1469,932,422,0,760,4943,9108,7214,17626,11179,5067,0,9117,59311,90654,0,,,
3390,WI,"Oconto County, WI HUD Metro FMR Area",2p1c,933,746,1688,1196,521,862,1054,7000,11196,8950,20260,14349,6255,10342,12646,83998,90654,0,,,
3390,WI,"Oconto County, WI HUD Metro FMR Area",2p2c,933,949,1794,1460,584,1637,1225,8582,11196,11382,21525,17519,7010,19649,14697,102978,90654,0,,,
3390,WI,"Oconto County, WI HUD Metro FMR Area",2p3c,1177,1157,1869,1724,725,1876,1536,10064,14124,13886,22428,20689,8696,22513,18433,120769,90654,0,,,
3390,WI,"Oconto County, WI HUD Metro FMR Area",2p4c,1177,1416,1929,1791,805,1876,1772,10766,14124,16996,23150,21486,9662,22513,21259,129190,90654,0,,,
3391,NC,"Greensboro-High Point, NC HUD Metro FMR Area",1p0c,999,349,1019,428,418,0,789,4002,11988,4185,12233,5132,5021,0,9465,48024,81494.15866,1,96,35,94
3391,NC,"Greensboro-High Point, NC HUD Metro FMR Area",1p1c,1150,511,1237,669,516,655,854,5592,13800,6136,14847,8032,6190,7855,10242,67102,81494.15866,1,96,35,94
3391,NC,"Greensboro-High Point, NC HUD Metro FMR Area",1p2c,1150,754,1358,911,591,1314,1119,7197,13800,9049,16293,10932,7094,15764,13429,86361,81494.15866,1,96,35,94
3391,NC,"Greensboro-High Point, NC HUD Metro FMR Area",1p3c,1463,1005,1508,1153,766,1517,1581,8992,17556,12058,18091,13832,9194,18198,18976,107906,81494.15866,1,96,35,94
3391,NC,"Greensboro-High Point, NC HUD Metro FMR Area",1p4c,1463,1230,1572,1218,836,1517,1832,9668,17556,14763,18861,14619,10034,18198,21988,116020,81494.15866,1,96,35,94
3391,NC,"Greensboro-High Point, NC HUD Metro FMR Area",2p0c,1039,639,1192,855,521,0,851,5098,12468,7672,14301,10264,6253,0,10216,61173,81494.15866,1,96,35,94
3391,NC,"Greensboro-High Point, NC HUD Metro FMR Area",2p1c,1150,793,1307,1097,603,655,998,6603,13800,9519,15679,13164,7240,7855,11980,79237,81494.15866,1,96,35,94
3391,NC,"Greensboro-High Point, NC HUD Metro FMR Area",2p2c,1150,1009,1452,1339,670,1314,1141,8074,13800,12105,17426,16064,8043,15764,13691,96893,81494.15866,1,96,35,94
3391,NC,"Greensboro-High Point, NC HUD Metro FMR Area",2p3c,1463,1231,1513,1580,836,1517,1396,9535,17556,14768,18155,18964,10036,18198,16746,114423,81494.15866,1,96,35,94
3391,NC,"Greensboro-High Point, NC HUD Metro FMR Area",2p4c,1463,1506,1562,1646,922,1517,1626,10241,17556,18076,18746,19751,11063,18198,19507,122897,81494.15866,1,96,35,94
3392,NC,"Rockingham County, NC HUD Metro FMR Area",1p0c,714,319,1094,428,321,0,676,3552,8568,3831,13124,5132,3850,0,8115,42619,70961,0,,,
3392,NC,"Rockingham County, NC HUD Metro FMR Area",1p1c,1041,468,1315,669,469,469,750,5182,12492,5618,15785,8032,5623,5630,9004,62182,70961,0,,,
3392,NC,"Rockingham County, NC HUD Metro FMR Area",1p2c,1041,690,1442,911,538,723,776,6122,12492,8284,17307,10932,6450,8680,9313,73459,70961,0,,,
3392,NC,"Rockingham County, NC HUD Metro FMR Area",1p3c,1316,920,1534,1153,694,802,1022,7441,15792,11038,18413,13832,8330,9619,12265,89289,70961,0,,,
3392,NC,"Rockingham County, NC HUD Metro FMR Area",1p4c,1316,1126,1671,1218,758,802,1291,8183,15792,13515,20051,14619,9099,9619,15496,98191,70961,0,,,
3392,NC,"Rockingham County, NC HUD Metro FMR Area",2p0c,793,585,1262,855,428,0,744,4668,9516,7023,15142,10264,5135,0,8932,56012,70961,0,,,
3392,NC,"Rockingham County, NC HUD Metro FMR Area",2p1c,1041,726,1382,1097,549,469,884,6148,12492,8714,16584,13164,6584,5630,10609,73776,70961,0,,,
3392,NC,"Rockingham County, NC HUD Metro FMR Area",2p2c,1041,924,1469,1339,610,723,862,6967,12492,11082,17628,16064,7319,8680,10339,83604,70961,0,,,
3392,NC,"Rockingham County, NC HUD Metro FMR Area",2p3c,1316,1127,1602,1580,758,802,991,8175,15792,13519,19218,18964,9100,9619,11890,98103,70961,0,,,
3392,NC,"Rockingham County, NC HUD Metro FMR Area",2p4c,1316,1379,1656,1646,837,802,1165,8800,15792,16547,19868,19751,10040,9619,13979,105597,70961,0,,,
3393,NC,"Greenville, NC MSA",1p0c,878,347,1011,575,380,0,782,3973,10536,4165,12127,6903,4564,0,9378,47674,77116,0,,,
3393,NC,"Greenville, NC MSA",1p1c,1096,509,1232,905,498,789,952,5981,13152,6108,14786,10864,5980,9467,11418,71775,77116,0,,,
3393,NC,"Greenville, NC MSA",1p2c,1096,751,1412,1235,573,1243,1236,7546,13152,9007,16944,14825,6880,14911,14836,90555,77116,0,,,
3393,NC,"Greenville, NC MSA",1p3c,1484,1000,1499,1565,771,1382,1753,9455,17808,12003,17990,18785,9255,16586,21038,113465,77116,0,,,
3393,NC,"Greenville, NC MSA",1p4c,1484,1225,1561,1642,841,1382,2011,10146,17808,14695,18737,19703,10091,16586,24127,121747,77116,0,,,
3393,NC,"Greenville, NC MSA",2p0c,883,636,1185,1151,472,0,878,5204,10596,7637,14217,13807,5661,0,10536,62453,77116,0,,,
3393,NC,"Greenville, NC MSA",2p1c,1096,790,1359,1481,585,789,1164,7264,13152,9475,16306,17767,7025,9467,13973,87166,77116,0,,,
3393,NC,"Greenville, NC MSA",2p2c,1096,1004,1442,1811,652,1243,1247,8494,13152,12050,17301,21728,7824,14911,14962,101928,77116,0,,,
3393,NC,"Greenville, NC MSA",2p3c,1484,1225,1501,2141,841,1382,1605,10178,17808,14700,18008,25689,10093,16586,19257,122140,77116,0,,,
3393,NC,"Greenville, NC MSA",2p4c,1484,1499,1548,2217,926,1382,1857,10915,17808,17993,18577,26606,11115,16586,22288,130974,77116,0,,,
3394,SC,"Anderson, SC HUD Metro FMR Area",1p0c,787,322,1105,498,344,0,722,3778,9444,3865,13261,5975,4132,0,8662,45339,78036,0,,,
3394,SC,"Anderson, SC HUD Metro FMR Area",1p1c,947,472,1331,782,441,918,823,5714,11364,5668,15974,9379,5288,11018,9879,68571,78036,0,,,
3394,SC,"Anderson, SC HUD Metro FMR Area",1p2c,947,697,1457,1065,510,1616,1107,7399,11364,8359,17483,12784,6123,19392,13281,88786,78036,0,,,
3394,SC,"Anderson, SC HUD Metro FMR Area",1p3c,1204,928,1614,1349,662,1831,1557,9144,14448,11138,19364,16188,7944,21969,18680,109731,78036,0,,,
3394,SC,"Anderson, SC HUD Metro FMR Area",1p4c,1204,1136,1681,1420,727,1831,1770,9768,14448,13637,20171,17037,8720,21969,21240,117221,78036,0,,,
3394,SC,"Anderson, SC HUD Metro FMR Area",2p0c,792,591,1278,996,429,0,745,4831,9504,7087,15339,11949,5151,0,8944,57974,78036,0,,,
3394,SC,"Anderson, SC HUD Metro FMR Area",2p1c,947,733,1398,1280,522,918,956,6752,11364,8793,16770,15354,6258,11018,11470,81027,78036,0,,,
3394,SC,"Anderson, SC HUD Metro FMR Area",2p2c,947,932,1549,1563,583,1616,1094,8285,11364,11182,18591,18758,7000,19392,13131,99419,78036,0,,,
3394,SC,"Anderson, SC HUD Metro FMR Area",2p3c,1204,1137,1613,1847,727,1831,1349,9707,14448,13641,19351,22163,8721,21969,16187,116480,78036,0,,,
3394,SC,"Anderson, SC HUD Metro FMR Area",2p4c,1204,1391,1664,1918,806,1831,1539,10353,14448,16697,19967,23012,9670,21969,18468,124230,78036,0,,,
3395,SC,"Greenville-Mauldin-Easley, SC HUD Metro FMR Area",1p0c,1136,362,1066,432,465,0,867,4328,13632,4344,12794,5189,5581,0,10399,51938,89356.12319,1,71,34,78
3395,SC,"Greenville-Mauldin-Easley, SC HUD Metro FMR Area",1p1c,1306,531,1317,677,570,930,1011,6342,15672,6369,15800,8123,6843,11156,12137,76100,89356.12319,1,71,34,78
3395,SC,"Greenville-Mauldin-Easley, SC HUD Metro FMR Area",1p2c,1306,783,1514,921,649,1633,1405,8211,15672,9392,18170,11057,7782,19599,16858,98531,89356.12319,1,71,34,78
3395,SC,"Greenville-Mauldin-Easley, SC HUD Metro FMR Area",1p3c,1599,1043,1609,1166,820,1850,1873,9960,19188,12516,19306,13992,9843,22197,22474,119516,89356.12319,1,71,34,78
3395,SC,"Greenville-Mauldin-Easley, SC HUD Metro FMR Area",1p4c,1599,1277,1676,1232,893,1850,2109,10635,19188,15323,20112,14783,10715,22197,25305,127624,89356.12319,1,71,34,78
3395,SC,"Greenville-Mauldin-Easley, SC HUD Metro FMR Area",2p0c,1180,664,1269,865,572,0,912,5461,14160,7963,15224,10378,6869,0,10942,65536,89356.12319,1,71,34,78
3395,SC,"Greenville-Mauldin-Easley, SC HUD Metro FMR Area",2p1c,1306,823,1459,1109,661,930,1133,7421,15672,9880,17513,13312,7933,11156,13591,89057,89356.12319,1,71,34,78
3395,SC,"Greenville-Mauldin-Easley, SC HUD Metro FMR Area",2p2c,1306,1047,1549,1354,731,1633,1272,8892,15672,12565,18587,16246,8767,19599,15266,106702,89356.12319,1,71,34,78
3395,SC,"Greenville-Mauldin-Easley, SC HUD Metro FMR Area",2p3c,1599,1277,1612,1598,893,1850,1591,10421,19188,15329,19347,19180,10716,22197,19093,125050,89356.12319,1,71,34,78
3395,SC,"Greenville-Mauldin-Easley, SC HUD Metro FMR Area",2p4c,1599,1564,1663,1664,982,1850,1814,11135,19188,18762,19953,19972,11782,22197,21765,133619,89356.12319,1,71,34,78
3396,SC,"Laurens County, SC HUD Metro FMR Area",1p0c,707,308,1111,464,315,0,666,3570,8484,3692,13329,5566,3780,0,7994,42845,70911,0,,,
3396,SC,"Laurens County, SC HUD Metro FMR Area",1p1c,933,451,1342,727,430,614,679,5177,11196,5415,16109,8726,5157,7363,8153,62118,70911,0,,,
3396,SC,"Laurens County, SC HUD Metro FMR Area",1p2c,933,665,1475,991,496,1261,866,6687,11196,7984,17704,11886,5955,15131,10391,80246,70911,0,,,
3396,SC,"Laurens County, SC HUD Metro FMR Area",1p3c,1135,887,1572,1254,628,1460,1163,8098,13620,10639,18858,15045,7532,17521,13958,97174,70911,0,,,
3396,SC,"Laurens County, SC HUD Metro FMR Area",1p4c,1135,1086,1712,1322,689,1460,1397,8801,13620,13026,20548,15864,8273,17521,16761,105614,70911,0,,,
3396,SC,"Laurens County, SC HUD Metro FMR Area",2p0c,711,564,1287,928,396,0,675,4560,8532,6769,15444,11132,4751,0,8097,54725,70911,0,,,
3396,SC,"Laurens County, SC HUD Metro FMR Area",2p1c,933,700,1412,1191,507,614,798,6154,11196,8399,16942,14291,6084,7363,9578,73853,70911,0,,,
3396,SC,"Laurens County, SC HUD Metro FMR Area",2p2c,933,890,1502,1454,566,1261,883,7489,11196,10681,18021,17451,6792,15131,10597,89870,70911,0,,,
3396,SC,"Laurens County, SC HUD Metro FMR Area",2p3c,1135,1086,1638,1718,690,1460,1046,8772,13620,13031,19652,20611,8274,17521,12557,105267,70911,0,,,
3396,SC,"Laurens County, SC HUD Metro FMR Area",2p4c,1135,1329,1694,1786,765,1460,1215,9383,13620,15949,20322,21430,9180,17521,14575,112598,70911,0,,,
3397,MS,"Gulfport-Biloxi, MS HUD Metro FMR Area",1p0c,766,343,1023,518,344,0,688,3681,9192,4110,12277,6212,4130,0,8257,44177,73757.07089,0,,,
3397,MS,"Gulfport-Biloxi, MS HUD Metro FMR Area",1p1c,1117,502,1229,770,503,640,843,5604,13404,6026,14752,9239,6033,7674,10119,67248,73757.07089,0,,,
3397,MS,"Gulfport-Biloxi, MS HUD Metro FMR Area",1p2c,1117,741,1347,1022,577,1162,1032,6997,13404,8887,16158,12266,6921,13949,12381,83965,73757.07089,0,,,
3397,MS,"Gulfport-Biloxi, MS HUD Metro FMR Area",1p3c,1446,987,1431,1274,755,1323,1409,8626,17352,11842,17171,15293,9064,15880,16909,103511,73757.07089,0,,,
3397,MS,"Gulfport-Biloxi, MS HUD Metro FMR Area",1p4c,1446,1208,1558,1315,824,1323,1658,9332,17352,14498,18694,15784,9889,15880,19890,111987,73757.07089,0,,,
3397,MS,"Gulfport-Biloxi, MS HUD Metro FMR Area",2p0c,896,628,1183,1035,473,0,794,5009,10752,7535,14193,12423,5677,0,9525,60105,73757.07089,0,,,
3397,MS,"Gulfport-Biloxi, MS HUD Metro FMR Area",2p1c,1117,779,1294,1288,589,640,981,6687,13404,9349,15524,15450,7064,7674,11774,80240,73757.07089,0,,,
3397,MS,"Gulfport-Biloxi, MS HUD Metro FMR Area",2p2c,1117,991,1373,1540,654,1162,1051,7889,13404,11888,16479,18477,7853,13949,12613,94663,73757.07089,0,,,
3397,MS,"Gulfport-Biloxi, MS HUD Metro FMR Area",2p3c,1446,1209,1496,1792,824,1323,1297,9387,17352,14503,17957,21505,9890,15880,15563,112649,73757.07089,0,,,
3397,MS,"Gulfport-Biloxi, MS HUD Metro FMR Area",2p4c,1446,1479,1546,1833,908,1323,1491,10026,17352,17752,18546,21996,10899,15880,17887,120310,73757.07089,0,,,
3398,MS,"Stone County, MS HUD Metro FMR Area",1p0c,711,340,1244,518,326,0,736,3875,8532,4085,14924,6212,3917,0,8832,46501,75761,0,,,
3398,MS,"Stone County, MS HUD Metro FMR Area",1p1c,958,499,1474,770,452,656,859,5669,11496,5990,17684,9239,5429,7877,10312,68027,75761,0,,,
3398,MS,"Stone County, MS HUD Metro FMR Area",1p2c,958,736,1605,1022,526,1195,1068,7111,11496,8833,19262,12266,6312,14344,12819,85331,75761,0,,,
3398,MS,"Stone County, MS HUD Metro FMR Area",1p3c,1154,981,1700,1274,663,1361,1364,8498,13848,11770,20404,15293,7954,16334,16370,101972,75761,0,,,
3398,MS,"Stone County, MS HUD Metro FMR Area",1p4c,1154,1201,1845,1315,731,1361,1619,9227,13848,14410,22144,15784,8773,16334,19426,110719,75761,0,,,
3398,MS,"Stone County, MS HUD Metro FMR Area",2p0c,730,624,1411,1035,420,0,796,5016,8760,7489,16926,12423,5045,0,9546,60188,75761,0,,,
3398,MS,"Stone County, MS HUD Metro FMR Area",2p1c,958,774,1534,1288,538,656,995,6744,11496,9292,18412,15450,6454,7877,11944,80924,75761,0,,,
3398,MS,"Stone County, MS HUD Metro FMR Area",2p2c,958,985,1624,1540,603,1195,1073,7977,11496,11816,19482,18477,7238,14344,12876,95729,75761,0,,,
3398,MS,"Stone County, MS HUD Metro FMR Area",2p3c,1154,1201,1764,1792,731,1361,1258,9262,13848,14415,21166,21505,8775,16334,15098,111140,75761,0,,,
3398,MS,"Stone County, MS HUD Metro FMR Area",2p4c,1154,1470,1819,1833,815,1361,1452,9904,13848,17644,21831,21996,9777,16334,17423,118853,75761,0,,,
3399,MS,"Pascagoula, MS HUD Metro FMR Area",1p0c,922,354,1107,518,396,0,788,4085,11064,4246,13289,6212,4753,0,9454,49018,84872,0,,,
3399,MS,"Pascagoula, MS HUD Metro FMR Area",1p1c,1094,519,1353,770,501,640,881,5758,13128,6227,16234,9239,6009,7685,10577,69098,84872,0,,,
3399,MS,"Pascagoula, MS HUD Metro FMR Area",1p2c,1094,765,1551,1022,577,1164,1131,7305,13128,9182,18610,12266,6927,13969,13574,87655,84872,0,,,
3399,MS,"Pascagoula, MS HUD Metro FMR Area",1p3c,1466,1020,1647,1274,772,1325,1570,9074,17592,12235,19760,15293,9261,15902,18839,108882,84872,0,,,
3399,MS,"Pascagoula, MS HUD Metro FMR Area",1p4c,1466,1248,1715,1315,843,1325,1796,9709,17592,14980,20583,15784,10113,15902,21548,116502,84872,0,,,
3399,MS,"Pascagoula, MS HUD Metro FMR Area",2p0c,972,649,1301,1035,503,0,874,5335,11664,7785,15612,12423,6038,0,10492,64015,84872,0,,,
3399,MS,"Pascagoula, MS HUD Metro FMR Area",2p1c,1094,805,1492,1288,590,640,1048,6956,13128,9659,17898,15450,7075,7685,12573,83467,84872,0,,,
3399,MS,"Pascagoula, MS HUD Metro FMR Area",2p2c,1094,1024,1582,1540,658,1164,1124,8185,13128,12283,18979,18477,7890,13969,13491,98217,84872,0,,,
3399,MS,"Pascagoula, MS HUD Metro FMR Area",2p3c,1466,1249,1646,1792,843,1325,1401,9722,17592,14985,19749,21505,10114,15902,16814,116661,84872,0,,,
3399,MS,"Pascagoula, MS HUD Metro FMR Area",2p4c,1466,1529,1697,1833,930,1325,1607,10386,17592,18342,20367,21996,11156,15902,19279,124634,84872,0,,,
3400,WV,"Morgan County, WV HUD Metro FMR Area",1p0c,629,339,1185,684,300,0,757,3894,7548,4062,14215,8212,3604,0,9089,46730,76288,0,,,
3400,WV,"Morgan County, WV HUD Metro FMR Area",1p1c,918,496,1440,1080,439,900,1108,6380,11016,5956,17275,12955,5269,10795,13290,76557,76288,0,,,
3400,WV,"Morgan County, WV HUD Metro FMR Area",1p2c,918,732,1581,1475,512,1705,1660,8583,11016,8783,18976,17699,6147,20458,19916,102995,76288,0,,,
3400,WV,"Morgan County, WV HUD Metro FMR Area",1p3c,1250,975,1754,1870,691,1953,2316,10809,15000,11703,21053,22443,8291,23432,27790,129711,76288,0,,,
3400,WV,"Morgan County, WV HUD Metro FMR Area",1p4c,1250,1194,1830,1955,759,1953,2579,11519,15000,14329,21957,23456,9106,23432,30945,138225,76288,0,,,
3400,WV,"Morgan County, WV HUD Metro FMR Area",2p0c,733,621,1381,1369,420,0,1011,5534,8796,7446,16572,16423,5043,0,12127,66407,76288,0,,,
3400,WV,"Morgan County, WV HUD Metro FMR Area",2p1c,918,770,1514,1764,524,900,1359,7748,11016,9239,18169,21167,6289,10795,16302,92976,76288,0,,,
3400,WV,"Morgan County, WV HUD Metro FMR Area",2p2c,918,979,1681,2159,589,1705,1717,9748,11016,11749,20167,25911,7068,20458,20606,116976,76288,0,,,
3400,WV,"Morgan County, WV HUD Metro FMR Area",2p3c,1250,1195,1751,2555,759,1953,2224,11686,15000,14334,21011,30654,9107,23432,26689,140227,76288,0,,,
3400,WV,"Morgan County, WV HUD Metro FMR Area",2p4c,1250,1462,1808,2639,842,1953,2468,12422,15000,17544,21692,31668,10104,23432,29620,149060,76288,0,,,
3401,WV,"Martinsburg, WV HUD Metro FMR Area",1p0c,826,339,1130,684,362,0,827,4167,9912,4062,13557,8212,4338,0,9929,50009,90470,0,,,
3401,WV,"Martinsburg, WV HUD Metro FMR Area",1p1c,1204,496,1444,1080,528,894,1301,6946,14448,5956,17322,12955,6335,10724,15612,83353,90470,0,,,
3401,WV,"Martinsburg, WV HUD Metro FMR Area",1p2c,1204,732,1581,1475,601,1683,1856,9132,14448,8783,18973,17699,7213,20200,22266,109582,90470,0,,,
3401,WV,"Martinsburg, WV HUD Metro FMR Area",1p3c,1673,975,1675,1870,822,1926,2598,11540,20076,11703,20094,22443,9867,23116,31178,138477,90470,0,,,
3401,WV,"Martinsburg, WV HUD Metro FMR Area",1p4c,1673,1194,1741,1955,890,1926,2831,12209,20076,14329,20887,23456,10682,23116,33966,146512,90470,0,,,
3401,WV,"Martinsburg, WV HUD Metro FMR Area",2p0c,959,621,1390,1369,490,0,1118,5946,11508,7446,16679,16423,5885,0,13411,71353,90470,0,,,
3401,WV,"Martinsburg, WV HUD Metro FMR Area",2p1c,1204,770,1521,1764,613,894,1493,8258,14448,9239,18252,21167,7354,10724,17910,99095,90470,0,,,
3401,WV,"Martinsburg, WV HUD Metro FMR Area",2p2c,1204,979,1610,2159,678,1683,1866,10179,14448,11749,19316,25911,8134,20200,22393,122151,90470,0,,,
3401,WV,"Martinsburg, WV HUD Metro FMR Area",2p3c,1673,1195,1672,2555,890,1926,2461,12372,20076,14334,20065,30654,10683,23116,29536,148465,90470,0,,,
3401,WV,"Martinsburg, WV HUD Metro FMR Area",2p4c,1673,1462,1722,2639,973,1926,2724,13119,20076,17544,20660,31668,11680,23116,32687,157431,90470,0,,,
3402,MD,"Hagerstown, MD HUD Metro FMR Area",1p0c,852,342,1044,358,371,0,713,3679,10224,4108,12526,4290,4450,0,8552,44148,92568,0,,,
3402,MD,"Hagerstown, MD HUD Metro FMR Area",1p1c,1242,502,1346,557,541,889,941,6018,14904,6024,16146,6686,6497,10664,11293,72214,92568,0,,,
3402,MD,"Hagerstown, MD HUD Metro FMR Area",1p2c,1242,740,1480,757,615,1713,1281,7828,14904,8883,17759,9081,7385,20555,15366,93933,92568,0,,,
3402,MD,"Hagerstown, MD HUD Metro FMR Area",1p3c,1711,986,1571,956,837,1967,1819,9848,20532,11836,18856,11477,10049,23598,21827,118177,92568,0,,,
3402,MD,"Hagerstown, MD HUD Metro FMR Area",1p4c,1711,1208,1636,1017,906,1967,2038,10482,20532,14492,19634,12203,10874,23598,24450,125782,92568,0,,,
3402,MD,"Hagerstown, MD HUD Metro FMR Area",2p0c,947,628,1295,715,489,0,822,4895,11364,7531,15540,8579,5866,0,9865,58745,92568,0,,,
3402,MD,"Hagerstown, MD HUD Metro FMR Area",2p1c,1242,779,1422,915,627,889,1061,6935,14904,9344,17068,10975,7528,10664,12733,83217,92568,0,,,
3402,MD,"Hagerstown, MD HUD Metro FMR Area",2p2c,1242,990,1509,1114,693,1713,1174,8435,14904,11883,18103,13371,8317,20555,14083,101216,92568,0,,,
3402,MD,"Hagerstown, MD HUD Metro FMR Area",2p3c,1711,1208,1569,1314,906,1967,1541,10216,20532,14496,18833,15767,10875,23598,18492,122594,92568,0,,,
3402,MD,"Hagerstown, MD HUD Metro FMR Area",2p4c,1711,1479,1618,1374,990,1967,1745,10884,20532,17744,19411,16492,11884,23598,20944,130605,92568,0,,,
3403,LA,"Hammond, LA MSA",1p0c,846,342,1115,498,369,0,721,3892,10152,4108,13384,5974,4427,0,8655,46700,73747,0,,,
3403,LA,"Hammond, LA MSA",1p1c,1099,502,1365,782,497,744,903,5891,13188,6024,16381,9378,5965,8922,10832,70690,73747,0,,,
3403,LA,"Hammond, LA MSA",1p2c,1099,740,1567,1065,571,1419,1284,7746,13188,8883,18802,12782,6852,17033,15410,92951,73747,0,,,
3403,LA,"Hammond, LA MSA",1p3c,1364,986,1665,1349,730,1627,1718,9440,16368,11836,19985,16186,8757,19529,20619,113280,73747,0,,,
3403,LA,"Hammond, LA MSA",1p4c,1364,1208,1736,1420,798,1627,1965,10118,16368,14492,20831,17035,9581,19529,23584,121420,73747,0,,,
3403,LA,"Hammond, LA MSA",2p0c,851,628,1312,996,459,0,806,5052,10212,7531,15745,11948,5509,0,9673,60618,73747,0,,,
3403,LA,"Hammond, LA MSA",2p1c,1099,779,1506,1279,583,744,1050,7039,13188,9344,18072,15352,6996,8922,12598,84472,73747,0,,,
3403,LA,"Hammond, LA MSA",2p2c,1099,990,1599,1563,649,1419,1174,8493,13188,11883,19182,18756,7784,17033,14090,101916,73747,0,,,
3403,LA,"Hammond, LA MSA",2p3c,1364,1208,1664,1847,799,1627,1448,9957,16368,14496,19973,22160,9583,19529,17376,119485,73747,0,,,
3403,LA,"Hammond, LA MSA",2p4c,1364,1479,1717,1917,883,1627,1666,10654,16368,17744,20609,23009,10591,19529,19993,127843,73747,0,,,
3404,CA,"Hanford-Corcoran, CA MSA",1p0c,1151,328,1147,466,459,0,809,4360,13812,3935,13760,5586,5510,0,9712,52315,74578,0,,,
3404,CA,"Hanford-Corcoran, CA MSA",1p1c,1445,481,1387,740,598,774,842,6266,17340,5770,16640,8876,7175,9284,10108,75193,74578,0,,,
3404,CA,"Hanford-Corcoran, CA MSA",1p2c,1445,709,1518,1014,669,1209,1004,7567,17340,8508,18212,12166,8025,14503,12047,90802,74578,0,,,
3404,CA,"Hanford-Corcoran, CA MSA",1p3c,2025,945,1675,1288,922,1342,1786,9983,24300,11338,20104,15455,11064,16109,21427,119798,74578,0,,,
3404,CA,"Hanford-Corcoran, CA MSA",1p4c,2025,1157,1744,1365,988,1342,2024,10645,24300,13881,20925,16377,11854,16109,24287,127734,74578,0,,,
3404,CA,"Hanford-Corcoran, CA MSA",2p0c,1158,601,1315,931,546,0,779,5331,13896,7214,15784,11173,6554,0,9350,63971,74578,0,,,
3404,CA,"Hanford-Corcoran, CA MSA",2p1c,1445,746,1439,1205,680,774,958,7248,17340,8950,17271,14462,8162,9284,11501,86971,74578,0,,,
3404,CA,"Hanford-Corcoran, CA MSA",2p2c,1445,949,1591,1479,743,1209,1001,8417,17340,11382,19097,17752,8917,14503,12014,101006,74578,0,,,
3404,CA,"Hanford-Corcoran, CA MSA",2p3c,2025,1157,1656,1754,988,1342,1438,10360,24300,13886,19867,21042,11856,16109,17255,124315,74578,0,,,
3404,CA,"Hanford-Corcoran, CA MSA",2p4c,2025,1416,1707,1830,1068,1342,1659,11049,24300,16996,20489,21963,12821,16109,19910,132589,74578,0,,,
3405,PA,"Harrisburg-Carlisle, PA MSA",1p0c,953,353,1019,484,406,0,743,3958,11436,4240,12230,5809,4867,0,8919,47501,100436.0432,0,,,
3405,PA,"Harrisburg-Carlisle, PA MSA",1p1c,1371,518,1319,769,587,979,1098,6641,16452,6218,15831,9232,7038,11751,13172,79695,100436.0432,0,,,
3405,PA,"Harrisburg-Carlisle, PA MSA",1p2c,1371,764,1452,1055,663,1979,1594,8878,16452,9169,17420,12655,7955,23751,19131,106533,100436.0432,0,,,
3405,PA,"Harrisburg-Carlisle, PA MSA",1p3c,1763,1018,1541,1340,864,2287,2150,10963,21156,12218,18490,16078,10362,27444,25802,131550,100436.0432,0,,,
3405,PA,"Harrisburg-Carlisle, PA MSA",1p4c,1763,1247,1604,1410,934,2287,2365,11609,21156,14959,19243,16918,11213,27444,28375,139307,100436.0432,0,,,
3405,PA,"Harrisburg-Carlisle, PA MSA",2p0c,1114,648,1270,968,547,0,931,5478,13368,7774,15240,11618,6564,0,11175,65739,100436.0432,0,,,
3405,PA,"Harrisburg-Carlisle, PA MSA",2p1c,1371,804,1396,1253,675,979,1216,7694,16452,9645,16750,15041,8103,11751,14589,92330,100436.0432,0,,,
3405,PA,"Harrisburg-Carlisle, PA MSA",2p2c,1371,1022,1480,1539,743,1979,1502,9636,16452,12266,17761,18464,8916,23751,18023,115634,100436.0432,0,,,
3405,PA,"Harrisburg-Carlisle, PA MSA",2p3c,1763,1247,1539,1824,935,2287,1917,11511,21156,14964,18470,21887,11214,27444,22998,138133,100436.0432,0,,,
3405,PA,"Harrisburg-Carlisle, PA MSA",2p4c,1763,1526,1652,1894,1021,2287,2188,12331,21156,18316,19824,22727,12255,27444,26254,147976,100436.0432,0,,,
3406,VA,"Harrisonburg, VA MSA",1p0c,1081,335,1082,403,440,0,856,4196,12972,4014,12981,4839,5274,0,10273,50352,89801.10922,0,,,
3406,VA,"Harrisonburg, VA MSA",1p1c,1392,490,1315,630,584,708,1040,6160,16704,5885,15784,7564,7013,8496,12475,73922,89801.10922,0,,,
3406,VA,"Harrisonburg, VA MSA",1p2c,1392,723,1504,857,657,1380,1393,7906,16704,8679,18045,10289,7881,16554,16719,94870,89801.10922,0,,,
3406,VA,"Harrisonburg, VA MSA",1p3c,1883,964,1593,1085,884,1586,1974,9969,22596,11565,19120,13014,10606,19033,23691,119625,89801.10922,0,,,
3406,VA,"Harrisonburg, VA MSA",1p4c,1883,1180,1657,1148,951,1586,2200,10605,22596,14159,19886,13779,11411,19033,26397,127261,89801.10922,0,,,
3406,VA,"Harrisonburg, VA MSA",2p0c,1088,613,1265,807,528,0,903,5204,13056,7358,15179,9678,6338,0,10839,62448,89801.10922,0,,,
3406,VA,"Harrisonburg, VA MSA",2p1c,1392,761,1447,1034,668,708,1164,7174,16704,9130,17368,12403,8021,8496,13963,86085,89801.10922,0,,,
3406,VA,"Harrisonburg, VA MSA",2p2c,1392,968,1532,1261,733,1380,1268,8533,16704,11610,18389,15128,8791,16554,15218,102394,89801.10922,0,,,
3406,VA,"Harrisonburg, VA MSA",2p3c,1883,1180,1593,1488,951,1586,1680,10361,22596,14164,19113,17853,11413,19033,20157,124328,89801.10922,0,,,
3406,VA,"Harrisonburg, VA MSA",2p4c,1883,1445,1641,1552,1033,1586,1909,11048,22596,17336,19693,18618,12398,19033,22902,132577,89801.10922,0,,,
3407,CT,"Hartford-West Hartford-East Hartford, CT HUD Metro FMR Area",1p0c,1133,397,1052,611,475,0,949,4618,13596,4769,12623,7333,5702,0,11391,55413,,0,,,
3407,CT,"Hartford-West Hartford-East Hartford, CT HUD Metro FMR Area",1p1c,1653,583,1304,972,694,1275,1739,8220,19836,6993,15648,11669,8330,15302,20862,98639,,0,,,
3407,CT,"Hartford-West Hartford-East Hartford, CT HUD Metro FMR Area",1p2c,1653,859,1432,1334,780,1885,2263,10206,19836,10312,17181,16004,9360,22623,27157,122474,,0,,,
3407,CT,"Hartford-West Hartford-East Hartford, CT HUD Metro FMR Area",1p3c,1992,1145,1578,1695,974,2073,2876,12334,23904,13741,18939,20340,11688,24875,34516,148004,,0,,,
3407,CT,"Hartford-West Hartford-East Hartford, CT HUD Metro FMR Area",1p4c,1992,1402,1639,1774,1054,2073,3109,13044,23904,16824,19671,21292,12645,24875,37313,156524,,0,,,
3407,CT,"Hartford-West Hartford-East Hartford, CT HUD Metro FMR Area",2p0c,1306,729,1259,1222,632,0,1161,6309,15672,8743,15110,14666,7580,0,13930,75702,,0,,,
3407,CT,"Hartford-West Hartford-East Hartford, CT HUD Metro FMR Area",2p1c,1653,904,1381,1584,794,1275,1759,9350,19836,10848,16572,19002,9527,15302,21108,112194,,0,,,
3407,CT,"Hartford-West Hartford-East Hartford, CT HUD Metro FMR Area",2p2c,1653,1150,1523,1945,870,1885,2222,11248,19836,13795,18278,23337,10442,22623,26667,134978,,0,,,
3407,CT,"Hartford-West Hartford-East Hartford, CT HUD Metro FMR Area",2p3c,1992,1403,1581,2306,1054,2073,2712,13121,23904,16830,18970,27673,12647,24875,32549,157448,,0,,,
3407,CT,"Hartford-West Hartford-East Hartford, CT HUD Metro FMR Area",2p4c,1992,1717,1626,2385,1151,2073,3012,13956,23904,20599,19512,28625,13817,24875,36142,167476,,0,,,
3408,CT,"Southern Middlesex County, CT HUD Metro FMR Area",1p0c,1286,402,1129,661,524,0,1117,5120,15432,4823,13553,7935,6289,0,13407,61439,,0,,,
3408,CT,"Southern Middlesex County, CT HUD Metro FMR Area",1p1c,1680,589,1404,1053,705,1445,1971,8846,20160,7073,16853,12630,8455,17338,23646,106154,,0,,,
3408,CT,"Southern Middlesex County, CT HUD Metro FMR Area",1p2c,1680,869,1543,1444,791,2104,2537,10968,20160,10430,18518,17326,9497,25246,30441,131618,,0,,,
3408,CT,"Southern Middlesex County, CT HUD Metro FMR Area",1p3c,2192,1158,1701,1835,1040,2307,3252,13485,26304,13898,20413,22022,12482,27679,39019,161816,,0,,,
3408,CT,"Southern Middlesex County, CT HUD Metro FMR Area",1p4c,2192,1418,1767,1918,1121,2307,3482,14205,26304,17015,21205,23018,13449,27679,41785,170456,,0,,,
3408,CT,"Southern Middlesex County, CT HUD Metro FMR Area",2p0c,1294,737,1352,1322,631,0,1235,6570,15528,8843,16220,15869,7566,0,14814,78841,,0,,,
3408,CT,"Southern Middlesex County, CT HUD Metro FMR Area",2p1c,1680,914,1484,1714,805,1445,2003,10046,20160,10972,17812,20565,9665,17338,24037,120548,,0,,,
3408,CT,"Southern Middlesex County, CT HUD Metro FMR Area",2p2c,1680,1163,1638,2105,883,2104,2517,12089,20160,13952,19652,25261,10591,25246,30199,145062,,0,,,
3408,CT,"Southern Middlesex County, CT HUD Metro FMR Area",2p3c,2192,1418,1700,2496,1121,2307,3174,14408,26304,17021,20404,29957,13451,27679,38083,172899,,0,,,
3408,CT,"Southern Middlesex County, CT HUD Metro FMR Area",2p4c,2192,1736,1749,2579,1220,2307,3478,15261,26304,20834,20992,30953,14635,27679,41739,183135,,0,,,
3409,MS,"Hattiesburg, MS HUD Metro FMR Area",1p0c,851,355,1096,541,374,0,762,3979,10212,4261,13154,6491,4493,0,9141,47751,73064.75541,0,,,
3409,MS,"Hattiesburg, MS HUD Metro FMR Area",1p1c,1143,521,1328,805,517,638,906,5856,13716,6248,15930,9656,6198,7655,10867,70270,73064.75541,0,,,
3409,MS,"Hattiesburg, MS HUD Metro FMR Area",1p2c,1143,768,1455,1069,593,1159,1137,7324,13716,9213,17454,12822,7119,13911,13649,87884,73064.75541,0,,,
3409,MS,"Hattiesburg, MS HUD Metro FMR Area",1p3c,1456,1023,1612,1332,770,1320,1575,9088,17472,12277,19340,15988,9236,15836,18900,109050,73064.75541,0,,,
3409,MS,"Hattiesburg, MS HUD Metro FMR Area",1p4c,1456,1253,1679,1373,841,1320,1801,9722,17472,15031,20144,16479,10091,15836,21606,116660,73064.75541,0,,,
3409,MS,"Hattiesburg, MS HUD Metro FMR Area",2p0c,952,651,1276,1082,498,0,874,5332,11424,7811,15313,12981,5972,0,10486,63987,73064.75541,0,,,
3409,MS,"Hattiesburg, MS HUD Metro FMR Area",2p1c,1143,808,1397,1346,606,638,1057,6993,13716,9692,16759,16147,7268,7655,12685,83921,73064.75541,0,,,
3409,MS,"Hattiesburg, MS HUD Metro FMR Area",2p2c,1143,1027,1549,1609,674,1159,1157,8319,13716,12325,18585,19313,8085,13911,13888,99823,73064.75541,0,,,
3409,MS,"Hattiesburg, MS HUD Metro FMR Area",2p3c,1456,1253,1612,1873,841,1320,1417,9772,17472,15036,19342,22478,10093,15836,17003,117261,73064.75541,0,,,
3409,MS,"Hattiesburg, MS HUD Metro FMR Area",2p4c,1456,1534,1663,1914,928,1320,1623,10438,17472,18404,19953,22970,11139,15836,19481,125254,73064.75541,0,,,
3410,MS,"Covington County, MS HUD Metro FMR Area",1p0c,656,322,1222,538,304,0,704,3746,7872,3865,14662,6457,3644,0,8448,44948,61280,0,,,
3410,MS,"Covington County, MS HUD Metro FMR Area",1p1c,933,472,1438,801,436,659,836,5575,11196,5668,17258,9606,5236,7904,10034,66901,61280,0,,,
3410,MS,"Covington County, MS HUD Metro FMR Area",1p2c,933,697,1567,1063,506,1200,1032,6996,11196,8359,18803,12755,6071,14394,12378,83957,61280,0,,,
3410,MS,"Covington County, MS HUD Metro FMR Area",1p3c,1232,928,1663,1325,671,1366,1392,8577,14784,11138,19956,15904,8048,16392,16705,102926,61280,0,,,
3410,MS,"Covington County, MS HUD Metro FMR Area",1p4c,1232,1136,1734,1366,735,1366,1597,9167,14784,13637,20810,16395,8824,16392,19166,110007,61280,0,,,
3410,MS,"Covington County, MS HUD Metro FMR Area",2p0c,783,591,1376,1076,426,0,806,5058,9396,7087,16510,12914,5117,0,9671,60694,61280,0,,,
3410,MS,"Covington County, MS HUD Metro FMR Area",2p1c,933,733,1497,1339,517,659,972,6649,11196,8793,17963,16063,6206,7904,11662,79787,61280,0,,,
3410,MS,"Covington County, MS HUD Metro FMR Area",2p2c,933,932,1587,1601,579,1200,1049,7880,11196,11182,19044,19212,6948,14394,12588,94564,61280,0,,,
3410,MS,"Covington County, MS HUD Metro FMR Area",2p3c,1232,1137,1653,1863,735,1366,1251,9238,14784,13641,19841,22361,8825,16392,15010,110854,61280,0,,,
3410,MS,"Covington County, MS HUD Metro FMR Area",2p4c,1232,1391,1708,1904,815,1366,1435,9852,14784,16697,20500,22852,9774,16392,17223,118222,61280,0,,,
3411,NC,"Hickory-Lenoir-Morganton, NC MSA",1p0c,818,327,1103,466,356,0,741,3810,9816,3924,13230,5590,4266,0,8889,45715,73788.48999,0,,,
3411,NC,"Hickory-Lenoir-Morganton, NC MSA",1p1c,1046,480,1323,730,474,568,814,5434,12552,5755,15871,8764,5684,6812,9764,65202,73788.48999,0,,,
3411,NC,"Hickory-Lenoir-Morganton, NC MSA",1p2c,1046,707,1448,995,544,995,954,6689,12552,8486,17381,11939,6532,11939,11444,80272,73788.48999,0,,,
3411,NC,"Hickory-Lenoir-Morganton, NC MSA",1p3c,1334,942,1540,1259,707,1126,1301,8209,16008,11307,18477,15113,8481,13516,15610,98512,73788.48999,0,,,
3411,NC,"Hickory-Lenoir-Morganton, NC MSA",1p4c,1334,1154,1676,1328,772,1126,1569,8959,16008,13844,20112,15934,9268,13516,18830,107512,73788.48999,0,,,
3411,NC,"Hickory-Lenoir-Morganton, NC MSA",2p0c,851,600,1270,932,450,0,803,4906,10212,7195,15238,11180,5404,0,9639,58868,73788.48999,0,,,
3411,NC,"Hickory-Lenoir-Morganton, NC MSA",2p1c,1046,744,1389,1196,556,568,963,6461,12552,8927,16663,14354,6669,6812,11551,77528,73788.48999,0,,,
3411,NC,"Hickory-Lenoir-Morganton, NC MSA",2p2c,1046,946,1474,1461,619,995,1008,7549,12552,11352,17693,17529,7422,11939,12099,90586,73788.48999,0,,,
3411,NC,"Hickory-Lenoir-Morganton, NC MSA",2p3c,1334,1154,1606,1725,773,1126,1202,8921,16008,13849,19277,20703,9270,13516,14426,107049,73788.48999,0,,,
3411,NC,"Hickory-Lenoir-Morganton, NC MSA",2p4c,1334,1413,1660,1794,853,1126,1414,9593,16008,16951,19918,21524,10233,13516,16969,115119,73788.48999,0,,,
3412,SC,"Beaufort County, SC HUD Metro FMR Area",1p0c,1584,390,1072,450,613,0,1197,5306,19008,4685,12858,5396,7356,0,14367,63670,100697,0,,,
3412,SC,"Beaufort County, SC HUD Metro FMR Area",1p1c,1822,573,1382,705,743,918,1449,7592,21864,6870,16586,8455,8921,11018,17388,91102,100697,0,,,
3412,SC,"Beaufort County, SC HUD Metro FMR Area",1p2c,1822,844,1522,959,828,1616,1882,9473,21864,10130,18258,11513,9933,19392,22583,113674,100697,0,,,
3412,SC,"Beaufort County, SC HUD Metro FMR Area",1p3c,2195,1125,1617,1214,1031,1831,2447,11460,26340,13499,19400,14571,12369,21969,29367,137514,100697,0,,,
3412,SC,"Beaufort County, SC HUD Metro FMR Area",1p4c,2195,1377,1684,1282,1109,1831,2701,12178,26340,16527,20207,15378,13309,21969,32410,146139,100697,0,,,
3412,SC,"Beaufort County, SC HUD Metro FMR Area",2p0c,1646,716,1328,899,733,0,1190,6512,19752,8589,15938,10792,8799,0,14276,78146,100697,0,,,
3412,SC,"Beaufort County, SC HUD Metro FMR Area",2p1c,1822,888,1460,1154,841,918,1422,8506,21864,10657,17525,13851,10097,11018,17060,102071,100697,0,,,
3412,SC,"Beaufort County, SC HUD Metro FMR Area",2p2c,1822,1129,1550,1409,916,1616,1689,10132,21864,13552,18603,16909,10996,19392,20265,121581,100697,0,,,
3412,SC,"Beaufort County, SC HUD Metro FMR Area",2p3c,2195,1378,1614,1664,1109,1831,2137,11927,26340,16533,19362,19968,13311,21969,25642,143123,100697,0,,,
3412,SC,"Beaufort County, SC HUD Metro FMR Area",2p4c,2195,1686,1733,1731,1205,1831,2442,12823,26340,20236,20792,20774,14460,21969,29303,153873,100697,0,,,
3413,SC,"Jasper County, SC HUD Metro FMR Area",1p0c,1094,370,1188,449,455,0,901,4457,13128,4442,14261,5382,5455,0,10811,53479,72745,0,,,
3413,SC,"Jasper County, SC HUD Metro FMR Area",1p1c,1258,543,1377,703,559,614,882,5935,15096,6514,16521,8431,6709,7363,10589,71224,72745,0,,,
3413,SC,"Jasper County, SC HUD Metro FMR Area",1p2c,1258,801,1487,957,639,1261,1166,7568,15096,9606,17838,11481,7669,15131,13994,90816,72745,0,,,
3413,SC,"Jasper County, SC HUD Metro FMR Area",1p3c,1763,1067,1568,1211,879,1460,1784,9731,21156,12800,18811,14531,10543,17521,21404,116766,72745,0,,,
3413,SC,"Jasper County, SC HUD Metro FMR Area",1p4c,1763,1306,1627,1278,953,1460,2019,10406,21156,15672,19527,15336,11434,17521,24227,124874,72745,0,,,
3413,SC,"Jasper County, SC HUD Metro FMR Area",2p0c,1136,679,1310,897,563,0,925,5510,13632,8144,15725,10763,6761,0,11098,66124,72745,0,,,
3413,SC,"Jasper County, SC HUD Metro FMR Area",2p1c,1258,842,1415,1151,652,614,1005,6937,15096,10105,16985,13813,7824,7363,12055,83241,72745,0,,,
3413,SC,"Jasper County, SC HUD Metro FMR Area",2p2c,1258,1071,1493,1405,723,1261,1102,8312,15096,12851,17913,16863,8677,15131,13219,99749,72745,0,,,
3413,SC,"Jasper County, SC HUD Metro FMR Area",2p3c,1763,1306,1549,1659,953,1460,1519,10210,21156,15677,18592,19912,11436,17521,18224,122519,72745,0,,,
3413,SC,"Jasper County, SC HUD Metro FMR Area",2p4c,1763,1599,1667,1727,1044,1460,1778,11037,21156,19189,20001,20718,12526,17521,21332,132444,72745,0,,,
3414,GA,"Hinesville, GA HUD Metro FMR Area",1p0c,1243,328,1025,491,488,0,935,4510,14916,3935,12303,5892,5853,0,11218,54117,64921,0,,,
3414,GA,"Hinesville, GA HUD Metro FMR Area",1p1c,1430,481,1209,771,593,647,1020,6151,17160,5770,14508,9247,7119,7765,12238,73808,64921,0,,,
3414,GA,"Hinesville, GA HUD Metro FMR Area",1p2c,1430,709,1317,1050,664,1002,1167,7339,17160,8508,15801,12602,7969,12024,14008,88072,64921,0,,,
3414,GA,"Hinesville, GA HUD Metro FMR Area",1p3c,1931,945,1396,1330,893,1111,1676,9282,23172,11338,16755,15957,10714,13334,20114,111384,64921,0,,,
3414,GA,"Hinesville, GA HUD Metro FMR Area",1p4c,1931,1157,1455,1400,959,1111,1895,9907,23172,13881,17459,16800,11504,13334,22739,118889,64921,0,,,
3414,GA,"Hinesville, GA HUD Metro FMR Area",2p0c,1291,601,1158,982,587,0,1029,5649,15492,7214,13898,11784,7049,0,12352,67789,64921,0,,,
3414,GA,"Hinesville, GA HUD Metro FMR Area",2p1c,1430,746,1261,1262,676,647,1170,7191,17160,8950,15130,15139,8107,7765,14044,86295,64921,0,,,
3414,GA,"Hinesville, GA HUD Metro FMR Area",2p2c,1430,949,1336,1541,739,1002,1166,8162,17160,11382,16035,18494,8862,12024,13989,97945,64921,0,,,
3414,GA,"Hinesville, GA HUD Metro FMR Area",2p3c,1931,1157,1392,1821,959,1111,1498,9868,23172,13886,16700,21849,11505,13334,17975,118421,64921,0,,,
3414,GA,"Hinesville, GA HUD Metro FMR Area",2p4c,1931,1416,1502,1891,1039,1111,1733,10624,23172,16996,18028,22692,12471,13334,20792,127486,64921,0,,,
3415,GA,"Long County, GA HUD Metro FMR Area",1p0c,898,312,1216,491,376,0,837,4129,10776,3739,14589,5892,4506,0,10042,49544,70224,0,,,
3415,GA,"Long County, GA HUD Metro FMR Area",1p1c,1033,457,1459,771,463,517,870,5569,12396,5482,17509,9247,5551,6205,10437,66827,70224,0,,,
3415,GA,"Long County, GA HUD Metro FMR Area",1p2c,1033,674,1595,1050,530,796,926,6604,12396,8084,19140,12602,6359,9551,11110,79242,70224,0,,,
3415,GA,"Long County, GA HUD Metro FMR Area",1p3c,1308,898,1692,1330,685,882,1213,8007,15696,10772,20305,15957,8218,10580,14553,96082,70224,0,,,
3415,GA,"Long County, GA HUD Metro FMR Area",1p4c,1308,1099,1837,1400,747,882,1455,8728,15696,13189,22045,16800,8968,10580,17455,104733,70224,0,,,
3415,GA,"Long County, GA HUD Metro FMR Area",2p0c,933,571,1395,982,467,0,936,5284,11196,6854,16734,11784,5604,0,11234,63406,70224,0,,,
3415,GA,"Long County, GA HUD Metro FMR Area",2p1c,1033,709,1522,1262,541,517,1021,6604,12396,8504,18267,15139,6489,6205,12246,79246,70224,0,,,
3415,GA,"Long County, GA HUD Metro FMR Area",2p2c,1033,901,1613,1541,601,796,991,7476,12396,10815,19357,18494,7206,9551,11891,89709,70224,0,,,
3415,GA,"Long County, GA HUD Metro FMR Area",2p3c,1308,1099,1753,1821,747,882,1145,8756,15696,13193,21039,21849,8969,10580,13745,105072,70224,0,,,
3415,GA,"Long County, GA HUD Metro FMR Area",2p4c,1308,1346,1809,1891,824,882,1327,9385,15696,16149,21703,22692,9887,10580,15919,112625,70224,0,,,
3416,FL,"Homosassa Springs, FL MSA",1p0c,945,362,991,514,406,0,591,3808,11340,4339,11895,6163,4868,0,7095,45699,69407,0,,,
3416,FL,"Homosassa Springs, FL MSA",1p1c,1198,530,1211,807,537,659,643,5584,14376,6362,14526,9680,6439,7908,7717,67008,69407,0,,,
3416,FL,"Homosassa Springs, FL MSA",1p2c,1198,782,1342,1100,615,1141,747,6923,14376,9382,16098,13197,7376,13688,8963,83079,69407,0,,,
3416,FL,"Homosassa Springs, FL MSA",1p3c,1679,1042,1439,1393,845,1289,1135,8820,20148,12501,17263,16714,10137,15466,13614,105843,69407,0,,,
3416,FL,"Homosassa Springs, FL MSA",1p4c,1679,1276,1510,1465,917,1289,1336,9472,20148,15306,18123,17577,11007,15466,16034,113661,69407,0,,,
3416,FL,"Homosassa Springs, FL MSA",2p0c,951,663,1158,1027,501,0,660,4960,11412,7954,13897,12325,6013,0,7920,59521,69407,0,,,
3416,FL,"Homosassa Springs, FL MSA",2p1c,1198,822,1281,1320,627,659,780,6688,14376,9869,15372,15842,7527,7908,9364,80260,69407,0,,,
3416,FL,"Homosassa Springs, FL MSA",2p2c,1198,1046,1372,1613,697,1141,791,7858,14376,12550,16463,19360,8360,13688,9494,94291,69407,0,,,
3416,FL,"Homosassa Springs, FL MSA",2p3c,1679,1276,1439,1906,917,1289,1008,9514,20148,15311,17264,22877,11009,15466,12093,114167,69407,0,,,
3416,FL,"Homosassa Springs, FL MSA",2p4c,1679,1562,1560,1978,1006,1289,1200,10273,20148,18740,18716,23740,12074,15466,14394,123278,69407,0,,,
3417,AR,"Hot Springs, AR MSA",1p0c,799,335,1038,481,352,0,705,3709,9588,4015,12456,5770,4224,0,8459,44511,70043,0,,,
3417,AR,"Hot Springs, AR MSA",1p1c,1037,491,1259,754,474,672,860,5547,12444,5888,15104,9052,5692,8063,10322,66564,70043,0,,,
3417,AR,"Hot Springs, AR MSA",1p2c,1037,724,1384,1028,547,1223,1077,7019,12444,8683,16607,12334,6559,14671,12929,84228,70043,0,,,
3417,AR,"Hot Springs, AR MSA",1p3c,1311,964,1474,1301,706,1392,1531,8680,15732,11570,17687,15616,8477,16705,18370,104157,70043,0,,,
3417,AR,"Hot Springs, AR MSA",1p4c,1311,1181,1607,1371,774,1392,1822,9456,15732,14166,19279,16450,9282,16705,21859,113472,70043,0,,,
3417,AR,"Hot Springs, AR MSA",2p0c,805,614,1210,962,440,0,751,4781,9660,7362,14514,11540,5285,0,9006,57366,70043,0,,,
3417,AR,"Hot Springs, AR MSA",2p1c,1037,761,1328,1235,558,672,962,6554,12444,9134,15936,14822,6699,8063,11548,78646,70043,0,,,
3417,AR,"Hot Springs, AR MSA",2p2c,1037,968,1413,1509,623,1223,1045,7817,12444,11616,16954,18104,7470,14671,12545,93804,70043,0,,,
3417,AR,"Hot Springs, AR MSA",2p3c,1311,1181,1541,1782,774,1392,1285,9266,15732,14171,18497,21386,9284,16705,15415,111189,70043,0,,,
3417,AR,"Hot Springs, AR MSA",2p4c,1311,1445,1594,1852,856,1392,1504,9953,15732,17345,19124,22220,10269,16705,18047,119441,70043,0,,,
3418,LA,"Houma-Thibodaux, LA MSA",1p0c,786,341,1104,489,350,0,691,3760,9432,4089,13250,5866,4198,0,8289,45123,76521.10501,0,,,
3418,LA,"Houma-Thibodaux, LA MSA",1p1c,1146,500,1329,767,511,710,894,5856,13752,5996,15945,9205,6131,8517,10728,70273,76521.10501,0,,,
3418,LA,"Houma-Thibodaux, LA MSA",1p2c,1146,737,1453,1045,585,1352,1210,7528,13752,8841,17438,12545,7015,16223,14525,90338,76521.10501,0,,,
3418,LA,"Houma-Thibodaux, LA MSA",1p3c,1382,982,1609,1324,734,1550,1638,9218,16584,11781,19311,15884,8807,18594,19653,110613,76521.10501,0,,,
3418,LA,"Houma-Thibodaux, LA MSA",1p4c,1382,1202,1676,1394,802,1550,1880,9885,16584,14424,20107,16726,9627,18594,22563,118624,76521.10501,0,,,
3418,LA,"Houma-Thibodaux, LA MSA",2p0c,934,625,1277,978,484,0,822,5118,11208,7496,15318,11732,5807,0,9859,61420,76521.10501,0,,,
3418,LA,"Houma-Thibodaux, LA MSA",2p1c,1146,775,1395,1256,596,710,1016,6894,13752,9301,16737,15071,7157,8517,12192,82727,76521.10501,0,,,
3418,LA,"Houma-Thibodaux, LA MSA",2p2c,1146,986,1546,1534,662,1352,1146,8372,13752,11827,18554,18411,7942,16223,13752,100461,76521.10501,0,,,
3418,LA,"Houma-Thibodaux, LA MSA",2p3c,1382,1202,1609,1813,802,1550,1381,9738,16584,14429,19306,21750,9629,18594,16566,116858,76521.10501,0,,,
3418,LA,"Houma-Thibodaux, LA MSA",2p4c,1382,1472,1660,1883,886,1550,1593,10425,16584,17661,19919,22591,10632,18594,19115,125096,76521.10501,0,,,
3419,TX,"Houston-The Woodlands-Sugar Land, TX HUD Metro FMR Area",1p0c,1226,321,1015,422,480,0,652,4116,14712,3847,12185,5065,5762,0,7821,49392,95119.47562,1,83,57,65
3419,TX,"Houston-The Woodlands-Sugar Land, TX HUD Metro FMR Area",1p1c,1529,470,1299,660,621,847,788,6213,18348,5641,15582,7925,7448,10159,9455,74557,95119.47562,1,83,57,65
3419,TX,"Houston-The Woodlands-Sugar Land, TX HUD Metro FMR Area",1p2c,1529,693,1421,899,690,1637,1023,7892,18348,8318,17056,10785,8279,19649,12270,94705,95119.47562,1,83,57,65
3419,TX,"Houston-The Woodlands-Sugar Land, TX HUD Metro FMR Area",1p3c,2038,924,1505,1137,920,1881,1458,9861,24456,11084,18057,13644,11034,22569,17493,118337,95119.47562,1,83,57,65
3419,TX,"Houston-The Woodlands-Sugar Land, TX HUD Metro FMR Area",1p4c,2038,1131,1564,1202,984,1881,1638,10438,24456,13570,18762,14427,11806,22569,19660,125251,95119.47562,1,83,57,65
3419,TX,"Houston-The Woodlands-Sugar Land, TX HUD Metro FMR Area",2p0c,1279,588,1260,844,580,0,721,5272,15348,7052,15120,10129,6955,0,8655,63259,95119.47562,1,83,57,65
3419,TX,"Houston-The Woodlands-Sugar Land, TX HUD Metro FMR Area",2p1c,1529,729,1377,1082,701,847,868,7133,18348,8750,16527,12989,8413,10159,10414,85601,95119.47562,1,83,57,65
3419,TX,"Houston-The Woodlands-Sugar Land, TX HUD Metro FMR Area",2p2c,1529,927,1457,1321,763,1637,945,8579,18348,11127,17478,15849,9151,19649,11341,102944,95119.47562,1,83,57,65
3419,TX,"Houston-The Woodlands-Sugar Land, TX HUD Metro FMR Area",2p3c,2038,1131,1512,1559,984,1881,1210,10316,24456,13575,18144,18709,11808,22569,14525,123786,95119.47562,1,83,57,65
3419,TX,"Houston-The Woodlands-Sugar Land, TX HUD Metro FMR Area",2p4c,2038,1385,1623,1624,1063,1881,1413,11026,24456,16616,19471,19491,12752,22569,16956,132310,95119.47562,1,83,57,65
3420,TX,"Brazoria County, TX HUD Metro FMR Area",1p0c,951,318,1157,494,394,0,615,3929,11412,3819,13881,5930,4729,0,7381,47153,109768,0,,,
3420,TX,"Brazoria County, TX HUD Metro FMR Area",1p1c,1260,467,1451,776,536,847,758,6095,15120,5601,17417,9308,6433,10159,9100,73138,109768,0,,,
3420,TX,"Brazoria County, TX HUD Metro FMR Area",1p2c,1260,688,1600,1057,605,1637,1013,7861,15120,8259,19196,12687,7258,19649,12157,94326,109768,0,,,
3420,TX,"Brazoria County, TX HUD Metro FMR Area",1p3c,1683,917,1767,1339,807,1881,1453,9847,20196,11005,21199,16065,9687,22569,17436,118158,109768,0,,,
3420,TX,"Brazoria County, TX HUD Metro FMR Area",1p4c,1683,1123,1837,1409,871,1881,1640,10444,20196,13474,22041,16910,10454,22569,19685,125330,109768,0,,,
3420,TX,"Brazoria County, TX HUD Metro FMR Area",2p0c,1138,584,1404,988,535,0,745,5394,13656,7002,16849,11861,6414,0,8944,64725,109768,0,,,
3420,TX,"Brazoria County, TX HUD Metro FMR Area",2p1c,1260,724,1544,1270,616,847,867,7128,15120,8688,18533,15239,7392,10159,10400,85531,109768,0,,,
3420,TX,"Brazoria County, TX HUD Metro FMR Area",2p2c,1260,921,1706,1551,677,1637,983,8735,15120,11048,20466,18617,8125,19649,11798,104823,109768,0,,,
3420,TX,"Brazoria County, TX HUD Metro FMR Area",2p3c,1683,1123,1771,1833,871,1881,1230,10393,20196,13478,21256,21995,10455,22569,14765,124715,109768,0,,,
3420,TX,"Brazoria County, TX HUD Metro FMR Area",2p4c,1683,1375,1822,1903,949,1881,1413,11027,20196,16498,21869,22841,11392,22569,16961,132326,109768,0,,,
3421,TX,"Austin County, TX HUD Metro FMR Area",1p0c,802,314,1176,498,346,0,571,3707,9624,3762,14111,5977,4156,0,6857,44487,95354,0,,,
3421,TX,"Austin County, TX HUD Metro FMR Area",1p1c,1001,460,1533,782,454,847,676,5752,12012,5516,18395,9383,5442,10159,8113,69021,95354,0,,,
3421,TX,"Austin County, TX HUD Metro FMR Area",1p2c,1001,678,1692,1066,521,1637,907,7503,12012,8134,20309,12790,6255,19649,10881,90030,95354,0,,,
3421,TX,"Austin County, TX HUD Metro FMR Area",1p3c,1403,903,1801,1350,716,1881,1299,9353,16836,10839,21608,16196,8592,22569,15590,112230,95354,0,,,
3421,TX,"Austin County, TX HUD Metro FMR Area",1p4c,1403,1106,1877,1420,779,1881,1486,9953,16836,13270,22529,17045,9347,22569,17835,119432,95354,0,,,
3421,TX,"Austin County, TX HUD Metro FMR Area",2p0c,891,575,1476,996,455,0,683,5076,10692,6896,17714,11955,5461,0,8193,60911,95354,0,,,
3421,TX,"Austin County, TX HUD Metro FMR Area",2p1c,1001,713,1627,1280,532,847,803,6803,12012,8557,19524,15361,6386,10159,9634,81633,95354,0,,,
3421,TX,"Austin County, TX HUD Metro FMR Area",2p2c,1001,907,1729,1564,592,1637,881,8311,12012,10881,20746,18767,7108,19649,10571,99735,95354,0,,,
3421,TX,"Austin County, TX HUD Metro FMR Area",2p3c,1403,1106,1801,1848,779,1881,1112,9929,16836,13275,21607,22173,9349,22569,13341,119150,95354,0,,,
3421,TX,"Austin County, TX HUD Metro FMR Area",2p4c,1403,1354,1857,1919,856,1881,1268,10538,16836,16248,22287,23022,10272,22569,15216,126451,95354,0,,,
3422,KY,"Carter County, KY HUD Metro FMR Area",1p0c,657,353,1117,420,314,0,713,3574,7884,4235,13408,5042,3763,0,8555,42886,64750,0,,,
3422,KY,"Carter County, KY HUD Metro FMR Area",1p1c,867,518,1348,657,430,572,804,5196,10404,6210,16175,7888,5158,6865,9651,62351,64750,0,,,
3422,KY,"Carter County, KY HUD Metro FMR Area",1p2c,867,763,1486,895,506,1178,989,6684,10404,9157,17831,10735,6073,14136,11873,80208,64750,0,,,
3422,KY,"Carter County, KY HUD Metro FMR Area",1p3c,1215,1017,1588,1132,693,1364,1398,8407,14580,12202,19057,13581,8315,16373,16771,100879,64750,0,,,
3422,KY,"Carter County, KY HUD Metro FMR Area",1p4c,1215,1245,1664,1197,764,1364,1640,9088,14580,14939,19965,14361,9165,16373,19677,109060,64750,0,,,
3422,KY,"Carter County, KY HUD Metro FMR Area",2p0c,661,647,1288,840,406,0,809,4652,7932,7764,15457,10084,4873,0,9712,55822,64750,0,,,
3422,KY,"Carter County, KY HUD Metro FMR Area",2p1c,867,803,1417,1078,518,572,965,6219,10404,9633,17003,12930,6221,6865,11574,74630,64750,0,,,
3422,KY,"Carter County, KY HUD Metro FMR Area",2p2c,867,1021,1512,1315,586,1178,1059,7537,10404,12250,18143,15776,7033,14136,12705,90447,64750,0,,,
3422,KY,"Carter County, KY HUD Metro FMR Area",2p3c,1215,1245,1582,1552,764,1364,1274,8997,14580,14944,18984,18623,9167,16373,15292,107963,64750,0,,,
3422,KY,"Carter County, KY HUD Metro FMR Area",2p4c,1215,1524,1712,1617,851,1364,1530,9813,14580,18292,20546,19403,10206,16373,18360,117760,64750,0,,,
3423,KY,"Huntington-Ashland, WV-KY-OH HUD Metro FMR Area",1p0c,844,324,1010,630,363,0,813,3983,10128,3891,12121,7557,4352,0,9750,47799,71840.24594,0,,,
3423,KY,"Huntington-Ashland, WV-KY-OH HUD Metro FMR Area",1p1c,971,475,1216,992,449,743,954,5800,11652,5705,14586,11908,5389,8919,11445,69604,71840.24594,0,,,
3423,KY,"Huntington-Ashland, WV-KY-OH HUD Metro FMR Area",1p2c,971,701,1334,1355,519,1390,1267,7538,11652,8413,16008,16258,6230,16684,15205,90450,71840.24594,0,,,
3423,KY,"Huntington-Ashland, WV-KY-OH HUD Metro FMR Area",1p3c,1259,934,1420,1717,681,1589,1728,9330,15108,11211,17045,20609,8171,19073,20738,111955,71840.24594,0,,,
3423,KY,"Huntington-Ashland, WV-KY-OH HUD Metro FMR Area",1p4c,1259,1144,1548,1798,746,1589,2010,10094,15108,13726,18574,21570,8952,19073,24119,121123,71840.24594,0,,,
3423,KY,"Huntington-Ashland, WV-KY-OH HUD Metro FMR Area",2p0c,850,594,1167,1260,448,0,965,5284,10200,7133,14001,15114,5381,0,11581,63409,71840.24594,0,,,
3423,KY,"Huntington-Ashland, WV-KY-OH HUD Metro FMR Area",2p1c,971,738,1279,1622,530,743,1171,7054,11652,8850,15348,19464,6365,8919,14053,84652,71840.24594,0,,,
3423,KY,"Huntington-Ashland, WV-KY-OH HUD Metro FMR Area",2p2c,971,938,1361,1985,593,1390,1308,8545,11652,11255,16326,23815,7112,16684,15695,102540,71840.24594,0,,,
3423,KY,"Huntington-Ashland, WV-KY-OH HUD Metro FMR Area",2p3c,1259,1144,1484,2347,746,1589,1667,10237,15108,13730,17811,28166,8954,19073,20003,122845,71840.24594,0,,,
3423,KY,"Huntington-Ashland, WV-KY-OH HUD Metro FMR Area",2p4c,1259,1401,1535,2427,826,1589,1898,10935,15108,16806,18419,29126,9908,19073,22780,131221,71840.24594,0,,,
3424,OH,"Huntington-Ashland, WV-KY-OH HUD Metro FMR Area",1p0c,844,324,1010,630,363,0,666,3837,10128,3891,12121,7557,4352,0,7990,46038,71840.24594,,,,
3424,OH,"Huntington-Ashland, WV-KY-OH HUD Metro FMR Area",1p1c,971,475,1216,992,449,743,766,5613,11652,5705,14586,11908,5389,8919,9196,67355,71840.24594,,,,
3424,OH,"Huntington-Ashland, WV-KY-OH HUD Metro FMR Area",1p2c,971,701,1334,1355,519,1390,1014,7285,11652,8413,16008,16258,6230,16684,12173,87419,71840.24594,,,,
3424,OH,"Huntington-Ashland, WV-KY-OH HUD Metro FMR Area",1p3c,1259,934,1420,1717,681,1589,1416,9017,15108,11211,17045,20609,8171,19073,16986,108204,71840.24594,,,,
3424,OH,"Huntington-Ashland, WV-KY-OH HUD Metro FMR Area",1p4c,1259,1144,1548,1798,746,1589,1665,9749,15108,13726,18574,21570,8952,19073,19982,116985,71840.24594,,,,
3424,OH,"Huntington-Ashland, WV-KY-OH HUD Metro FMR Area",2p0c,850,594,1167,1260,448,0,777,5096,10200,7133,14001,15114,5381,0,9320,61148,71840.24594,,,,
3424,OH,"Huntington-Ashland, WV-KY-OH HUD Metro FMR Area",2p1c,971,738,1279,1622,530,743,943,6826,11652,8850,15348,19464,6365,8919,11314,81912,71840.24594,,,,
3424,OH,"Huntington-Ashland, WV-KY-OH HUD Metro FMR Area",2p2c,971,938,1361,1985,593,1390,1057,8294,11652,11255,16326,23815,7112,16684,12681,99525,71840.24594,,,,
3424,OH,"Huntington-Ashland, WV-KY-OH HUD Metro FMR Area",2p3c,1259,1144,1484,2347,746,1589,1347,9917,15108,13730,17811,28166,8954,19073,16161,119003,71840.24594,,,,
3424,OH,"Huntington-Ashland, WV-KY-OH HUD Metro FMR Area",2p4c,1259,1401,1535,2427,826,1589,1540,10576,15108,16806,18419,29126,9908,19073,18475,126916,71840.24594,,,,
3425,WV,"Huntington-Ashland, WV-KY-OH HUD Metro FMR Area",1p0c,844,324,1010,630,363,0,769,3940,10128,3891,12121,7557,4352,0,9229,47278,71840.24594,,,,
3425,WV,"Huntington-Ashland, WV-KY-OH HUD Metro FMR Area",1p1c,971,475,1216,992,449,743,934,5781,11652,5705,14586,11908,5389,8919,11213,69371,71840.24594,,,,
3425,WV,"Huntington-Ashland, WV-KY-OH HUD Metro FMR Area",1p2c,971,701,1334,1355,519,1390,1285,7555,11652,8413,16008,16258,6230,16684,15418,90663,71840.24594,,,,
3425,WV,"Huntington-Ashland, WV-KY-OH HUD Metro FMR Area",1p3c,1259,934,1420,1717,681,1589,1773,9375,15108,11211,17045,20609,8171,19073,21278,112495,71840.24594,,,,
3425,WV,"Huntington-Ashland, WV-KY-OH HUD Metro FMR Area",1p4c,1259,1144,1548,1798,746,1589,2042,10126,15108,13726,18574,21570,8952,19073,24504,121508,71840.24594,,,,
3425,WV,"Huntington-Ashland, WV-KY-OH HUD Metro FMR Area",2p0c,850,594,1167,1260,448,0,940,5259,10200,7133,14001,15114,5381,0,11276,63104,71840.24594,,,,
3425,WV,"Huntington-Ashland, WV-KY-OH HUD Metro FMR Area",2p1c,971,738,1279,1622,530,743,1178,7061,11652,8850,15348,19464,6365,8919,14138,84736,71840.24594,,,,
3425,WV,"Huntington-Ashland, WV-KY-OH HUD Metro FMR Area",2p2c,971,938,1361,1985,593,1390,1346,8583,11652,11255,16326,23815,7112,16684,16147,102991,71840.24594,,,,
3425,WV,"Huntington-Ashland, WV-KY-OH HUD Metro FMR Area",2p3c,1259,1144,1484,2347,746,1589,1732,10302,15108,13730,17811,28166,8954,19073,20778,123620,71840.24594,,,,
3425,WV,"Huntington-Ashland, WV-KY-OH HUD Metro FMR Area",2p4c,1259,1401,1535,2427,826,1589,1965,11002,15108,16806,18419,29126,9908,19073,23584,132024,71840.24594,,,,
3426,WV,"Putnam County, WV HUD Metro FMR Area",1p0c,838,352,1143,829,369,0,892,4422,10056,4223,13710,9944,4433,0,10699,53066,93927,0,,,
3426,WV,"Putnam County, WV HUD Metro FMR Area",1p1c,1106,516,1479,1310,504,827,1353,7095,13272,6193,17752,15725,6043,9918,16240,85143,93927,0,,,
3426,WV,"Putnam County, WV HUD Metro FMR Area",1p2c,1106,761,1631,1792,580,1556,1948,9374,13272,9132,19573,21506,6956,18674,23375,112487,93927,0,,,
3426,WV,"Putnam County, WV HUD Metro FMR Area",1p3c,1515,1014,1735,2274,785,1781,2701,11805,18180,12169,20819,27287,9422,21368,32412,141657,93927,0,,,
3426,WV,"Putnam County, WV HUD Metro FMR Area",1p4c,1515,1242,1809,2369,856,1781,2941,12512,18180,14899,21705,28428,10270,21368,35289,150139,93927,0,,,
3426,WV,"Putnam County, WV HUD Metro FMR Area",2p0c,843,645,1422,1657,462,0,1189,6219,10116,7743,17068,19889,5545,0,14270,74630,93927,0,,,
3426,WV,"Putnam County, WV HUD Metro FMR Area",2p1c,1106,801,1565,2139,592,827,1587,8616,13272,9607,18785,25670,7103,9918,19039,103393,93927,0,,,
3426,WV,"Putnam County, WV HUD Metro FMR Area",2p2c,1106,1018,1663,2621,660,1556,2035,10658,13272,12217,19952,31451,7914,18674,24419,127897,93927,0,,,
3426,WV,"Putnam County, WV HUD Metro FMR Area",2p3c,1515,1242,1732,3103,856,1781,2645,12872,18180,14904,20778,37232,10272,21368,31736,154469,93927,0,,,
3426,WV,"Putnam County, WV HUD Metro FMR Area",2p4c,1515,1520,1786,3198,942,1781,2925,13667,18180,18242,21433,38373,11308,21368,35094,163998,93927,0,,,
3427,AL,"Huntsville, AL MSA",1p0c,928,364,1128,503,401,0,821,4145,11136,4373,13531,6032,4815,0,9848,49736,106048.346,0,,,
3427,AL,"Huntsville, AL MSA",1p1c,1248,534,1420,748,553,644,1010,6157,14976,6413,17043,8971,6641,7729,12115,73887,106048.346,0,,,
3427,AL,"Huntsville, AL MSA",1p2c,1248,788,1570,992,632,1216,1299,7747,14976,9457,18844,11909,7586,14596,15592,92960,106048.346,0,,,
3427,AL,"Huntsville, AL MSA",1p3c,1609,1050,1670,1237,826,1393,1741,9526,19308,12601,20044,14847,9907,16710,20890,114307,106048.346,0,,,
3427,AL,"Huntsville, AL MSA",1p4c,1609,1286,1811,1278,899,1393,2004,10280,19308,15428,21735,15338,10785,16710,24053,123356,106048.346,0,,,
3427,AL,"Huntsville, AL MSA",2p0c,1071,668,1372,1005,540,0,1024,5680,12852,8018,16460,12065,6479,0,12287,68161,106048.346,0,,,
3427,AL,"Huntsville, AL MSA",2p1c,1248,829,1514,1250,645,644,1206,7337,14976,9948,18171,15003,7738,7729,14476,88042,106048.346,0,,,
3427,AL,"Huntsville, AL MSA",2p2c,1248,1054,1609,1495,715,1216,1306,8643,14976,12651,19304,17941,8577,14596,15672,103718,106048.346,0,,,
3427,AL,"Huntsville, AL MSA",2p3c,1609,1286,1745,1740,899,1393,1653,10325,19308,15433,20944,20879,10786,16710,19836,123897,106048.346,0,,,
3427,AL,"Huntsville, AL MSA",2p4c,1609,1574,1799,1781,988,1393,1869,11012,19308,18890,21588,21370,11860,16710,22422,132148,106048.346,0,,,
3428,ID,"Idaho Falls, ID HUD Metro FMR Area",1p0c,1035,363,1133,414,434,0,843,4221,12420,4350,13597,4966,5207,0,10113,50654,91394.69402,0,,,
3428,ID,"Idaho Falls, ID HUD Metro FMR Area",1p1c,1311,532,1371,657,572,683,914,6040,15732,6379,16452,7885,6865,8194,10969,72476,91394.69402,0,,,
3428,ID,"Idaho Falls, ID HUD Metro FMR Area",1p2c,1311,784,1563,900,650,1339,1244,7791,15732,9407,18758,10803,7805,16065,14924,93494,91394.69402,0,,,
3428,ID,"Idaho Falls, ID HUD Metro FMR Area",1p3c,1837,1045,1655,1143,895,1541,1863,9979,22044,12535,19860,13721,10736,18487,22359,119742,91394.69402,0,,,
3428,ID,"Idaho Falls, ID HUD Metro FMR Area",1p4c,1837,1279,1721,1216,967,1541,2128,10689,22044,15347,20647,14597,11609,18487,25538,128269,91394.69402,0,,,
3428,ID,"Idaho Falls, ID HUD Metro FMR Area",2p0c,1087,665,1313,828,544,0,857,5293,13044,7976,15756,9933,6526,0,10278,63512,91394.69402,0,,,
3428,ID,"Idaho Falls, ID HUD Metro FMR Area",2p1c,1311,825,1498,1071,663,683,1069,7119,15732,9896,17981,12851,7957,8194,12822,85432,91394.69402,0,,,
3428,ID,"Idaho Falls, ID HUD Metro FMR Area",2p2c,1311,1049,1585,1314,733,1339,1161,8492,15732,12584,19021,15769,8791,16065,13936,101899,91394.69402,0,,,
3428,ID,"Idaho Falls, ID HUD Metro FMR Area",2p3c,1837,1279,1647,1557,968,1541,1595,10423,22044,15352,19760,18688,11611,18487,19136,125078,91394.69402,0,,,
3428,ID,"Idaho Falls, ID HUD Metro FMR Area",2p4c,1837,1566,1696,1630,1057,1541,1845,11172,22044,18791,20354,19564,12678,18487,22145,134062,91394.69402,0,,,
3429,ID,"Butte County, ID HUD Metro FMR Area",1p0c,1020,486,1322,414,467,0,979,4688,12240,5827,15867,4966,5609,0,11752,56261,61071,0,,,
3429,ID,"Butte County, ID HUD Metro FMR Area",1p1c,1311,712,1616,657,628,571,1095,6590,15732,8545,19388,7885,7537,6850,13140,79076,61071,0,,,
3429,ID,"Butte County, ID HUD Metro FMR Area",1p2c,1311,1050,1782,900,733,1121,1446,8343,15732,12600,21385,10803,8796,13449,17348,100114,61071,0,,,
3429,ID,"Butte County, ID HUD Metro FMR Area",1p3c,1837,1399,1977,1143,1005,1290,2181,10832,22044,16790,23727,13721,12057,15479,26170,129988,61071,0,,,
3429,ID,"Butte County, ID HUD Metro FMR Area",1p4c,1837,1713,2067,1216,1102,1290,2525,11750,22044,20557,24798,14597,13226,15479,30304,141005,61071,0,,,
3429,ID,"Butte County, ID HUD Metro FMR Area",2p0c,1087,890,1531,828,614,0,1040,5990,13044,10683,18375,9933,7367,0,12476,71878,61071,0,,,
3429,ID,"Butte County, ID HUD Metro FMR Area",2p1c,1311,1105,1685,1071,750,571,1226,7719,15732,13255,20225,12851,9000,6850,14711,92623,61071,0,,,
3429,ID,"Butte County, ID HUD Metro FMR Area",2p2c,1311,1405,1871,1314,843,1121,1404,9269,15732,16856,22456,15769,10118,13449,16852,111232,61071,0,,,
3429,ID,"Butte County, ID HUD Metro FMR Area",2p3c,1837,1714,1953,1557,1102,1290,1934,11388,22044,20564,23441,18688,13229,15479,23207,136652,61071,0,,,
3429,ID,"Butte County, ID HUD Metro FMR Area",2p4c,1837,2098,2020,1630,1222,1290,2291,12388,22044,25170,24241,19564,14659,15479,27497,148653,61071,0,,,
3430,IN,"Anderson, IN HUD Metro FMR Area",1p0c,759,315,1044,424,334,0,635,3512,9108,3785,12529,5089,4003,0,7625,42138,77416,0,,,
3430,IN,"Anderson, IN HUD Metro FMR Area",1p1c,1054,463,1285,663,471,889,819,5643,12648,5550,15416,7959,5650,10672,9826,67720,77416,0,,,
3430,IN,"Anderson, IN HUD Metro FMR Area",1p2c,1054,682,1417,903,539,1581,1037,7212,12648,8184,17006,10830,6468,18967,12445,86549,77416,0,,,
3430,IN,"Anderson, IN HUD Metro FMR Area",1p3c,1379,909,1577,1142,710,1793,1426,8936,16548,10905,18919,13700,8524,21520,17115,107230,77416,0,,,
3430,IN,"Anderson, IN HUD Metro FMR Area",1p4c,1379,1113,1646,1205,774,1793,1627,9537,16548,13352,19756,14461,9283,21520,19527,114447,77416,0,,,
3430,IN,"Anderson, IN HUD Metro FMR Area",2p0c,803,578,1236,848,429,0,730,4624,9636,6939,14827,10178,5146,0,8765,55490,77416,0,,,
3430,IN,"Anderson, IN HUD Metro FMR Area",2p1c,1054,717,1360,1087,550,889,959,6618,12648,8609,16321,13048,6600,10672,11512,79411,77416,0,,,
3430,IN,"Anderson, IN HUD Metro FMR Area",2p2c,1054,912,1513,1327,611,1581,1063,8060,12648,10948,18159,15919,7326,18967,12754,96722,77416,0,,,
3430,IN,"Anderson, IN HUD Metro FMR Area",2p3c,1379,1113,1578,1566,774,1793,1268,9471,16548,13356,18940,18789,9284,21520,15211,113649,77416,0,,,
3430,IN,"Anderson, IN HUD Metro FMR Area",2p4c,1379,1362,1631,1629,851,1793,1443,10089,16548,16348,19571,19550,10213,21520,17312,121062,77416,0,,,
3431,IN,"Indianapolis-Carmel, IN HUD Metro FMR Area",1p0c,955,336,1031,420,401,0,715,3858,11460,4037,12372,5038,4812,0,8578,46297,100605.0706,1,75,78,47
3431,IN,"Indianapolis-Carmel, IN HUD Metro FMR Area",1p1c,1283,493,1330,656,552,1025,998,6337,15396,5921,15958,7877,6618,12294,11980,76043,100605.0706,1,75,78,47
3431,IN,"Indianapolis-Carmel, IN HUD Metro FMR Area",1p2c,1283,728,1461,893,624,1821,1340,8150,15396,8731,17531,10717,7491,21850,16081,97796,100605.0706,1,75,78,47
3431,IN,"Indianapolis-Carmel, IN HUD Metro FMR Area",1p3c,1669,970,1550,1130,819,2066,1795,9998,20028,11634,18594,13557,9830,24790,21542,119975,100605.0706,1,75,78,47
3431,IN,"Indianapolis-Carmel, IN HUD Metro FMR Area",1p4c,1669,1187,1612,1193,887,2066,2006,10619,20028,14244,19344,14314,10640,24790,24069,127429,100605.0706,1,75,78,47
3431,IN,"Indianapolis-Carmel, IN HUD Metro FMR Area",2p0c,1097,617,1285,840,532,0,871,5242,13164,7402,15421,10075,6385,0,10457,62904,100605.0706,1,75,78,47
3431,IN,"Indianapolis-Carmel, IN HUD Metro FMR Area",2p1c,1283,765,1410,1076,636,1025,1119,7314,15396,9184,16915,12915,7631,12294,13428,87764,100605.0706,1,75,78,47
3431,IN,"Indianapolis-Carmel, IN HUD Metro FMR Area",2p2c,1283,973,1493,1313,701,1821,1254,8838,15396,11679,17919,15755,8406,21850,15053,106058,100605.0706,1,75,78,47
3431,IN,"Indianapolis-Carmel, IN HUD Metro FMR Area",2p3c,1669,1187,1552,1550,887,2066,1568,10479,20028,14248,18625,18594,10642,24790,18815,125743,100605.0706,1,75,78,47
3431,IN,"Indianapolis-Carmel, IN HUD Metro FMR Area",2p4c,1669,1453,1666,1613,969,2066,1800,11236,20028,17440,19991,19351,11633,24790,21599,134832,100605.0706,1,75,78,47
3432,IN,"Putnam County, IN HUD Metro FMR Area",1p0c,745,323,1127,409,332,0,653,3588,8940,3877,13520,4903,3979,0,7835,43054,87006,0,,,
3432,IN,"Putnam County, IN HUD Metro FMR Area",1p1c,1049,474,1397,639,473,913,854,5798,12588,5685,16759,7662,5673,10954,10250,69571,87006,0,,,
3432,IN,"Putnam County, IN HUD Metro FMR Area",1p2c,1049,699,1610,868,543,1622,1132,7523,12588,8384,19315,10420,6511,19469,13584,90271,87006,0,,,
3432,IN,"Putnam County, IN HUD Metro FMR Area",1p3c,1397,931,1715,1098,723,1841,1529,9234,16764,11171,20577,13179,8673,22089,18350,110804,87006,0,,,
3432,IN,"Putnam County, IN HUD Metro FMR Area",1p4c,1397,1140,1790,1161,788,1841,1737,9853,16764,13677,21482,13926,9451,22089,20847,118237,87006,0,,,
3432,IN,"Putnam County, IN HUD Metro FMR Area",2p0c,816,592,1339,817,437,0,762,4764,9792,7108,16071,9805,5247,0,9142,57164,87006,0,,,
3432,IN,"Putnam County, IN HUD Metro FMR Area",2p1c,1049,735,1543,1047,554,913,1014,6855,12588,8819,18519,12564,6646,10954,12165,82255,87006,0,,,
3432,IN,"Putnam County, IN HUD Metro FMR Area",2p2c,1049,935,1642,1277,616,1622,1105,8246,12588,11215,19700,15323,7390,19469,13265,98950,87006,0,,,
3432,IN,"Putnam County, IN HUD Metro FMR Area",2p3c,1397,1140,1712,1507,788,1841,1342,9727,16764,13682,20541,18082,9453,22089,16109,116721,87006,0,,,
3432,IN,"Putnam County, IN HUD Metro FMR Area",2p4c,1397,1396,1768,1569,867,1841,1525,10362,16764,16747,21213,18829,10404,22089,18302,124348,87006,0,,,
3433,IA,"Iowa City, IA HUD Metro FMR Area",1p0c,816,371,1063,397,369,0,724,3741,9792,4454,12760,4765,4423,0,8691,44886,115914,0,,,
3433,IA,"Iowa City, IA HUD Metro FMR Area",1p1c,1105,544,1315,620,512,771,949,5817,13260,6531,15779,7442,6145,9257,11384,69798,115914,0,,,
3433,IA,"Iowa City, IA HUD Metro FMR Area",1p2c,1105,803,1441,843,592,1389,1266,7438,13260,9631,17287,10119,7107,16662,15188,89254,115914,0,,,
3433,IA,"Iowa City, IA HUD Metro FMR Area",1p3c,1548,1070,1586,1066,813,1578,1879,9540,18576,12834,19030,12796,9752,18941,22550,114478,115914,0,,,
3433,IA,"Iowa City, IA HUD Metro FMR Area",1p4c,1548,1309,1645,1128,887,1578,2131,10227,18576,15713,19743,13532,10646,18941,25572,122722,115914,0,,,
3433,IA,"Iowa City, IA HUD Metro FMR Area",2p0c,921,681,1269,794,497,0,826,4987,11052,8166,15224,9531,5967,0,9906,59845,115914,0,,,
3433,IA,"Iowa City, IA HUD Metro FMR Area",2p1c,1105,844,1389,1017,605,771,1066,6799,13260,10132,16672,12207,7262,9257,12796,81586,115914,0,,,
3433,IA,"Iowa City, IA HUD Metro FMR Area",2p2c,1105,1074,1531,1240,676,1389,1217,8231,13260,12884,18371,14884,8117,16662,14598,98776,115914,0,,,
3433,IA,"Iowa City, IA HUD Metro FMR Area",2p3c,1548,1310,1588,1463,887,1578,1572,9947,18576,15718,19050,17561,10647,18941,18866,119359,115914,0,,,
3433,IA,"Iowa City, IA HUD Metro FMR Area",2p4c,1548,1603,1632,1525,978,1578,1813,10677,18576,19239,19580,18298,11740,18941,21752,128126,115914,0,,,
3434,IA,"Washington County, IA HUD Metro FMR Area",1p0c,662,328,1177,388,307,0,672,3535,7944,3935,14124,4657,3688,0,8069,42417,87727,0,,,
3434,IA,"Washington County, IA HUD Metro FMR Area",1p1c,882,481,1518,606,423,709,861,5479,10584,5770,18220,7270,5077,8502,10330,65753,87727,0,,,
3434,IA,"Washington County, IA HUD Metro FMR Area",1p2c,882,709,1671,824,494,1275,1103,6958,10584,8508,20057,9882,5928,15303,13238,83500,87727,0,,,
3434,IA,"Washington County, IA HUD Metro FMR Area",1p3c,1102,945,1776,1041,636,1450,1452,8401,13224,11338,21310,12494,7626,17395,17427,100814,87727,0,,,
3434,IA,"Washington County, IA HUD Metro FMR Area",1p4c,1102,1157,1850,1102,701,1450,1687,9049,13224,13881,22201,13223,8415,17395,20247,108586,87727,0,,,
3434,IA,"Washington County, IA HUD Metro FMR Area",2p0c,674,601,1456,776,396,0,742,4645,8088,7214,17469,9315,4751,0,8898,55734,87727,0,,,
3434,IA,"Washington County, IA HUD Metro FMR Area",2p1c,882,746,1600,994,505,709,967,6402,10584,8950,19196,11927,6065,8502,11599,76823,87727,0,,,
3434,IA,"Washington County, IA HUD Metro FMR Area",2p2c,882,949,1697,1212,568,1275,1071,7654,10584,11382,20368,14539,6820,15303,12849,91845,87727,0,,,
3434,IA,"Washington County, IA HUD Metro FMR Area",2p3c,1102,1157,1766,1429,701,1450,1217,8822,13224,13886,21196,17151,8417,17395,14598,105867,87727,0,,,
3434,IA,"Washington County, IA HUD Metro FMR Area",2p4c,1102,1416,1821,1490,782,1450,1416,9477,13224,16996,21852,17880,9382,17395,16994,113724,87727,0,,,
3435,NY,"Ithaca, NY MSA",1p0c,1320,405,1023,800,536,0,1197,5280,15840,4858,12278,9599,6426,0,14360,63361,111825,0,,,
3435,NY,"Ithaca, NY MSA",1p1c,1702,594,1334,1348,713,1293,1994,8977,20424,7123,16007,16174,8553,15513,23927,107720,111825,0,,,
3435,NY,"Ithaca, NY MSA",1p2c,1702,875,1472,1388,800,2383,2620,11240,20424,10504,17659,16652,9602,28592,31445,134879,111825,0,,,
3435,NY,"Ithaca, NY MSA",1p3c,2051,1166,1564,1428,999,2718,3127,13053,24612,13997,18771,17130,11987,32616,37525,156640,111825,0,,,
3435,NY,"Ithaca, NY MSA",1p4c,2051,1428,1695,1467,1080,2718,3394,13833,24612,17138,20340,17609,12962,32616,40725,166001,111825,0,,,
3435,NY,"Ithaca, NY MSA",2p0c,1489,742,1283,1600,693,0,1404,7210,17868,8906,15393,19197,8313,0,16842,86520,111825,0,,,
3435,NY,"Ithaca, NY MSA",2p1c,1702,921,1415,2257,814,1293,2146,10548,20424,11050,16978,27079,9772,15513,25755,126570,111825,0,,,
3435,NY,"Ithaca, NY MSA",2p2c,1702,1171,1504,2296,892,2383,2637,12584,20424,14052,18042,27557,10704,28592,31641,151012,111825,0,,,
3435,NY,"Ithaca, NY MSA",2p3c,2051,1429,1631,2336,1080,2718,3103,14349,24612,17143,19572,28035,12964,32616,37239,172183,111825,0,,,
3435,NY,"Ithaca, NY MSA",2p4c,2051,1749,1682,2376,1180,2718,3391,15146,24612,20983,20181,28514,14156,32616,40688,181750,111825,0,,,
3436,MI,"Jackson, MI MSA",1p0c,781,326,1068,426,344,0,642,3587,9372,3912,12816,5110,4124,0,7705,43040,83211,0,,,
3436,MI,"Jackson, MI MSA",1p1c,1108,478,1305,666,492,598,782,5430,13296,5736,15661,7993,5909,7173,9387,65155,83211,0,,,
3436,MI,"Jackson, MI MSA",1p2c,1108,705,1435,906,563,1133,953,6803,13296,8458,17218,10877,6754,13600,11434,81637,83211,0,,,
3436,MI,"Jackson, MI MSA",1p3c,1469,939,1593,1147,748,1298,1330,8523,17628,11271,19114,13760,8972,15578,15957,102280,83211,0,,,
3436,MI,"Jackson, MI MSA",1p4c,1469,1150,1661,1210,813,1298,1521,9122,17628,13800,19930,14522,9757,15578,18249,109464,83211,0,,,
3436,MI,"Jackson, MI MSA",2p0c,905,598,1255,852,467,0,784,4860,10860,7171,15056,10220,5598,0,9411,58317,83211,0,,,
3436,MI,"Jackson, MI MSA",2p1c,1108,742,1377,1092,574,598,944,6434,13296,8898,16526,13104,6891,7173,11323,77210,83211,0,,,
3436,MI,"Jackson, MI MSA",2p2c,1108,943,1530,1332,637,1133,1008,7691,13296,11315,18355,15987,7641,13600,12101,92296,83211,0,,,
3436,MI,"Jackson, MI MSA",2p3c,1469,1150,1593,1573,813,1298,1188,9084,17628,13804,19121,18870,9759,15578,14253,109012,83211,0,,,
3436,MI,"Jackson, MI MSA",2p4c,1469,1408,1645,1636,893,1298,1355,9704,17628,16896,19739,19632,10719,15578,16261,116453,83211,0,,,
3437,MS,"Jackson, MS HUD Metro FMR Area",1p0c,1045,358,1100,538,436,0,847,4323,12540,4294,13194,6457,5227,0,10159,51871,81611.62484,0,,,
3437,MS,"Jackson, MS HUD Metro FMR Area",1p1c,1232,525,1337,801,545,632,946,6018,14784,6297,16047,9606,6545,7589,11348,72216,81611.62484,0,,,
3437,MS,"Jackson, MS HUD Metro FMR Area",1p2c,1232,774,1530,1063,623,1149,1228,7599,14784,9286,18365,12755,7473,13783,14737,91183,81611.62484,0,,,
3437,MS,"Jackson, MS HUD Metro FMR Area",1p3c,1484,1031,1623,1325,781,1307,1598,9149,17808,12373,19474,15904,9370,15689,19170,109789,81611.62484,0,,,
3437,MS,"Jackson, MS HUD Metro FMR Area",1p4c,1484,1262,1689,1366,853,1307,1824,9786,17808,15149,20266,16395,10232,15689,21889,117428,81611.62484,0,,,
3437,MS,"Jackson, MS HUD Metro FMR Area",2p0c,1051,656,1288,1076,530,0,921,5522,12612,7873,15453,12914,6360,0,11048,66259,81611.62484,0,,,
3437,MS,"Jackson, MS HUD Metro FMR Area",2p1c,1232,814,1474,1339,635,632,1120,7246,14784,9768,17691,16063,7623,7589,13435,86952,81611.62484,0,,,
3437,MS,"Jackson, MS HUD Metro FMR Area",2p2c,1232,1035,1562,1601,704,1149,1197,8479,14784,12422,18739,19212,8447,13783,14364,101751,81611.62484,0,,,
3437,MS,"Jackson, MS HUD Metro FMR Area",2p3c,1484,1263,1624,1863,853,1307,1435,9829,17808,15154,19484,22361,10234,15689,17220,117950,81611.62484,0,,,
3437,MS,"Jackson, MS HUD Metro FMR Area",2p4c,1484,1546,1674,1904,941,1307,1643,10499,17808,18548,20083,22852,11288,15689,19720,125987,81611.62484,0,,,
3438,MS,"Holmes County, MS HUD Metro FMR Area",1p0c,811,331,1074,538,355,0,726,3834,9732,3969,12888,6457,4254,0,8710,46010,41586,0,,,
3438,MS,"Holmes County, MS HUD Metro FMR Area",1p1c,933,485,1302,801,440,670,800,5431,11196,5821,15623,9606,5283,8034,9605,65167,41586,0,,,
3438,MS,"Holmes County, MS HUD Metro FMR Area",1p2c,933,715,1440,1063,512,1221,993,6877,11196,8583,17278,12755,6141,14648,11921,82521,41586,0,,,
3438,MS,"Holmes County, MS HUD Metro FMR Area",1p3c,1232,953,1543,1325,678,1390,1358,8480,14784,11437,18517,15904,8141,16683,16297,101762,41586,0,,,
3438,MS,"Holmes County, MS HUD Metro FMR Area",1p4c,1232,1167,1620,1366,745,1390,1568,9088,14784,14003,19437,16395,8938,16683,18820,109059,41586,0,,,
3438,MS,"Holmes County, MS HUD Metro FMR Area",2p0c,843,606,1245,1076,450,0,796,5016,10116,7277,14937,12914,5400,0,9546,60190,41586,0,,,
3438,MS,"Holmes County, MS HUD Metro FMR Area",2p1c,933,752,1374,1339,523,670,943,6534,11196,9029,16483,16063,6279,8034,11320,78404,41586,0,,,
3438,MS,"Holmes County, MS HUD Metro FMR Area",2p2c,933,957,1470,1601,587,1221,1028,7796,11196,11482,17636,19212,7041,14648,12338,93553,41586,0,,,
3438,MS,"Holmes County, MS HUD Metro FMR Area",2p3c,1232,1167,1541,1863,745,1390,1230,9168,14784,14008,18488,22361,8939,16683,14754,110017,41586,0,,,
3438,MS,"Holmes County, MS HUD Metro FMR Area",2p4c,1232,1429,1600,1904,826,1390,1419,9800,14784,17145,19194,22852,9913,16683,17026,117597,41586,0,,,
3439,MS,"Simpson County, MS HUD Metro FMR Area",1p0c,640,322,1213,538,299,0,694,3707,7680,3865,14561,6457,3585,0,8332,44480,65097,0,,,
3439,MS,"Simpson County, MS HUD Metro FMR Area",1p1c,933,472,1414,801,436,659,828,5543,11196,5668,16963,9606,5236,7906,9938,66513,65097,0,,,
3439,MS,"Simpson County, MS HUD Metro FMR Area",1p2c,933,697,1535,1063,506,1200,1016,6949,11196,8359,18414,12755,6071,14399,12197,83391,65097,0,,,
3439,MS,"Simpson County, MS HUD Metro FMR Area",1p3c,1307,928,1625,1325,694,1366,1425,8671,15684,11138,19504,15904,8328,16397,17100,104055,65097,0,,,
3439,MS,"Simpson County, MS HUD Metro FMR Area",1p4c,1307,1136,1693,1366,759,1366,1630,9258,15684,13637,20315,16395,9103,16397,19564,111095,65097,0,,,
3439,MS,"Simpson County, MS HUD Metro FMR Area",2p0c,805,591,1352,1076,433,0,808,5064,9660,7087,16223,12914,5199,0,9690,60773,65097,0,,,
3439,MS,"Simpson County, MS HUD Metro FMR Area",2p1c,933,733,1465,1339,517,659,962,6607,11196,8793,17584,16063,6206,7906,11538,79286,65097,0,,,
3439,MS,"Simpson County, MS HUD Metro FMR Area",2p2c,933,932,1550,1601,579,1200,1037,7832,11196,11182,18604,19212,6948,14399,12445,93986,65097,0,,,
3439,MS,"Simpson County, MS HUD Metro FMR Area",2p3c,1307,1137,1613,1863,759,1366,1277,9323,15684,13641,19359,22361,9105,16397,15322,111870,65097,0,,,
3439,MS,"Simpson County, MS HUD Metro FMR Area",2p4c,1307,1391,1666,1904,838,1366,1461,9934,15684,16697,19986,22852,10053,16397,17534,119204,65097,0,,,
3440,MS,"Yazoo County, MS HUD Metro FMR Area",1p0c,760,331,1102,538,339,0,713,3782,9120,3969,13219,6457,4064,0,8556,45385,54480,0,,,
3440,MS,"Yazoo County, MS HUD Metro FMR Area",1p1c,1003,485,1306,801,462,664,830,5551,12036,5821,15674,9606,5544,7964,9961,66606,54480,0,,,
3440,MS,"Yazoo County, MS HUD Metro FMR Area",1p2c,1003,715,1429,1063,534,1209,1026,6979,12036,8583,17151,12755,6402,14512,12312,83751,54480,0,,,
3440,MS,"Yazoo County, MS HUD Metro FMR Area",1p3c,1222,953,1521,1325,675,1377,1332,8407,14664,11437,18256,15904,8104,16527,15988,100880,54480,0,,,
3440,MS,"Yazoo County, MS HUD Metro FMR Area",1p4c,1222,1167,1590,1366,742,1377,1536,9000,14664,14003,19077,16395,8900,16527,18434,108001,54480,0,,,
3440,MS,"Yazoo County, MS HUD Metro FMR Area",2p0c,765,606,1252,1076,426,0,764,4889,9180,7277,15020,12914,5109,0,9170,58671,54480,0,,,
3440,MS,"Yazoo County, MS HUD Metro FMR Area",2p1c,1003,752,1367,1339,545,664,970,6639,12036,9029,16406,16063,6540,7964,11634,79672,54480,0,,,
3440,MS,"Yazoo County, MS HUD Metro FMR Area",2p2c,1003,957,1453,1601,609,1209,1049,7881,12036,11482,17440,19212,7302,14512,12591,94575,54480,0,,,
3440,MS,"Yazoo County, MS HUD Metro FMR Area",2p3c,1222,1167,1517,1863,742,1377,1208,9097,14664,14008,18204,22361,8902,16527,14493,109159,54480,0,,,
3440,MS,"Yazoo County, MS HUD Metro FMR Area",2p4c,1222,1429,1570,1904,823,1377,1393,9718,14664,17145,18838,22852,9876,16527,16718,116620,54480,0,,,
3441,TN,"Jackson, TN HUD Metro FMR Area",1p0c,848,354,1089,484,373,0,574,3722,10176,4246,13073,5802,4478,0,6892,44668,74757.89981,0,,,
3441,TN,"Jackson, TN HUD Metro FMR Area",1p1c,1236,519,1298,759,545,714,675,5746,14832,6227,15576,9104,6538,8572,8098,68946,74757.89981,0,,,
3441,TN,"Jackson, TN HUD Metro FMR Area",1p2c,1236,765,1417,1034,621,1081,740,6894,14832,9182,17006,12405,7456,12975,8875,82731,74757.89981,0,,,
3441,TN,"Jackson, TN HUD Metro FMR Area",1p3c,1667,1020,1504,1309,834,1194,1064,8592,20004,12235,18044,15707,10009,14330,12770,103099,74757.89981,0,,,
3441,TN,"Jackson, TN HUD Metro FMR Area",1p4c,1667,1248,1635,1379,905,1194,1288,9316,20004,14980,19616,16543,10862,14330,15452,111787,74757.89981,0,,,
3441,TN,"Jackson, TN HUD Metro FMR Area",2p0c,942,649,1246,967,494,0,659,4957,11304,7785,14947,11605,5927,0,7912,59479,74757.89981,0,,,
3441,TN,"Jackson, TN HUD Metro FMR Area",2p1c,1236,805,1358,1242,634,714,800,6790,14832,9659,16299,14906,7604,8572,9603,81474,74757.89981,0,,,
3441,TN,"Jackson, TN HUD Metro FMR Area",2p2c,1236,1024,1440,1517,702,1081,775,7774,14832,12283,17277,18208,8419,12975,9298,93291,74757.89981,0,,,
3441,TN,"Jackson, TN HUD Metro FMR Area",2p3c,1667,1249,1567,1792,905,1194,965,9339,20004,14985,18802,21509,10863,14330,11575,112068,74757.89981,0,,,
3441,TN,"Jackson, TN HUD Metro FMR Area",2p4c,1667,1529,1617,1862,992,1194,1127,9988,20004,18342,19407,22345,11905,14330,13519,119852,74757.89981,0,,,
3442,TN,"Gibson County, TN HUD Metro FMR Area",1p0c,672,323,1130,484,309,0,518,3435,8064,3877,13555,5802,3707,0,6214,41220,71228,0,,,
3442,TN,"Gibson County, TN HUD Metro FMR Area",1p1c,904,474,1352,759,428,558,529,5003,10848,5685,16225,9104,5133,6692,6347,60034,71228,0,,,
3442,TN,"Gibson County, TN HUD Metro FMR Area",1p2c,904,699,1483,1034,498,811,507,5935,10848,8384,17796,12405,5971,9733,6084,71221,71228,0,,,
3442,TN,"Gibson County, TN HUD Metro FMR Area",1p3c,1267,931,1580,1309,682,889,694,7352,15204,11171,18955,15707,8189,10669,8332,88228,71228,0,,,
3442,TN,"Gibson County, TN HUD Metro FMR Area",1p4c,1267,1140,1651,1379,747,889,868,7941,15204,13677,19810,16543,8967,10669,10420,95291,71228,0,,,
3442,TN,"Gibson County, TN HUD Metro FMR Area",2p0c,709,592,1293,967,404,0,579,4544,8508,7108,15515,11605,4848,0,6944,54528,71228,0,,,
3442,TN,"Gibson County, TN HUD Metro FMR Area",2p1c,904,735,1415,1242,509,558,647,6010,10848,8819,16985,14906,6106,6692,7766,72122,71228,0,,,
3442,TN,"Gibson County, TN HUD Metro FMR Area",2p2c,904,935,1505,1517,571,811,591,6834,10848,11215,18065,18208,6850,9733,7086,82005,71228,0,,,
3442,TN,"Gibson County, TN HUD Metro FMR Area",2p3c,1267,1140,1572,1792,747,889,666,8074,15204,13682,18858,21509,8968,10669,7991,96882,71228,0,,,
3442,TN,"Gibson County, TN HUD Metro FMR Area",2p4c,1267,1396,1698,1862,827,889,826,8764,15204,16747,20371,22345,9920,10669,9909,105165,71228,0,,,
3443,TN,"Crockett County, TN HUD Metro FMR Area",1p0c,798,323,1207,484,348,0,577,3737,9576,3877,14488,5802,4177,0,6928,44848,73958,0,,,
3443,TN,"Crockett County, TN HUD Metro FMR Area",1p1c,1073,474,1439,759,480,558,604,5386,12876,5685,17263,9104,5763,6692,7251,64633,73958,0,,,
3443,TN,"Crockett County, TN HUD Metro FMR Area",1p2c,1073,699,1574,1034,550,811,604,6344,12876,8384,18886,12405,6601,9733,7248,76132,73958,0,,,
3443,TN,"Crockett County, TN HUD Metro FMR Area",1p3c,1304,931,1673,1309,694,889,754,7554,15648,11171,20079,15707,8327,10669,9047,90648,73958,0,,,
3443,TN,"Crockett County, TN HUD Metro FMR Area",1p4c,1304,1140,1747,1379,759,889,929,8146,15648,13677,20958,16543,9105,10669,11149,97749,73958,0,,,
3443,TN,"Crockett County, TN HUD Metro FMR Area",2p0c,836,592,1375,967,443,0,639,4852,10032,7108,16496,11605,5321,0,7666,58228,73958,0,,,
3443,TN,"Crockett County, TN HUD Metro FMR Area",2p1c,1073,735,1501,1242,561,558,722,6393,12876,8819,18017,14906,6736,6692,8668,76714,73958,0,,,
3443,TN,"Crockett County, TN HUD Metro FMR Area",2p2c,1073,935,1594,1517,623,811,666,7220,12876,11215,19131,18208,7480,9733,7993,86636,73958,0,,,
3443,TN,"Crockett County, TN HUD Metro FMR Area",2p3c,1304,1140,1662,1792,759,889,707,8254,15648,13682,19948,21509,9106,10669,8480,99042,73958,0,,,
3443,TN,"Crockett County, TN HUD Metro FMR Area",2p4c,1304,1396,1794,1862,838,889,871,8954,15648,16747,21528,22345,10058,10669,10454,107450,73958,0,,,
3444,FL,"Jacksonville, FL HUD Metro FMR Area",1p0c,1381,372,1031,477,544,0,747,4552,16572,4462,12375,5720,6531,0,8960,54620,93893.48078,1,61,27,67
3444,FL,"Jacksonville, FL HUD Metro FMR Area",1p1c,1730,545,1260,748,706,890,946,6826,20760,6543,15122,8972,8477,10684,11348,81907,93893.48078,1,61,27,67
3444,FL,"Jacksonville, FL HUD Metro FMR Area",1p2c,1730,804,1443,1019,787,1572,1229,8585,20760,9649,17320,12225,9441,18869,14750,103014,93893.48078,1,61,27,67
3444,FL,"Jacksonville, FL HUD Metro FMR Area",1p3c,2163,1072,1530,1290,1004,1782,1658,10499,25956,12858,18364,15477,12051,21387,19891,125983,93893.48078,1,61,27,67
3444,FL,"Jacksonville, FL HUD Metro FMR Area",1p4c,2163,1312,1592,1359,1079,1782,1864,11151,25956,15742,19106,16307,12946,21387,22371,133815,93893.48078,1,61,27,67
3444,FL,"Jacksonville, FL HUD Metro FMR Area",2p0c,1454,682,1214,953,663,0,823,5790,17448,8181,14570,11440,7957,0,9878,69474,93893.48078,1,61,27,67
3444,FL,"Jacksonville, FL HUD Metro FMR Area",2p1c,1730,846,1392,1224,800,890,1019,7901,20760,10150,16698,14692,9597,10684,12224,94806,93893.48078,1,61,27,67
3444,FL,"Jacksonville, FL HUD Metro FMR Area",2p2c,1730,1076,1474,1495,871,1572,1137,9356,20760,12908,17689,17945,10453,18869,13646,112270,93893.48078,1,61,27,67
3444,FL,"Jacksonville, FL HUD Metro FMR Area",2p3c,2163,1312,1533,1766,1079,1782,1423,11058,25956,15747,18390,21197,12948,21387,17071,132696,93893.48078,1,61,27,67
3444,FL,"Jacksonville, FL HUD Metro FMR Area",2p4c,2163,1606,1579,1836,1170,1782,1635,11771,25956,19275,18949,22027,14043,21387,19619,141255,93893.48078,1,61,27,67
3445,FL,"Baker County, FL HUD Metro FMR Area",1p0c,901,325,1154,540,381,0,612,3912,10812,3900,13847,6477,4568,0,7340,46944,84720,0,,,
3445,FL,"Baker County, FL HUD Metro FMR Area",1p1c,1129,477,1411,849,499,583,644,5591,13548,5719,16929,10182,5982,6996,7733,67089,84720,0,,,
3445,FL,"Baker County, FL HUD Metro FMR Area",1p2c,1129,703,1618,1157,569,1065,769,7009,13548,8434,19418,13888,6825,12775,9224,84111,84720,0,,,
3445,FL,"Baker County, FL HUD Metro FMR Area",1p3c,1523,937,1721,1466,764,1213,1106,8729,18276,11238,20649,17593,9163,14553,13277,104748,84720,0,,,
3445,FL,"Baker County, FL HUD Metro FMR Area",1p4c,1523,1147,1795,1540,829,1213,1296,9341,18276,13759,21534,18479,9946,14553,15548,112095,84720,0,,,
3445,FL,"Baker County, FL HUD Metro FMR Area",2p0c,952,596,1350,1080,481,0,699,5157,11424,7150,16201,12954,5767,0,8384,61880,84720,0,,,
3445,FL,"Baker County, FL HUD Metro FMR Area",2p1c,1129,739,1549,1388,580,583,795,6763,13548,8872,18584,16659,6961,6996,9542,81161,84720,0,,,
3445,FL,"Baker County, FL HUD Metro FMR Area",2p2c,1129,940,1645,1697,642,1065,804,7921,13548,11282,19734,20364,7709,12775,9645,95057,84720,0,,,
3445,FL,"Baker County, FL HUD Metro FMR Area",2p3c,1523,1147,1713,2006,829,1213,983,9414,18276,13764,20558,24070,9947,14553,11795,112963,84720,0,,,
3445,FL,"Baker County, FL HUD Metro FMR Area",2p4c,1523,1404,1768,2080,909,1213,1139,10035,18276,16846,21219,24956,10905,14553,13662,120417,84720,0,,,
3446,NC,"Jacksonville, NC MSA",1p0c,879,342,1098,518,379,0,790,4007,10548,4108,13179,6220,4550,0,9481,48085,72330,0,,,
3446,NC,"Jacksonville, NC MSA",1p1c,1147,502,1310,814,512,653,921,5860,13764,6024,15724,9771,6144,7839,11051,70315,72330,0,,,
3446,NC,"Jacksonville, NC MSA",1p2c,1147,740,1429,1110,586,1311,1244,7567,13764,8883,17152,13322,7031,15732,14922,90806,72330,0,,,
3446,NC,"Jacksonville, NC MSA",1p3c,1616,986,1515,1406,808,1513,1838,9683,19392,11836,18180,16873,9696,18161,22052,116190,72330,0,,,
3446,NC,"Jacksonville, NC MSA",1p4c,1616,1208,1645,1478,877,1513,2116,10453,19392,14492,19743,17741,10520,18161,25387,125435,72330,0,,,
3446,NC,"Jacksonville, NC MSA",2p0c,927,628,1257,1037,483,0,879,5210,11124,7531,15083,12439,5792,0,10553,62522,72330,0,,,
3446,NC,"Jacksonville, NC MSA",2p1c,1147,779,1370,1333,598,653,1090,6969,13764,9344,16434,15991,7174,7839,13084,83630,72330,0,,,
3446,NC,"Jacksonville, NC MSA",2p2c,1147,990,1450,1629,664,1311,1228,8418,13764,11883,17401,19542,7963,15732,14732,101016,72330,0,,,
3446,NC,"Jacksonville, NC MSA",2p3c,1616,1208,1576,1924,877,1513,1675,10390,19392,14496,18917,23093,10521,18161,20102,124683,72330,0,,,
3446,NC,"Jacksonville, NC MSA",2p4c,1616,1479,1626,1997,961,1513,1927,11119,19392,17744,19513,23960,11530,18161,23124,133423,72330,0,,,
3447,WI,"Janesville-Beloit, WI MSA",1p0c,823,352,1069,418,365,0,704,3731,9876,4223,12831,5018,4377,0,8448,44774,88311,0,,,
3447,WI,"Janesville-Beloit, WI MSA",1p1c,1153,516,1307,654,518,1312,1165,6625,13836,6193,15687,7846,6218,15741,13979,79500,88311,0,,,
3447,WI,"Janesville-Beloit, WI MSA",1p2c,1153,761,1498,890,594,2351,1768,9014,13836,9132,17970,10675,7131,28212,21210,108166,88311,0,,,
3447,WI,"Janesville-Beloit, WI MSA",1p3c,1509,1014,1589,1125,783,2671,2345,11036,18108,12169,19069,13503,9400,32049,28138,132436,88311,0,,,
3447,WI,"Janesville-Beloit, WI MSA",1p4c,1509,1242,1654,1188,854,2671,2595,11713,18108,14899,19851,14258,10248,32049,31139,140552,88311,0,,,
3447,WI,"Janesville-Beloit, WI MSA",2p0c,879,645,1256,836,473,0,727,4817,10548,7743,15075,10036,5679,0,8728,57808,88311,0,,,
3447,WI,"Janesville-Beloit, WI MSA",2p1c,1153,801,1441,1072,607,1312,1209,7594,13836,9607,17290,12865,7278,15741,14507,91124,88311,0,,,
3447,WI,"Janesville-Beloit, WI MSA",2p2c,1153,1018,1528,1308,674,2351,1542,9574,13836,12217,18338,15693,8089,28212,18500,114883,88311,0,,,
3447,WI,"Janesville-Beloit, WI MSA",2p3c,1509,1242,1590,1543,854,2671,2005,11414,18108,14904,19080,18521,10249,32049,24061,136971,88311,0,,,
3447,WI,"Janesville-Beloit, WI MSA",2p4c,1509,1520,1640,1606,941,2671,2274,12161,18108,18242,19676,19276,11286,32049,27290,145927,88311,0,,,
3448,MO,"Jefferson City, MO HUD Metro FMR Area",1p0c,677,339,1131,520,315,0,677,3659,8124,4067,13576,6235,3785,0,8120,43907,97874.35185,0,,,
3448,MO,"Jefferson City, MO HUD Metro FMR Area",1p1c,891,497,1441,816,431,426,748,5249,10692,5963,17288,9791,5171,5116,8970,62992,97874.35185,0,,,
3448,MO,"Jefferson City, MO HUD Metro FMR Area",1p2c,891,733,1577,1112,504,851,901,6569,10692,8794,18918,13347,6050,10214,10814,78829,97874.35185,0,,,
3448,MO,"Jefferson City, MO HUD Metro FMR Area",1p3c,1249,977,1669,1409,691,982,1305,8281,14988,11718,20027,16904,8292,11783,15665,99376,97874.35185,0,,,
3448,MO,"Jefferson City, MO HUD Metro FMR Area",1p4c,1249,1196,1734,1479,759,982,1543,8942,14988,14347,20809,17749,9108,11783,18517,107300,97874.35185,0,,,
3448,MO,"Jefferson City, MO HUD Metro FMR Area",2p0c,681,621,1385,1039,404,0,744,4875,8172,7456,16619,12469,4852,0,8930,58498,97874.35185,0,,,
3448,MO,"Jefferson City, MO HUD Metro FMR Area",2p1c,891,771,1514,1336,516,426,894,6348,10692,9251,18169,16026,6192,5116,10730,76175,97874.35185,0,,,
3448,MO,"Jefferson City, MO HUD Metro FMR Area",2p2c,891,980,1602,1632,581,851,964,7501,10692,11764,19220,19582,6972,10214,11568,90012,97874.35185,0,,,
3448,MO,"Jefferson City, MO HUD Metro FMR Area",2p3c,1249,1196,1663,1928,759,982,1190,8968,14988,14352,19959,23138,9109,11783,14284,107613,97874.35185,0,,,
3448,MO,"Jefferson City, MO HUD Metro FMR Area",2p4c,1249,1464,1712,1999,842,982,1404,9651,14988,17566,20546,23983,10107,11783,16843,115817,97874.35185,0,,,
3449,MO,"Callaway County, MO HUD Metro FMR Area",1p0c,756,320,1171,520,334,0,716,3817,9072,3842,14047,6235,4010,0,8592,45798,86663,0,,,
3449,MO,"Callaway County, MO HUD Metro FMR Area",1p1c,998,470,1419,816,456,599,833,5591,11976,5634,17032,9791,5468,7189,10000,67090,86663,0,,,
3449,MO,"Callaway County, MO HUD Metro FMR Area",1p2c,998,692,1556,1112,525,1165,1080,7128,11976,8309,18671,13347,6298,13976,12954,85531,86663,0,,,
3449,MO,"Callaway County, MO HUD Metro FMR Area",1p3c,1202,923,1722,1409,660,1339,1457,8711,14424,11072,20667,16904,7916,16064,17483,104529,86663,0,,,
3449,MO,"Callaway County, MO HUD Metro FMR Area",1p4c,1202,1130,1794,1479,724,1339,1700,9368,14424,13555,21528,17749,8687,16064,20404,112410,86663,0,,,
3449,MO,"Callaway County, MO HUD Metro FMR Area",2p0c,761,587,1358,1039,419,0,755,4919,9132,7044,16295,12469,5022,0,9062,59025,86663,0,,,
3449,MO,"Callaway County, MO HUD Metro FMR Area",2p1c,998,728,1486,1336,536,599,971,6654,11976,8740,17831,16026,6432,7189,11648,79842,86663,0,,,
3449,MO,"Callaway County, MO HUD Metro FMR Area",2p2c,998,926,1646,1632,597,1165,1106,8070,11976,11115,19749,19582,7169,13976,13276,96843,86663,0,,,
3449,MO,"Callaway County, MO HUD Metro FMR Area",2p3c,1202,1130,1712,1928,724,1339,1306,9341,14424,13560,20549,23138,8688,16064,15670,112094,86663,0,,,
3449,MO,"Callaway County, MO HUD Metro FMR Area",2p4c,1202,1383,1766,1999,803,1339,1519,10010,14424,16597,21192,23983,9631,16064,18222,120114,86663,0,,,
3450,MO,"Moniteau County, MO HUD Metro FMR Area",1p0c,669,339,1224,520,313,0,704,3769,8028,4073,14687,6235,3757,0,8451,45231,85598,0,,,
3450,MO,"Moniteau County, MO HUD Metro FMR Area",1p1c,883,498,1490,816,429,477,777,5369,10596,5973,17876,9791,5144,5718,9329,64428,85598,0,,,
3450,MO,"Moniteau County, MO HUD Metro FMR Area",1p2c,883,734,1704,1112,502,1026,1038,7000,10596,8808,20446,13347,6024,12317,12455,83994,85598,0,,,
3450,MO,"Moniteau County, MO HUD Metro FMR Area",1p3c,1207,978,1808,1409,678,1196,1469,8745,14484,11737,21701,16904,8141,14348,17629,104942,85598,0,,,
3450,MO,"Moniteau County, MO HUD Metro FMR Area",1p4c,1207,1197,1884,1479,747,1196,1725,9434,14484,14369,22603,17749,8958,14348,20701,113212,85598,0,,,
3450,MO,"Moniteau County, MO HUD Metro FMR Area",2p0c,673,622,1424,1039,402,0,754,4914,8076,7468,17085,12469,4826,0,9049,58972,85598,0,,,
3450,MO,"Moniteau County, MO HUD Metro FMR Area",2p1c,883,772,1629,1336,514,477,946,6556,10596,9265,19548,16026,6166,5718,11356,78675,85598,0,,,
3450,MO,"Moniteau County, MO HUD Metro FMR Area",2p2c,883,982,1727,1632,579,1026,1061,7890,10596,11783,20721,19582,6948,12317,12735,94683,85598,0,,,
3450,MO,"Moniteau County, MO HUD Metro FMR Area",2p3c,1207,1198,1797,1928,747,1196,1323,9395,14484,14374,21561,23138,8960,14348,15871,112736,85598,0,,,
3450,MO,"Moniteau County, MO HUD Metro FMR Area",2p4c,1207,1466,1853,1999,830,1196,1547,10097,14484,17594,22234,23983,9959,14348,18562,121164,85598,0,,,
3451,TN,"Johnson City, TN MSA",1p0c,890,358,1034,485,387,0,576,3730,10680,4295,12405,5816,4649,0,6910,44755,75382.06479,0,,,
3451,TN,"Johnson City, TN MSA",1p1c,1119,525,1241,761,510,676,616,5448,13428,6298,14889,9126,6124,8112,7396,65375,75382.06479,0,,,
3451,TN,"Johnson City, TN MSA",1p2c,1119,774,1362,1036,588,1015,653,6547,13428,9288,16338,12436,7053,12183,7839,78565,75382.06479,0,,,
3451,TN,"Johnson City, TN MSA",1p3c,1389,1031,1450,1312,751,1120,861,7914,16668,12376,17402,15746,9017,13436,10326,94971,75382.06479,0,,,
3451,TN,"Johnson City, TN MSA",1p4c,1389,1263,1515,1382,823,1120,1048,8540,16668,15152,18180,16583,9879,13436,12579,102478,75382.06479,0,,,
3451,TN,"Johnson City, TN MSA",2p0c,895,656,1190,969,482,0,634,4826,10740,7874,14283,11633,5779,0,7604,57913,75382.06479,0,,,
3451,TN,"Johnson City, TN MSA",2p1c,1119,814,1304,1245,600,676,744,6503,13428,9770,15650,14943,7202,8112,8927,78032,75382.06479,0,,,
3451,TN,"Johnson City, TN MSA",2p2c,1119,1035,1388,1521,669,1015,713,7460,13428,12424,16650,18252,8026,12183,8559,89524,75382.06479,0,,,
3451,TN,"Johnson City, TN MSA",2p3c,1389,1263,1448,1797,823,1120,796,8636,16668,15157,17379,21562,9881,13436,9546,103629,75382.06479,0,,,
3451,TN,"Johnson City, TN MSA",2p4c,1389,1546,1566,1867,911,1120,972,9371,16668,18552,18789,22400,10935,13436,11669,112448,75382.06479,0,,,
3452,PA,"Johnstown, PA MSA",1p0c,749,342,1020,388,339,0,632,3470,8988,4108,12241,4653,4066,0,7585,41641,79651,0,,,
3452,PA,"Johnstown, PA MSA",1p1c,935,502,1252,615,446,671,713,5135,11220,6024,15026,7385,5354,8053,8555,61617,79651,0,,,
3452,PA,"Johnstown, PA MSA",1p2c,935,740,1382,843,520,1434,922,6777,11220,8883,16587,10117,6241,17202,11069,81319,79651,0,,,
3452,PA,"Johnstown, PA MSA",1p3c,1261,986,1538,1071,698,1668,1308,8530,15132,11836,18457,12848,8373,20017,15696,102358,79651,0,,,
3452,PA,"Johnstown, PA MSA",1p4c,1261,1208,1607,1134,766,1668,1526,9170,15132,14492,19288,13603,9197,20017,18309,110038,79651,0,,,
3452,PA,"Johnstown, PA MSA",2p0c,754,628,1199,776,429,0,708,4493,9048,7531,14387,9307,5147,0,8500,53921,79651,0,,,
3452,PA,"Johnstown, PA MSA",2p1c,935,779,1322,1003,532,671,851,6093,11220,9344,15859,12038,6385,8053,10211,73111,79651,0,,,
3452,PA,"Johnstown, PA MSA",2p2c,935,990,1472,1231,598,1434,984,7643,11220,11883,17661,14770,7173,17202,11807,91716,79651,0,,,
3452,PA,"Johnstown, PA MSA",2p3c,1261,1208,1537,1459,767,1668,1174,9073,15132,14496,18440,17502,9199,20017,14090,108876,79651,0,,,
3452,PA,"Johnstown, PA MSA",2p4c,1261,1479,1589,1521,851,1668,1365,9734,15132,17744,19073,18257,10207,20017,16381,116810,79651,0,,,
3453,AR,"Jonesboro, AR HUD Metro FMR Area",1p0c,697,322,1058,481,316,0,662,3537,8364,3865,12700,5770,3797,0,7947,42443,76364,0,,,
3453,AR,"Jonesboro, AR HUD Metro FMR Area",1p1c,973,472,1258,754,449,672,823,5400,11676,5668,15090,9052,5385,8063,9871,64804,76364,0,,,
3453,AR,"Jonesboro, AR HUD Metro FMR Area",1p2c,973,697,1371,1028,518,1223,1012,6821,11676,8359,16447,12334,6220,14671,12147,81854,76364,0,,,
3453,AR,"Jonesboro, AR HUD Metro FMR Area",1p3c,1304,928,1452,1301,693,1392,1486,8557,15648,11138,17429,15616,8316,16705,17826,102678,76364,0,,,
3453,AR,"Jonesboro, AR HUD Metro FMR Area",1p4c,1304,1136,1579,1371,758,1392,1763,9303,15648,13637,18949,16450,9092,16705,21151,111631,76364,0,,,
3453,AR,"Jonesboro, AR HUD Metro FMR Area",2p0c,812,591,1210,962,435,0,744,4754,9744,7087,14521,11540,5225,0,8928,57045,76364,0,,,
3453,AR,"Jonesboro, AR HUD Metro FMR Area",2p1c,973,733,1318,1235,530,672,919,6380,11676,8793,15817,14822,6355,8063,11031,76557,76364,0,,,
3453,AR,"Jonesboro, AR HUD Metro FMR Area",2p2c,973,932,1396,1509,591,1223,995,7619,11676,11182,16751,18104,7097,14671,11945,91425,76364,0,,,
3453,AR,"Jonesboro, AR HUD Metro FMR Area",2p3c,1304,1137,1519,1782,758,1392,1244,9136,15648,13641,18233,21386,9094,16705,14923,109629,76364,0,,,
3453,AR,"Jonesboro, AR HUD Metro FMR Area",2p4c,1304,1391,1568,1852,837,1392,1453,9796,15648,16697,18814,22220,10042,16705,17430,117555,76364,0,,,
3454,AR,"Poinsett County, AR HUD Metro FMR Area",1p0c,581,297,1100,481,273,0,615,3347,6972,3565,13199,5770,3272,0,7383,40161,61172,0,,,
3454,AR,"Poinsett County, AR HUD Metro FMR Area",1p1c,848,436,1326,754,399,672,773,5208,10176,5228,15913,9052,4783,8063,9278,62493,61172,0,,,
3454,AR,"Poinsett County, AR HUD Metro FMR Area",1p2c,848,643,1458,1028,463,1223,942,6604,10176,7710,17499,12334,5553,14671,11301,79243,61172,0,,,
3454,AR,"Poinsett County, AR HUD Metro FMR Area",1p3c,1120,856,1555,1301,614,1392,1350,8189,13440,10274,18665,15616,7362,16705,16203,98264,61172,0,,,
3454,AR,"Poinsett County, AR HUD Metro FMR Area",1p4c,1120,1048,1627,1371,673,1392,1574,8805,13440,12578,19522,16450,8078,16705,18890,105662,61172,0,,,
3454,AR,"Poinsett County, AR HUD Metro FMR Area",2p0c,646,545,1271,962,370,0,645,4438,7752,6537,15254,11540,4436,0,7740,53259,61172,0,,,
3454,AR,"Poinsett County, AR HUD Metro FMR Area",2p1c,848,676,1395,1235,473,672,866,6166,10176,8111,16744,14822,5677,8063,10396,73989,61172,0,,,
3454,AR,"Poinsett County, AR HUD Metro FMR Area",2p2c,848,860,1486,1509,530,1223,939,7394,10176,10314,17835,18104,6362,14671,11265,88726,61172,0,,,
3454,AR,"Poinsett County, AR HUD Metro FMR Area",2p3c,1120,1049,1553,1782,673,1392,1099,8668,13440,12583,18633,21386,8079,16705,13187,104012,61172,0,,,
3454,AR,"Poinsett County, AR HUD Metro FMR Area",2p4c,1120,1283,1680,1852,746,1392,1324,9396,13440,15401,20155,22220,8954,16705,15882,112756,61172,0,,,
3455,MO,"Joplin, MO MSA",1p0c,830,322,1098,484,358,0,713,3805,9960,3858,13181,5809,4290,0,8557,45655,73859.21731,0,,,
3455,MO,"Joplin, MO MSA",1p1c,1036,472,1317,759,468,489,760,5301,12432,5658,15804,9110,5616,5864,9125,63609,73859.21731,0,,,
3455,MO,"Joplin, MO MSA",1p2c,1036,695,1440,1034,538,855,869,6467,12432,8343,17278,12411,6450,10254,10432,77601,73859.21731,0,,,
3455,MO,"Joplin, MO MSA",1p3c,1327,926,1528,1309,700,967,1187,7944,15924,11117,18337,15712,8396,11605,14241,95332,73859.21731,0,,,
3455,MO,"Joplin, MO MSA",1p4c,1327,1134,1661,1377,764,967,1444,8674,15924,13611,19928,16526,9170,11605,17329,104093,73859.21731,0,,,
3455,MO,"Joplin, MO MSA",2p0c,835,590,1263,968,442,0,733,4831,10020,7074,15157,11617,5307,0,8798,57973,73859.21731,0,,,
3455,MO,"Joplin, MO MSA",2p1c,1036,731,1379,1243,549,489,885,6312,12432,8777,16547,14918,6585,5864,10623,75746,73859.21731,0,,,
3455,MO,"Joplin, MO MSA",2p2c,1036,930,1462,1518,610,855,922,7333,12432,11161,17541,18220,7325,10254,11064,87997,73859.21731,0,,,
3455,MO,"Joplin, MO MSA",2p3c,1327,1135,1590,1793,764,967,1103,8679,15924,13616,19081,21521,9171,11605,13234,104153,73859.21731,0,,,
3455,MO,"Joplin, MO MSA",2p4c,1327,1389,1641,1861,843,967,1303,9331,15924,16666,19689,22334,10118,11605,15630,111967,73859.21731,0,,,
3456,HI,"Kahului-Wailuku-Lahaina, HI MSA",1p0c,1750,509,1227,463,701,0,1651,6300,21000,6104,14718,5551,8415,0,19817,75605,109882,0,,,
3456,HI,"Kahului-Wailuku-Lahaina, HI MSA",1p1c,2309,746,1487,735,949,965,2316,9506,27708,8951,17848,8819,11382,11582,27786,114074,109882,0,,,
3456,HI,"Kahului-Wailuku-Lahaina, HI MSA",1p2c,2309,1100,1618,1007,1058,1112,2539,10744,27708,13199,19420,12087,12701,13340,30472,128927,109882,0,,,
3456,HI,"Kahului-Wailuku-Lahaina, HI MSA",1p3c,3103,1466,1770,1280,1418,1157,3455,13649,37236,17588,21244,15356,17021,13881,41459,163785,109882,0,,,
3456,HI,"Kahului-Wailuku-Lahaina, HI MSA",1p4c,3103,1795,1833,1356,1521,1157,3756,14519,37236,21534,21990,16275,18246,13881,45067,174229,109882,0,,,
3456,HI,"Kahului-Wailuku-Lahaina, HI MSA",2p0c,1762,933,1420,925,837,0,1584,7460,21144,11191,17041,11102,10039,0,19009,89525,109882,0,,,
3456,HI,"Kahului-Wailuku-Lahaina, HI MSA",2p1c,2309,1157,1544,1198,1076,965,2295,10544,27708,13885,18524,14370,12913,11582,27544,126526,109882,0,,,
3456,HI,"Kahului-Wailuku-Lahaina, HI MSA",2p2c,2309,1471,1690,1470,1174,1112,2447,11673,27708,17657,20283,17638,14085,13340,29365,140076,109882,0,,,
3456,HI,"Kahului-Wailuku-Lahaina, HI MSA",2p3c,3103,1795,1748,1742,1521,1157,3279,14345,37236,21541,20980,20906,18249,13881,39344,172138,109882,0,,,
3456,HI,"Kahului-Wailuku-Lahaina, HI MSA",2p4c,3103,2197,1794,1819,1646,1157,3643,15358,37236,26366,21522,21825,19747,13881,43715,184292,109882,0,,,
3457,MI,"Kalamazoo-Portage, MI MSA",1p0c,828,340,1038,428,363,0,652,3650,9936,4085,12460,5140,4353,0,7822,43795,94038,0,,,
3457,MI,"Kalamazoo-Portage, MI MSA",1p1c,1181,499,1327,670,522,685,862,5746,14172,5990,15928,8041,6260,8222,10343,68956,94038,0,,,
3457,MI,"Kalamazoo-Portage, MI MSA",1p2c,1181,736,1455,912,595,1322,1112,7312,14172,8833,17459,10941,7142,15858,13343,87749,94038,0,,,
3457,MI,"Kalamazoo-Portage, MI MSA",1p3c,1564,981,1542,1154,790,1517,1521,9069,18768,11770,18507,13842,9481,18208,18257,108833,94038,0,,,
3457,MI,"Kalamazoo-Portage, MI MSA",1p4c,1564,1201,1604,1217,858,1517,1722,9684,18768,14410,19248,14607,10301,18208,20663,116204,94038,0,,,
3457,MI,"Kalamazoo-Portage, MI MSA",2p0c,992,624,1280,857,502,0,843,5097,11904,7489,15359,10279,6021,0,10112,61164,94038,0,,,
3457,MI,"Kalamazoo-Portage, MI MSA",2p1c,1181,774,1402,1098,607,685,1029,6777,14172,9292,16823,13180,7285,8222,12348,81321,94038,0,,,
3457,MI,"Kalamazoo-Portage, MI MSA",2p2c,1181,985,1485,1340,672,1322,1104,8088,14172,11816,17820,16081,8069,15858,13242,97057,94038,0,,,
3457,MI,"Kalamazoo-Portage, MI MSA",2p3c,1564,1201,1544,1582,859,1517,1346,9613,18768,14415,18522,18982,10302,18208,16156,115353,94038,0,,,
3457,MI,"Kalamazoo-Portage, MI MSA",2p4c,1564,1470,1590,1646,942,1517,1525,10255,18768,17644,19083,19746,11305,18208,18305,123058,94038,0,,,
3458,IL,"Kankakee, IL MSA",1p0c,858,344,1070,388,373,0,768,3802,10296,4131,12838,4655,4479,0,9221,45620,86403,0,,,
3458,IL,"Kankakee, IL MSA",1p1c,1251,505,1302,606,545,673,966,5847,15012,6057,15621,7266,6541,8074,11596,70169,86403,0,,,
3458,IL,"Kankakee, IL MSA",1p2c,1251,744,1489,823,620,850,1030,6807,15012,8933,17867,9877,7434,10198,12360,81680,86403,0,,,
3458,IL,"Kankakee, IL MSA",1p3c,1654,992,1578,1041,822,904,1374,8364,19848,11903,18940,12488,9858,10851,16483,100371,86403,0,,,
3458,IL,"Kankakee, IL MSA",1p4c,1654,1214,1642,1101,891,904,1585,8992,19848,14573,19704,13217,10687,10851,19022,107902,86403,0,,,
3458,IL,"Kankakee, IL MSA",2p0c,954,631,1251,776,492,0,898,5003,11448,7573,15015,9311,5906,0,10778,60030,86403,0,,,
3458,IL,"Kankakee, IL MSA",2p1c,1251,783,1433,994,632,673,1136,6901,15012,9397,17191,11922,7578,8074,13633,82807,86403,0,,,
3458,IL,"Kankakee, IL MSA",2p2c,1251,996,1518,1211,698,850,1079,7601,15012,11950,18211,14533,8371,10198,12942,91215,86403,0,,,
3458,IL,"Kankakee, IL MSA",2p3c,1654,1215,1578,1429,891,904,1242,8913,19848,14578,18934,17144,10688,10851,14907,106950,86403,0,,,
3458,IL,"Kankakee, IL MSA",2p4c,1654,1487,1626,1489,975,904,1437,9573,19848,17843,19516,17872,11702,10851,17246,114878,86403,0,,,
3459,KS,"Kansas City, MO-KS HUD Metro FMR Area",1p0c,1074,371,1032,458,449,0,845,4228,12888,4452,12384,5490,5384,0,10141,50740,104555.8459,1,67,90,39
3459,KS,"Kansas City, MO-KS HUD Metro FMR Area",1p1c,1346,544,1334,717,587,838,1089,6456,16152,6529,16013,8601,7042,10060,13072,77469,104555.8459,1,67,90,39
3459,KS,"Kansas City, MO-KS HUD Metro FMR Area",1p2c,1346,802,1466,976,667,1502,1447,8207,16152,9628,17597,11711,8004,18025,17364,98480,104555.8459,1,67,90,39
3459,KS,"Kansas City, MO-KS HUD Metro FMR Area",1p3c,1756,1069,1555,1235,877,1706,2001,10200,21072,12829,18663,14822,10525,20475,24009,122395,104555.8459,1,67,90,39
3459,KS,"Kansas City, MO-KS HUD Metro FMR Area",1p4c,1756,1309,1683,1301,952,1706,2273,10981,21072,15707,20201,15612,11419,20475,27280,131766,104555.8459,1,67,90,39
3459,KS,"Kansas City, MO-KS HUD Metro FMR Area",2p0c,1183,680,1289,915,579,0,967,5612,14196,8163,15463,10980,6942,0,11601,67344,104555.8459,1,67,90,39
3459,KS,"Kansas City, MO-KS HUD Metro FMR Area",2p1c,1346,844,1414,1174,680,838,1197,7494,16152,10128,16971,14091,8159,10060,14366,89927,104555.8459,1,67,90,39
3459,KS,"Kansas City, MO-KS HUD Metro FMR Area",2p2c,1346,1073,1498,1433,751,1502,1336,8941,16152,12879,17981,17201,9013,18025,16036,107287,104555.8459,1,67,90,39
3459,KS,"Kansas City, MO-KS HUD Metro FMR Area",2p3c,1756,1309,1623,1693,952,1706,1773,10812,21072,15712,19475,20312,11420,20475,21271,129738,104555.8459,1,67,90,39
3459,KS,"Kansas City, MO-KS HUD Metro FMR Area",2p4c,1756,1603,1671,1759,1043,1706,2025,11562,21072,19232,20054,21102,12513,20475,24296,138743,104555.8459,1,67,90,39
3460,MO,"Kansas City, MO-KS HUD Metro FMR Area",1p0c,1074,371,1032,458,449,0,810,4193,12888,4452,12384,5490,5384,0,9722,50320,104555.8459,,,,
3460,MO,"Kansas City, MO-KS HUD Metro FMR Area",1p1c,1346,544,1334,717,587,838,1070,6436,16152,6529,16013,8601,7042,10060,12835,77231,104555.8459,,,,
3460,MO,"Kansas City, MO-KS HUD Metro FMR Area",1p2c,1346,802,1466,976,667,1502,1451,8210,16152,9628,17597,11711,8004,18025,17407,98523,104555.8459,,,,
3460,MO,"Kansas City, MO-KS HUD Metro FMR Area",1p3c,1756,1069,1555,1235,877,1706,2016,10215,21072,12829,18663,14822,10525,20475,24191,122578,104555.8459,,,,
3460,MO,"Kansas City, MO-KS HUD Metro FMR Area",1p4c,1756,1309,1683,1301,952,1706,2301,11008,21072,15707,20201,15612,11419,20475,27615,132101,104555.8459,,,,
3460,MO,"Kansas City, MO-KS HUD Metro FMR Area",2p0c,1183,680,1289,915,579,0,917,5562,14196,8163,15463,10980,6942,0,10999,66742,104555.8459,,,,
3460,MO,"Kansas City, MO-KS HUD Metro FMR Area",2p1c,1346,844,1414,1174,680,838,1176,7473,16152,10128,16971,14091,8159,10060,14110,89671,104555.8459,,,,
3460,MO,"Kansas City, MO-KS HUD Metro FMR Area",2p2c,1346,1073,1498,1433,751,1502,1344,8948,16152,12879,17981,17201,9013,18025,16127,107378,104555.8459,,,,
3460,MO,"Kansas City, MO-KS HUD Metro FMR Area",2p3c,1756,1309,1623,1693,952,1706,1788,10827,21072,15712,19475,20312,11420,20475,21461,129928,104555.8459,,,,
3460,MO,"Kansas City, MO-KS HUD Metro FMR Area",2p4c,1756,1603,1671,1759,1043,1706,2057,11595,21072,19232,20054,21102,12513,20475,24688,139136,104555.8459,,,,
3461,MO,"Bates County, MO HUD Metro FMR Area",1p0c,675,347,1149,517,317,0,684,3690,8100,4165,13790,6202,3808,0,8213,44278,76324,0,,,
3461,MO,"Bates County, MO HUD Metro FMR Area",1p1c,891,509,1393,812,435,423,734,5196,10692,6108,16717,9738,5216,5074,8811,62357,76324,0,,,
3461,MO,"Bates County, MO HUD Metro FMR Area",1p2c,891,751,1531,1106,510,981,948,6718,10692,9007,18377,13275,6116,11775,11377,80620,76324,0,,,
3461,MO,"Bates County, MO HUD Metro FMR Area",1p3c,1174,1000,1631,1401,675,1153,1337,8371,14088,12003,19566,16811,8100,13837,16043,100449,76324,0,,,
3461,MO,"Bates County, MO HUD Metro FMR Area",1p4c,1174,1225,1774,1471,745,1153,1627,9169,14088,14695,21291,17654,8936,13837,19520,110022,76324,0,,,
3461,MO,"Bates County, MO HUD Metro FMR Area",2p0c,679,636,1331,1034,408,0,730,4818,8148,7637,15969,12403,4901,0,8759,57816,76324,0,,,
3461,MO,"Bates County, MO HUD Metro FMR Area",2p1c,891,790,1460,1328,522,423,881,6295,10692,9475,17522,15940,6261,5074,10570,75534,76324,0,,,
3461,MO,"Bates County, MO HUD Metro FMR Area",2p2c,891,1004,1552,1623,588,981,998,7639,10692,12050,18629,19476,7061,11775,11980,91663,76324,0,,,
3461,MO,"Bates County, MO HUD Metro FMR Area",2p3c,1174,1225,1691,1918,745,1153,1247,9153,14088,14700,20291,23013,8938,13837,14967,109835,76324,0,,,
3461,MO,"Bates County, MO HUD Metro FMR Area",2p4c,1174,1499,1748,1988,830,1153,1471,9863,14088,17993,20971,23855,9960,13837,17656,118360,76324,0,,,
3462,WA,"Kennewick-Richland, WA MSA",1p0c,1101,352,1124,377,451,0,637,4043,13212,4224,13491,4524,5413,0,7649,48513,98512.22692,0,,,
3462,WA,"Kennewick-Richland, WA MSA",1p1c,1503,516,1436,598,627,1053,894,6627,18036,6194,17231,7178,7523,12635,10725,79521,98512.22692,0,,,
3462,WA,"Kennewick-Richland, WA MSA",1p2c,1503,761,1574,819,703,1824,1156,8341,18036,9134,18892,9832,8435,21886,13872,100088,98512.22692,0,,,
3462,WA,"Kennewick-Richland, WA MSA",1p3c,2003,1014,1668,1041,937,2061,1604,10328,24036,12171,20020,12486,11241,24733,19246,123934,98512.22692,0,,,
3462,WA,"Kennewick-Richland, WA MSA",1p4c,2003,1242,1735,1111,1007,2061,1804,10963,24036,14901,20817,13330,12089,24733,21649,131554,98512.22692,0,,,
3462,WA,"Kennewick-Richland, WA MSA",2p0c,1236,645,1373,754,584,0,732,5324,14832,7744,16478,9049,7009,0,8780,63891,98512.22692,0,,,
3462,WA,"Kennewick-Richland, WA MSA",2p1c,1503,801,1505,975,715,1053,938,7490,18036,9608,18058,11703,8583,12635,11255,89877,98512.22692,0,,,
3462,WA,"Kennewick-Richland, WA MSA",2p2c,1503,1018,1594,1196,783,1824,1037,8955,18036,12219,19126,14357,9393,21886,12446,107463,98512.22692,0,,,
3462,WA,"Kennewick-Richland, WA MSA",2p3c,2003,1242,1656,1418,1008,2061,1318,10706,24036,14906,19877,17011,12091,24733,15814,128467,98512.22692,0,,,
3462,WA,"Kennewick-Richland, WA MSA",2p4c,2003,1520,1776,1488,1094,2061,1552,11494,24036,18245,21309,17854,13127,24733,18629,137933,98512.22692,0,,,
3463,TX,"Killeen-Temple, TX HUD Metro FMR Area",1p0c,924,302,1015,493,381,0,567,3682,11088,3628,12184,5921,4569,0,6798,44188,79318.99253,0,,,
3463,TX,"Killeen-Temple, TX HUD Metro FMR Area",1p1c,1172,443,1228,774,502,624,595,5337,14064,5321,14730,9293,6018,7483,7135,64043,79318.99253,0,,,
3463,TX,"Killeen-Temple, TX HUD Metro FMR Area",1p2c,1172,654,1343,1055,567,1217,691,6698,14064,7846,16115,12665,6802,14600,8287,80380,79318.99253,0,,,
3463,TX,"Killeen-Temple, TX HUD Metro FMR Area",1p3c,1631,871,1488,1336,777,1399,1053,8556,19572,10455,17853,16037,9323,16790,12637,102667,79318.99253,0,,,
3463,TX,"Killeen-Temple, TX HUD Metro FMR Area",1p4c,1631,1067,1548,1407,838,1399,1226,9115,19572,12800,18579,16883,10051,16790,14706,109381,79318.99253,0,,,
3463,TX,"Killeen-Temple, TX HUD Metro FMR Area",2p0c,930,554,1183,987,461,0,615,4730,11160,6652,14197,11841,5530,0,7376,56757,79318.99253,0,,,
3463,TX,"Killeen-Temple, TX HUD Metro FMR Area",2p1c,1172,688,1293,1268,577,624,710,6332,14064,8254,15518,15214,6929,7483,8525,75985,79318.99253,0,,,
3463,TX,"Killeen-Temple, TX HUD Metro FMR Area",2p2c,1172,875,1434,1549,635,1217,746,7628,14064,10496,17207,18586,7625,14600,8953,91530,79318.99253,0,,,
3463,TX,"Killeen-Temple, TX HUD Metro FMR Area",2p3c,1631,1067,1491,1830,838,1399,926,9182,19572,12805,17895,21958,10052,16790,11116,110187,79318.99253,0,,,
3463,TX,"Killeen-Temple, TX HUD Metro FMR Area",2p4c,1631,1306,1538,1900,912,1399,1068,9754,19572,15673,18452,22803,10943,16790,12810,117042,79318.99253,0,,,
3464,TX,"Lampasas County, TX HUD Metro FMR Area",1p0c,781,278,1174,493,329,0,552,3607,9372,3335,14090,5921,3945,0,6620,43282,94722,0,,,
3464,TX,"Lampasas County, TX HUD Metro FMR Area",1p1c,1032,408,1439,774,447,624,590,5313,12384,4890,17268,9293,5363,7483,7079,63760,94722,0,,,
3464,TX,"Lampasas County, TX HUD Metro FMR Area",1p2c,1032,601,1584,1055,507,1217,687,6682,12384,7211,19002,12665,6084,14600,8239,80185,94722,0,,,
3464,TX,"Lampasas County, TX HUD Metro FMR Area",1p3c,1360,801,1757,1336,671,1399,975,8299,16320,9609,21089,16037,8050,16790,11695,99590,94722,0,,,
3464,TX,"Lampasas County, TX HUD Metro FMR Area",1p4c,1360,980,1833,1407,727,1399,1143,8849,16320,11764,21991,16883,8719,16790,13720,106186,94722,0,,,
3464,TX,"Lampasas County, TX HUD Metro FMR Area",2p0c,787,510,1381,987,403,0,603,4670,9444,6114,16575,11841,4830,0,7235,56039,94722,0,,,
3464,TX,"Lampasas County, TX HUD Metro FMR Area",2p1c,1032,632,1517,1268,517,624,703,6292,12384,7586,18209,15214,6200,7483,8430,75504,94722,0,,,
3464,TX,"Lampasas County, TX HUD Metro FMR Area",2p2c,1032,804,1685,1549,570,1217,740,7596,12384,9646,20220,18586,6840,14600,8879,91156,94722,0,,,
3464,TX,"Lampasas County, TX HUD Metro FMR Area",2p3c,1360,981,1755,1830,727,1399,861,8913,16320,11768,21064,21958,8721,16790,10336,106958,94722,0,,,
3464,TX,"Lampasas County, TX HUD Metro FMR Area",2p4c,1360,1200,1812,1900,795,1399,995,9461,16320,14404,21744,22803,9539,16790,11937,113537,94722,0,,,
3465,TN,"Kingsport-Bristol-Bristol, TN-VA MSA",1p0c,738,345,1064,460,336,0,524,3468,8856,4140,12771,5523,4035,0,6292,41618,73418.68073,0,,,
3465,TN,"Kingsport-Bristol-Bristol, TN-VA MSA",1p1c,1043,506,1287,721,481,647,581,5266,12516,6071,15446,8657,5771,7760,6967,63189,73418.68073,0,,,
3465,TN,"Kingsport-Bristol-Bristol, TN-VA MSA",1p2c,1043,746,1416,983,556,1078,630,6451,12516,8953,16989,11792,6666,12935,7556,77407,73418.68073,0,,,
3465,TN,"Kingsport-Bristol-Bristol, TN-VA MSA",1p3c,1343,994,1509,1244,726,1211,849,7876,16116,11930,18113,14926,8708,14528,10189,94509,73418.68073,0,,,
3465,TN,"Kingsport-Bristol-Bristol, TN-VA MSA",1p4c,1343,1217,1646,1312,795,1211,1062,8585,16116,14606,19748,15742,9538,14528,12747,103025,73418.68073,0,,,
3465,TN,"Kingsport-Bristol-Bristol, TN-VA MSA",2p0c,824,633,1234,921,452,0,602,4666,9888,7591,14812,11046,5427,0,7225,55989,73418.68073,0,,,
3465,TN,"Kingsport-Bristol-Bristol, TN-VA MSA",2p1c,1043,785,1356,1182,568,647,700,6279,12516,9418,16266,14180,6810,7760,8400,75351,73418.68073,0,,,
3465,TN,"Kingsport-Bristol-Bristol, TN-VA MSA",2p2c,1043,998,1444,1443,634,1078,687,7326,12516,11977,17322,17315,7604,12935,8243,87913,73418.68073,0,,,
3465,TN,"Kingsport-Bristol-Bristol, TN-VA MSA",2p3c,1343,1218,1575,1704,795,1211,797,8643,16116,14611,18903,20449,9540,14528,9566,103713,73418.68073,0,,,
3465,TN,"Kingsport-Bristol-Bristol, TN-VA MSA",2p4c,1343,1490,1630,1772,880,1211,949,9275,16116,17884,19561,21265,10556,14528,11386,111297,73418.68073,0,,,
3466,VA,"Kingsport-Bristol-Bristol, TN-VA MSA",1p0c,738,345,1064,460,336,0,723,3667,8856,4140,12771,5523,4035,0,8678,44004,73418.68073,,,,
3466,VA,"Kingsport-Bristol-Bristol, TN-VA MSA",1p1c,1043,506,1287,721,481,647,890,5575,12516,6071,15446,8657,5771,7760,10674,66896,73418.68073,,,,
3466,VA,"Kingsport-Bristol-Bristol, TN-VA MSA",1p2c,1043,746,1416,983,556,1078,1036,6857,12516,8953,16989,11792,6666,12935,12429,82279,73418.68073,,,,
3466,VA,"Kingsport-Bristol-Bristol, TN-VA MSA",1p3c,1343,994,1509,1244,726,1211,1405,8431,16116,11930,18113,14926,8708,14528,16857,101177,73418.68073,,,,
3466,VA,"Kingsport-Bristol-Bristol, TN-VA MSA",1p4c,1343,1217,1646,1312,795,1211,1682,9205,16116,14606,19748,15742,9538,14528,20183,110461,73418.68073,,,,
3466,VA,"Kingsport-Bristol-Bristol, TN-VA MSA",2p0c,824,633,1234,921,452,0,822,4886,9888,7591,14812,11046,5427,0,9866,58629,73418.68073,,,,
3466,VA,"Kingsport-Bristol-Bristol, TN-VA MSA",2p1c,1043,785,1356,1182,568,647,1016,6595,12516,9418,16266,14180,6810,7760,12192,79144,73418.68073,,,,
3466,VA,"Kingsport-Bristol-Bristol, TN-VA MSA",2p2c,1043,998,1444,1443,634,1078,1054,7693,12516,11977,17322,17315,7604,12935,12651,92320,73418.68073,,,,
3466,VA,"Kingsport-Bristol-Bristol, TN-VA MSA",2p3c,1343,1218,1575,1704,795,1211,1278,9123,16116,14611,18903,20449,9540,14528,15332,109479,73418.68073,,,,
3466,VA,"Kingsport-Bristol-Bristol, TN-VA MSA",2p4c,1343,1490,1630,1772,880,1211,1497,9823,16116,17884,19561,21265,10556,14528,17963,117873,73418.68073,,,,
3467,NY,"Kingston, NY MSA",1p0c,1370,373,1086,657,541,0,1166,5193,16440,4477,13029,7883,6494,0,13996,62319,110044,0,,,
3467,NY,"Kingston, NY MSA",1p1c,1799,547,1413,1105,728,1288,1935,8815,21588,6565,16960,13257,8741,15452,23220,105783,110044,0,,,
3467,NY,"Kingston, NY MSA",1p2c,1799,807,1558,1145,809,2428,2572,11118,21588,9681,18698,13735,9708,29139,30861,133411,110044,0,,,
3467,NY,"Kingston, NY MSA",1p3c,2278,1075,1656,1185,1041,2779,3174,13188,27336,12900,19866,14214,12492,33351,38092,158251,110044,0,,,
3467,NY,"Kingston, NY MSA",1p4c,2278,1316,1793,1224,1116,2779,3429,13935,27336,15794,21512,14692,13391,33351,41148,167224,110044,0,,,
3467,NY,"Kingston, NY MSA",2p0c,1371,684,1359,1314,638,0,1251,6617,16452,8208,16308,15766,7656,0,15011,79401,110044,0,,,
3467,NY,"Kingston, NY MSA",2p1c,1799,849,1496,1849,822,1288,1953,10056,21588,10184,17956,22189,9864,15452,23436,120670,110044,0,,,
3467,NY,"Kingston, NY MSA",2p2c,1799,1079,1588,1889,894,2428,2473,12150,21588,12951,19059,22668,10723,29139,29677,145805,110044,0,,,
3467,NY,"Kingston, NY MSA",2p3c,2278,1317,1721,1929,1116,2779,3042,14181,27336,15800,20654,23146,13392,33351,36499,170177,110044,0,,,
3467,NY,"Kingston, NY MSA",2p4c,2278,1612,1774,1969,1208,2779,3312,14931,27336,19339,21284,23624,14491,33351,39747,179171,110044,0,,,
3468,TN,"Knoxville, TN HUD Metro FMR Area",1p0c,1256,379,1055,457,508,0,698,4353,15072,4544,12662,5489,6090,0,8381,52238,92197.22087,1,86,50,71
3468,TN,"Knoxville, TN HUD Metro FMR Area",1p1c,1548,555,1303,717,653,737,818,6331,18576,6663,15632,8604,7836,8846,9812,75969,92197.22087,1,86,50,71
3468,TN,"Knoxville, TN HUD Metro FMR Area",1p2c,1548,819,1500,977,735,1121,950,7649,18576,9825,17996,11718,8818,13448,11401,91782,92197.22087,1,86,50,71
3468,TN,"Knoxville, TN HUD Metro FMR Area",1p3c,1989,1091,1596,1236,956,1239,1323,9430,23868,13092,19149,14832,11475,14864,15878,113159,92197.22087,1,86,50,71
3468,TN,"Knoxville, TN HUD Metro FMR Area",1p4c,1989,1336,1664,1304,1032,1239,1531,10095,23868,16030,19973,15645,12387,14864,18368,121136,92197.22087,1,86,50,71
3468,TN,"Knoxville, TN HUD Metro FMR Area",2p0c,1264,694,1254,915,608,0,766,5501,15168,8330,15044,10979,7296,0,9197,66013,92197.22087,1,86,50,71
3468,TN,"Knoxville, TN HUD Metro FMR Area",2p1c,1548,861,1443,1174,748,737,928,7440,18576,10336,17319,14093,8976,8846,11138,89285,92197.22087,1,86,50,71
3468,TN,"Knoxville, TN HUD Metro FMR Area",2p2c,1548,1095,1534,1434,821,1121,919,8472,18576,13144,18404,17207,9848,13448,11032,101659,92197.22087,1,86,50,71
3468,TN,"Knoxville, TN HUD Metro FMR Area",2p3c,1989,1336,1598,1693,1032,1239,1136,10024,23868,16035,19176,20321,12389,14864,13628,120282,92197.22087,1,86,50,71
3468,TN,"Knoxville, TN HUD Metro FMR Area",2p4c,1989,1636,1650,1761,1125,1239,1323,10722,23868,19627,19794,21135,13504,14864,15872,128663,92197.22087,1,86,50,71
3469,TN,"Campbell County, TN HUD Metro FMR Area",1p0c,728,339,1072,457,331,0,520,3448,8736,4062,12868,5489,3973,0,6244,41372,67252,0,,,
3469,TN,"Campbell County, TN HUD Metro FMR Area",1p1c,962,496,1299,717,453,558,532,5016,11544,5956,15588,8604,5433,6692,6379,60195,67252,0,,,
3469,TN,"Campbell County, TN HUD Metro FMR Area",1p2c,962,732,1433,977,526,811,511,5951,11544,8783,17197,11718,6311,9733,6129,71414,67252,0,,,
3469,TN,"Campbell County, TN HUD Metro FMR Area",1p3c,1271,975,1532,1236,697,889,671,7271,15252,11703,18385,14832,8369,10669,8046,87257,67252,0,,,
3469,TN,"Campbell County, TN HUD Metro FMR Area",1p4c,1271,1194,1605,1304,765,889,850,7878,15252,14329,19262,15645,9184,10669,10198,94539,67252,0,,,
3469,TN,"Campbell County, TN HUD Metro FMR Area",2p0c,733,621,1243,915,420,0,571,4503,8796,7446,14920,10979,5043,0,6851,54035,67252,0,,,
3469,TN,"Campbell County, TN HUD Metro FMR Area",2p1c,962,770,1369,1174,538,558,649,6019,11544,9239,16423,14093,6453,6692,7787,72231,67252,0,,,
3469,TN,"Campbell County, TN HUD Metro FMR Area",2p2c,962,979,1461,1434,603,811,592,6842,11544,11749,17529,17207,7232,9733,7104,82099,67252,0,,,
3469,TN,"Campbell County, TN HUD Metro FMR Area",2p3c,1271,1195,1528,1693,766,889,650,7992,15252,14334,18341,20321,9186,10669,7800,95903,67252,0,,,
3469,TN,"Campbell County, TN HUD Metro FMR Area",2p4c,1271,1462,1654,1761,849,889,810,8696,15252,17544,19848,21135,10182,10669,9715,104346,67252,0,,,
3470,TN,"Morgan County, TN HUD Metro FMR Area",1p0c,731,369,1167,457,342,0,554,3620,8772,4431,13999,5489,4099,0,6651,43441,73988,0,,,
3470,TN,"Morgan County, TN HUD Metro FMR Area",1p1c,965,541,1410,717,468,558,574,5232,11580,6497,16916,8604,5613,6692,6888,62789,73988,0,,,
3470,TN,"Morgan County, TN HUD Metro FMR Area",1p2c,965,798,1553,977,548,811,576,6228,11580,9581,18637,11718,6570,9733,6911,74730,73988,0,,,
3470,TN,"Morgan County, TN HUD Metro FMR Area",1p3c,1275,1064,1659,1236,726,889,774,7624,15300,12767,19906,14832,8714,10669,9293,91482,73988,0,,,
3470,TN,"Morgan County, TN HUD Metro FMR Area",1p4c,1275,1303,1737,1304,800,889,967,8275,15300,15631,20841,15645,9603,10669,11608,99299,73988,0,,,
3470,TN,"Morgan County, TN HUD Metro FMR Area",2p0c,736,677,1348,915,439,0,615,4729,8832,8123,16173,10979,5264,0,7374,56746,73988,0,,,
3470,TN,"Morgan County, TN HUD Metro FMR Area",2p1c,965,840,1482,1174,560,558,700,6279,11580,10079,17783,14093,6725,6692,8400,75351,73988,0,,,
3470,TN,"Morgan County, TN HUD Metro FMR Area",2p2c,965,1068,1580,1434,631,811,651,7140,11580,12817,18965,17207,7575,9733,7807,85684,73988,0,,,
3470,TN,"Morgan County, TN HUD Metro FMR Area",2p3c,1275,1303,1653,1693,800,889,727,8340,15300,15637,19832,20321,9605,10669,8720,100084,73988,0,,,
3470,TN,"Morgan County, TN HUD Metro FMR Area",2p4c,1275,1595,1788,1761,891,889,908,9107,15300,19139,21450,21135,10692,10669,10896,109281,73988,0,,,
3471,TN,"Roane County, TN HUD Metro FMR Area",1p0c,915,356,1122,457,395,0,598,3842,10980,4269,13459,5489,4735,0,7175,46107,84015,0,,,
3471,TN,"Roane County, TN HUD Metro FMR Area",1p1c,1092,522,1374,717,501,558,600,5363,13104,6261,16486,8604,6012,6692,7196,64353,84015,0,,,
3471,TN,"Roane County, TN HUD Metro FMR Area",1p2c,1092,769,1516,977,578,811,605,6348,13104,9232,18194,11718,6935,9733,7258,76174,84015,0,,,
3471,TN,"Roane County, TN HUD Metro FMR Area",1p3c,1398,1025,1687,1236,752,889,833,7820,16776,12302,20244,14832,9028,10669,9992,93843,84015,0,,,
3471,TN,"Roane County, TN HUD Metro FMR Area",1p4c,1398,1255,1764,1304,824,889,1023,8456,16776,15061,21162,15645,9885,10669,12270,101469,84015,0,,,
3471,TN,"Roane County, TN HUD Metro FMR Area",2p0c,915,652,1315,915,487,0,656,4940,10980,7827,15785,10979,5839,0,7873,59284,84015,0,,,
3471,TN,"Roane County, TN HUD Metro FMR Area",2p1c,1092,809,1449,1174,590,558,723,6395,13104,9712,17385,14093,7084,6692,8673,76743,84015,0,,,
3471,TN,"Roane County, TN HUD Metro FMR Area",2p2c,1092,1029,1613,1434,659,811,687,7324,13104,12350,19352,17207,7903,9733,8239,87888,84015,0,,,
3471,TN,"Roane County, TN HUD Metro FMR Area",2p3c,1398,1256,1684,1693,824,889,766,8510,16776,15067,20205,20321,9886,10669,9192,102117,84015,0,,,
3471,TN,"Roane County, TN HUD Metro FMR Area",2p4c,1398,1537,1742,1761,911,889,921,9159,16776,18441,20900,21135,10934,10669,11047,109903,84015,0,,,
3472,IN,"Kokomo, IN MSA",1p0c,807,314,1010,418,348,0,642,3540,9684,3773,12121,5016,4178,0,7702,42474,82009,0,,,
3472,IN,"Kokomo, IN MSA",1p1c,1019,461,1248,654,460,878,787,5506,12228,5533,14972,7843,5514,10532,9447,66069,82009,0,,,
3472,IN,"Kokomo, IN MSA",1p2c,1019,680,1379,889,528,1560,985,7039,12228,8159,16544,10670,6330,18718,11819,84468,82009,0,,,
3472,IN,"Kokomo, IN MSA",1p3c,1283,906,1535,1125,680,1770,1316,8615,15396,10872,18425,13497,8156,21237,15794,103376,82009,0,,,
3472,IN,"Kokomo, IN MSA",1p4c,1283,1109,1604,1188,743,1770,1514,9211,15396,13311,19253,14253,8913,21237,18168,110530,82009,0,,,
3472,IN,"Kokomo, IN MSA",2p0c,812,576,1201,836,431,0,720,4576,9744,6917,14410,10033,5173,0,8635,54912,82009,0,,,
3472,IN,"Kokomo, IN MSA",2p1c,1019,715,1324,1072,538,878,926,6472,12228,8583,15887,12860,6461,10532,11111,77661,82009,0,,,
3472,IN,"Kokomo, IN MSA",2p2c,1019,910,1475,1307,599,1560,1025,7894,12228,10915,17694,15687,7185,18718,12296,94722,82009,0,,,
3472,IN,"Kokomo, IN MSA",2p3c,1283,1110,1539,1543,743,1770,1180,9167,15396,13316,18465,18514,8914,21237,14160,110002,82009,0,,,
3472,IN,"Kokomo, IN MSA",2p4c,1283,1358,1591,1606,820,1770,1350,9777,15396,16298,19086,19269,9840,21237,16202,117328,82009,0,,,
3473,MN,"La Crosse-Onalaska, WI-MN MSA",1p0c,821,379,1044,517,373,0,727,3860,9852,4546,12522,6205,4470,0,8719,46315,98618.40323,0,,,
3473,MN,"La Crosse-Onalaska, WI-MN MSA",1p1c,1197,556,1331,818,544,1264,1326,7036,14364,6667,15967,9818,6529,15172,15911,84428,98618.40323,0,,,
3473,MN,"La Crosse-Onalaska, WI-MN MSA",1p2c,1197,819,1456,1119,626,2276,1968,9461,14364,9831,17474,13431,7512,27308,23611,113530,98618.40323,0,,,
3473,MN,"La Crosse-Onalaska, WI-MN MSA",1p3c,1579,1092,1541,1420,829,2587,2627,11675,18948,13100,18495,17044,9950,31042,31519,140098,98618.40323,0,,,
3473,MN,"La Crosse-Onalaska, WI-MN MSA",1p4c,1579,1337,1601,1486,905,2587,2838,12333,18948,16038,19216,17831,10862,31042,34058,147995,98618.40323,0,,,
3473,MN,"La Crosse-Onalaska, WI-MN MSA",2p0c,912,695,1281,1034,499,0,887,5307,10944,8335,15373,12410,5986,0,10639,63687,98618.40323,0,,,
3473,MN,"La Crosse-Onalaska, WI-MN MSA",2p1c,1197,862,1401,1335,639,1264,1339,8038,14364,10342,16808,16023,7670,15172,16073,96451,98618.40323,0,,,
3473,MN,"La Crosse-Onalaska, WI-MN MSA",2p2c,1197,1096,1481,1636,712,2276,1751,10149,14364,13151,17776,19636,8543,27308,21008,121785,98618.40323,0,,,
3473,MN,"La Crosse-Onalaska, WI-MN MSA",2p3c,1579,1337,1538,1937,905,2587,2278,12161,18948,16044,18456,23249,10864,31042,27330,145933,98618.40323,0,,,
3473,MN,"La Crosse-Onalaska, WI-MN MSA",2p4c,1579,1637,1649,2003,998,2587,2568,13021,18948,19638,19789,24036,11980,31042,30818,156250,98618.40323,0,,,
3474,WI,"La Crosse-Onalaska, WI-MN MSA",1p0c,821,379,1044,517,373,0,741,3874,9852,4546,12522,6205,4470,0,8886,46482,98618.40323,,,,
3474,WI,"La Crosse-Onalaska, WI-MN MSA",1p1c,1197,556,1331,818,544,1264,1293,7003,14364,6667,15967,9818,6529,15172,15516,84032,98618.40323,,,,
3474,WI,"La Crosse-Onalaska, WI-MN MSA",1p2c,1197,819,1456,1119,626,2276,1906,9399,14364,9831,17474,13431,7512,27308,22867,112786,98618.40323,,,,
3474,WI,"La Crosse-Onalaska, WI-MN MSA",1p3c,1579,1092,1541,1420,829,2587,2559,11607,18948,13100,18495,17044,9950,31042,30706,139285,98618.40323,,,,
3474,WI,"La Crosse-Onalaska, WI-MN MSA",1p4c,1579,1337,1601,1486,905,2587,2822,12317,18948,16038,19216,17831,10862,31042,33869,147806,98618.40323,,,,
3474,WI,"La Crosse-Onalaska, WI-MN MSA",2p0c,912,695,1281,1034,499,0,843,5264,10944,8335,15373,12410,5986,0,10115,63163,98618.40323,,,,
3474,WI,"La Crosse-Onalaska, WI-MN MSA",2p1c,1197,862,1401,1335,639,1264,1320,8018,14364,10342,16808,16023,7670,15172,15837,96216,98618.40323,,,,
3474,WI,"La Crosse-Onalaska, WI-MN MSA",2p2c,1197,1096,1481,1636,712,2276,1728,10126,14364,13151,17776,19636,8543,27308,20737,121515,98618.40323,,,,
3474,WI,"La Crosse-Onalaska, WI-MN MSA",2p3c,1579,1337,1538,1937,905,2587,2278,12162,18948,16044,18456,23249,10864,31042,27338,145940,98618.40323,,,,
3474,WI,"La Crosse-Onalaska, WI-MN MSA",2p4c,1579,1637,1649,2003,998,2587,2589,13042,18948,19638,19789,24036,11980,31042,31070,156502,98618.40323,,,,
3475,LA,"Lafayette, LA HUD Metro FMR Area",1p0c,740,351,1062,511,339,0,670,3673,8880,4212,12739,6132,4065,0,8045,44072,86742.23396,0,,,
3475,LA,"Lafayette, LA HUD Metro FMR Area",1p1c,1052,515,1284,803,486,744,868,5751,12624,6176,15406,9631,5837,8922,10411,69008,86742.23396,0,,,
3475,LA,"Lafayette, LA HUD Metro FMR Area",1p2c,1052,759,1467,1094,562,1419,1228,7581,12624,9108,17598,13130,6747,17033,14736,90977,86742.23396,0,,,
3475,LA,"Lafayette, LA HUD Metro FMR Area",1p3c,1322,1011,1554,1386,724,1627,1663,9288,15864,12136,18645,16629,8693,19529,19957,111454,86742.23396,0,,,
3475,LA,"Lafayette, LA HUD Metro FMR Area",1p4c,1322,1238,1616,1458,795,1627,1910,9966,15864,14859,19392,17490,9539,19529,22914,119586,86742.23396,0,,,
3475,LA,"Lafayette, LA HUD Metro FMR Area",2p0c,930,644,1237,1022,489,0,829,5150,11160,7722,14844,12265,5862,0,9948,61800,86742.23396,0,,,
3475,LA,"Lafayette, LA HUD Metro FMR Area",2p1c,1052,798,1414,1314,575,744,1022,6918,12624,9581,16967,15764,6894,8922,12258,83011,86742.23396,0,,,
3475,LA,"Lafayette, LA HUD Metro FMR Area",2p2c,1052,1015,1497,1605,642,1419,1148,8378,12624,12184,17962,19263,7702,17033,13770,100539,86742.23396,0,,,
3475,LA,"Lafayette, LA HUD Metro FMR Area",2p3c,1322,1239,1556,1897,795,1627,1415,9851,15864,14864,18669,22762,9540,19529,16981,118209,86742.23396,0,,,
3475,LA,"Lafayette, LA HUD Metro FMR Area",2p4c,1322,1516,1603,1969,881,1627,1634,10552,15864,18193,19239,23622,10574,19529,19602,126623,86742.23396,0,,,
3476,LA,"Acadia Parish, LA HUD Metro FMR Area",1p0c,619,333,1135,511,296,0,637,3530,7428,3992,13614,6132,3546,0,7647,42360,64039,0,,,
3476,LA,"Acadia Parish, LA HUD Metro FMR Area",1p1c,903,488,1341,803,432,744,810,5519,10836,5854,16091,9631,5182,8922,9716,66233,64039,0,,,
3476,LA,"Acadia Parish, LA HUD Metro FMR Area",1p2c,903,719,1463,1094,504,1419,1106,7209,10836,8633,17551,13130,6045,17033,13273,86502,64039,0,,,
3476,LA,"Acadia Parish, LA HUD Metro FMR Area",1p3c,1088,959,1552,1386,635,1627,1453,8700,13056,11504,18628,16629,7625,19529,17430,104402,64039,0,,,
3476,LA,"Acadia Parish, LA HUD Metro FMR Area",1p4c,1088,1174,1619,1458,702,1627,1688,9355,13056,14085,19426,17490,8426,19529,20250,112262,64039,0,,,
3476,LA,"Acadia Parish, LA HUD Metro FMR Area",2p0c,688,610,1287,1022,403,0,735,4744,8256,7319,15438,12265,4836,0,8817,56931,64039,0,,,
3476,LA,"Acadia Parish, LA HUD Metro FMR Area",2p1c,903,757,1401,1314,515,744,942,6575,10836,9082,16812,15764,6184,8922,11304,78904,64039,0,,,
3476,LA,"Acadia Parish, LA HUD Metro FMR Area",2p2c,903,962,1485,1605,579,1419,1064,8018,10836,11549,17822,19263,6950,17033,12768,96221,64039,0,,,
3476,LA,"Acadia Parish, LA HUD Metro FMR Area",2p3c,1088,1174,1547,1897,702,1627,1241,9277,13056,14089,18567,22762,8428,19529,14894,111324,64039,0,,,
3476,LA,"Acadia Parish, LA HUD Metro FMR Area",2p4c,1088,1437,1670,1969,784,1627,1475,10050,13056,17245,20042,23622,9408,19529,17701,120604,64039,0,,,
3477,LA,"Iberia Parish, LA HUD Metro FMR Area",1p0c,714,324,1077,511,322,0,654,3603,8568,3889,12925,6132,3867,0,7849,43231,65884,0,,,
3477,LA,"Iberia Parish, LA HUD Metro FMR Area",1p1c,920,475,1282,803,433,744,792,5448,11040,5702,15380,9631,5198,8922,9507,65381,65884,0,,,
3477,LA,"Iberia Parish, LA HUD Metro FMR Area",1p2c,920,701,1399,1094,503,1419,1075,7112,11040,8409,16792,13130,6038,17033,12900,85343,65884,0,,,
3477,LA,"Iberia Parish, LA HUD Metro FMR Area",1p3c,1174,934,1485,1386,654,1627,1459,8719,14088,11205,17819,16629,7853,19529,17510,104632,65884,0,,,
3477,LA,"Iberia Parish, LA HUD Metro FMR Area",1p4c,1174,1143,1615,1458,719,1627,1727,9463,14088,13718,19381,17490,8633,19529,20720,113559,65884,0,,,
3477,LA,"Iberia Parish, LA HUD Metro FMR Area",2p0c,732,594,1232,1022,412,0,730,4722,8784,7129,14786,12265,4941,0,8755,56660,65884,0,,,
3477,LA,"Iberia Parish, LA HUD Metro FMR Area",2p1c,920,737,1343,1314,515,744,923,6495,11040,8845,16117,15764,6174,8922,11081,77944,65884,0,,,
3477,LA,"Iberia Parish, LA HUD Metro FMR Area",2p2c,920,937,1423,1605,577,1419,1042,7924,11040,11249,17080,19263,6920,17033,12506,95090,65884,0,,,
3477,LA,"Iberia Parish, LA HUD Metro FMR Area",2p3c,1174,1144,1549,1897,720,1627,1273,9384,14088,13723,18592,22762,8634,19529,15277,112605,65884,0,,,
3477,LA,"Iberia Parish, LA HUD Metro FMR Area",2p4c,1174,1400,1599,1969,799,1627,1472,10040,14088,16797,19193,23622,9589,19529,17663,120480,65884,0,,,
3478,LA,"Vermilion Parish, LA HUD Metro FMR Area",1p0c,619,321,1129,511,292,0,631,3503,7428,3854,13544,6132,3503,0,7571,42031,74286,0,,,
3478,LA,"Vermilion Parish, LA HUD Metro FMR Area",1p1c,903,471,1380,803,427,672,792,5446,10836,5651,16557,9631,5119,8059,9501,65354,74286,0,,,
3478,LA,"Vermilion Parish, LA HUD Metro FMR Area",1p2c,903,695,1519,1094,496,1280,1051,7038,10836,8334,18227,13130,5952,15359,12614,84452,74286,0,,,
3478,LA,"Vermilion Parish, LA HUD Metro FMR Area",1p3c,1193,925,1688,1386,658,1467,1489,8806,14316,11105,20250,16629,7892,17605,17870,105667,74286,0,,,
3478,LA,"Vermilion Parish, LA HUD Metro FMR Area",1p4c,1193,1133,1761,1458,722,1467,1725,9459,14316,13596,21136,17490,8666,17605,20703,113512,74286,0,,,
3478,LA,"Vermilion Parish, LA HUD Metro FMR Area",2p0c,816,589,1325,1022,436,0,789,4976,9792,7066,15897,12265,5234,0,9463,59716,74286,0,,,
3478,LA,"Vermilion Parish, LA HUD Metro FMR Area",2p1c,903,731,1456,1314,507,672,926,6508,10836,8767,17467,15764,6086,8059,11116,78095,74286,0,,,
3478,LA,"Vermilion Parish, LA HUD Metro FMR Area",2p2c,903,929,1618,1605,569,1280,1049,7953,10836,11149,19416,19263,6826,15359,12585,95432,74286,0,,,
3478,LA,"Vermilion Parish, LA HUD Metro FMR Area",2p3c,1193,1133,1687,1897,722,1467,1268,9368,14316,13601,20243,22762,8667,17605,15219,112413,74286,0,,,
3478,LA,"Vermilion Parish, LA HUD Metro FMR Area",2p4c,1193,1387,1743,1969,801,1467,1468,10028,14316,16647,20911,23622,9613,17605,17616,120331,74286,0,,,
3479,IN,"Warren County, IN HUD Metro FMR Area",1p0c,664,325,1226,412,307,0,653,3587,7968,3900,14714,4949,3685,0,7834,43049,89375,0,,,
3479,IN,"Warren County, IN HUD Metro FMR Area",1p1c,928,477,1524,645,436,871,835,5716,11136,5719,18286,7736,5233,10452,10024,68586,89375,0,,,
3479,IN,"Warren County, IN HUD Metro FMR Area",1p2c,928,703,1755,877,506,1548,1099,7416,11136,8434,21062,10523,6076,18576,13192,88997,89375,0,,,
3479,IN,"Warren County, IN HUD Metro FMR Area",1p3c,1300,937,1868,1109,694,1756,1508,9172,15600,11238,22411,13309,8332,21076,18092,110058,89375,0,,,
3479,IN,"Warren County, IN HUD Metro FMR Area",1p4c,1300,1147,1948,1172,760,1756,1719,9801,15600,13759,23373,14060,9115,21076,20628,117610,89375,0,,,
3479,IN,"Warren County, IN HUD Metro FMR Area",2p0c,824,596,1460,825,441,0,805,4950,9888,7150,17524,9898,5290,0,9654,59405,89375,0,,,
3479,IN,"Warren County, IN HUD Metro FMR Area",2p1c,928,739,1682,1057,518,871,1000,6795,11136,8872,20186,12685,6212,10452,12002,81544,89375,0,,,
3479,IN,"Warren County, IN HUD Metro FMR Area",2p2c,928,940,1788,1289,580,1548,1085,8158,11136,11282,21451,15471,6960,18576,13024,97900,89375,0,,,
3479,IN,"Warren County, IN HUD Metro FMR Area",2p3c,1300,1147,1862,1522,760,1756,1327,9674,15600,13764,22347,18258,9117,21076,15922,116083,89375,0,,,
3479,IN,"Warren County, IN HUD Metro FMR Area",2p4c,1300,1404,1921,1584,840,1756,1511,10316,15600,16846,23057,19009,10074,21076,18135,123796,89375,0,,,
3480,IN,"Lafayette-West Lafayette, IN HUD Metro FMR Area",1p0c,831,330,1005,409,360,0,653,3588,9972,3958,12058,4905,4325,0,7834,43052,84980.16981,0,,,
3480,IN,"Lafayette-West Lafayette, IN HUD Metro FMR Area",1p1c,1161,484,1223,639,511,936,857,5810,13932,5804,14676,7665,6127,11236,10285,69725,84980.16981,0,,,
3480,IN,"Lafayette-West Lafayette, IN HUD Metro FMR Area",1p2c,1161,713,1399,869,582,1664,1131,7519,13932,8558,16791,10425,6983,19969,13571,90230,84980.16981,0,,,
3480,IN,"Lafayette-West Lafayette, IN HUD Metro FMR Area",1p3c,1399,950,1483,1099,729,1888,1447,8995,16788,11404,17794,13185,8753,22657,17360,107940,84980.16981,0,,,
3480,IN,"Lafayette-West Lafayette, IN HUD Metro FMR Area",1p4c,1399,1164,1542,1161,796,1888,1648,9598,16788,13962,18507,13932,9547,22657,19779,115173,84980.16981,0,,,
3480,IN,"Lafayette-West Lafayette, IN HUD Metro FMR Area",2p0c,971,605,1179,817,489,0,779,4840,11652,7256,14144,9809,5870,0,9351,58083,84980.16981,0,,,
3480,IN,"Lafayette-West Lafayette, IN HUD Metro FMR Area",2p1c,1161,750,1350,1047,593,936,1013,6851,13932,9003,16199,12569,7121,11236,12156,82215,84980.16981,0,,,
3480,IN,"Lafayette-West Lafayette, IN HUD Metro FMR Area",2p2c,1161,954,1430,1278,657,1664,1106,8249,13932,11449,17155,15330,7880,19969,13274,98989,84980.16981,0,,,
3480,IN,"Lafayette-West Lafayette, IN HUD Metro FMR Area",2p3c,1399,1164,1486,1508,796,1888,1283,9523,16788,13967,17833,18090,9549,22657,15394,114277,84980.16981,0,,,
3480,IN,"Lafayette-West Lafayette, IN HUD Metro FMR Area",2p4c,1399,1425,1531,1570,877,1888,1461,10151,16788,17096,18375,18837,10520,22657,17535,121807,84980.16981,0,,,
3481,IN,"Carroll County, IN HUD Metro FMR Area",1p0c,696,357,1198,409,327,0,668,3654,8352,4281,14376,4903,3922,0,8018,43851,80554,0,,,
3481,IN,"Carroll County, IN HUD Metro FMR Area",1p1c,928,523,1465,639,451,837,824,5666,11136,6277,17584,7662,5406,10038,9887,67990,80554,0,,,
3481,IN,"Carroll County, IN HUD Metro FMR Area",1p2c,928,771,1681,868,528,1487,1075,7338,11136,9257,20168,10420,6331,17840,12904,88056,80554,0,,,
3481,IN,"Carroll County, IN HUD Metro FMR Area",1p3c,1191,1028,1786,1098,689,1687,1410,8889,14292,12335,21433,13179,8267,20241,16921,106668,80554,0,,,
3481,IN,"Carroll County, IN HUD Metro FMR Area",1p4c,1191,1259,1862,1161,761,1687,1632,9551,14292,15102,22342,13926,9126,20241,19585,114614,80554,0,,,
3481,IN,"Carroll County, IN HUD Metro FMR Area",2p0c,709,654,1404,817,423,0,763,4771,8508,7848,16848,9805,5078,0,9160,57247,80554,0,,,
3481,IN,"Carroll County, IN HUD Metro FMR Area",2p1c,928,812,1611,1047,540,837,994,6767,11136,9738,19327,12564,6481,10038,11924,81207,80554,0,,,
3481,IN,"Carroll County, IN HUD Metro FMR Area",2p2c,928,1032,1709,1277,609,1487,1076,8117,11136,12384,20512,15323,7302,17840,12911,97408,80554,0,,,
3481,IN,"Carroll County, IN HUD Metro FMR Area",2p3c,1191,1259,1780,1507,761,1687,1260,9444,14292,15107,21360,18082,9128,20241,15118,113327,80554,0,,,
3481,IN,"Carroll County, IN HUD Metro FMR Area",2p4c,1191,1541,1837,1569,848,1687,1454,10127,14292,18491,22042,18829,10178,20241,17450,121523,80554,0,,,
3482,LA,"Lake Charles, LA MSA",1p0c,871,350,1068,507,379,0,723,3897,10452,4196,12814,6085,4548,0,8670,46764,84311.40966,0,,,
3482,LA,"Lake Charles, LA MSA",1p1c,1144,513,1277,796,514,714,893,5852,13728,6153,15326,9555,6172,8571,10714,70219,84311.40966,0,,,
3482,LA,"Lake Charles, LA MSA",1p2c,1144,756,1395,1086,590,1358,1216,7545,13728,9073,16743,13026,7079,16297,14590,90536,84311.40966,0,,,
3482,LA,"Lake Charles, LA MSA",1p3c,1383,1008,1480,1375,742,1556,1617,9161,16596,12090,17761,16496,8906,18674,19405,109928,84311.40966,0,,,
3482,LA,"Lake Charles, LA MSA",1p4c,1383,1234,1610,1446,812,1556,1901,9942,16596,14802,19316,17354,9748,18674,22809,119298,84311.40966,0,,,
3482,LA,"Lake Charles, LA MSA",2p0c,877,641,1229,1014,471,0,802,5034,10524,7692,14745,12170,5656,0,9625,60412,84311.40966,0,,,
3482,LA,"Lake Charles, LA MSA",2p1c,1144,795,1341,1303,602,714,1023,6923,13728,9544,16092,15640,7225,8571,12273,83073,84311.40966,0,,,
3482,LA,"Lake Charles, LA MSA",2p2c,1144,1011,1421,1593,669,1358,1137,8334,13728,12137,17054,19111,8030,16297,13646,100004,84311.40966,0,,,
3482,LA,"Lake Charles, LA MSA",2p3c,1383,1234,1547,1882,813,1556,1406,9820,16596,14807,18566,22581,9750,18674,16869,117842,84311.40966,0,,,
3482,LA,"Lake Charles, LA MSA",2p4c,1383,1510,1597,1953,898,1556,1624,10521,16596,18124,19159,23438,10779,18674,19484,126255,84311.40966,0,,,
3483,AZ,"Lake Havasu City-Kingman, AZ MSA",1p0c,1051,340,1041,592,432,0,754,4210,12612,4085,12497,7101,5184,0,9045,50523,67820,0,,,
3483,AZ,"Lake Havasu City-Kingman, AZ MSA",1p1c,1357,499,1285,941,576,786,939,6384,16284,5990,15424,11297,6915,9429,11269,76608,67820,0,,,
3483,AZ,"Lake Havasu City-Kingman, AZ MSA",1p2c,1357,736,1431,1291,650,1546,1318,8329,16284,8833,17169,15493,7798,18554,15814,99944,67820,0,,,
3483,AZ,"Lake Havasu City-Kingman, AZ MSA",1p3c,1883,981,1538,1641,889,1780,1945,10657,22596,11770,18455,19689,10670,21362,23338,127879,67820,0,,,
3483,AZ,"Lake Havasu City-Kingman, AZ MSA",1p4c,1883,1201,1682,1727,957,1780,2225,11456,22596,14410,20186,20722,11489,21362,26702,137468,67820,0,,,
3483,AZ,"Lake Havasu City-Kingman, AZ MSA",2p0c,1051,624,1222,1184,520,0,834,5435,12612,7489,14664,14202,6241,0,10011,65219,67820,0,,,
3483,AZ,"Lake Havasu City-Kingman, AZ MSA",2p1c,1357,774,1357,1533,662,786,1079,7547,16284,9292,16278,18398,7941,9429,12944,90566,67820,0,,,
3483,AZ,"Lake Havasu City-Kingman, AZ MSA",2p2c,1357,985,1455,1883,727,1546,1275,9228,16284,11816,17462,22594,8724,18554,15297,110732,67820,0,,,
3483,AZ,"Lake Havasu City-Kingman, AZ MSA",2p3c,1883,1201,1593,2233,958,1780,1770,11418,22596,14415,19114,26790,11491,21362,21242,137010,67820,0,,,
3483,AZ,"Lake Havasu City-Kingman, AZ MSA",2p4c,1883,1470,1655,2319,1041,1780,2018,12166,22596,17644,19857,27823,12493,21362,24218,145993,67820,0,,,
3484,FL,"Lakeland-Winter Haven, FL MSA",1p0c,1085,354,1069,482,447,0,645,4082,13020,4246,12828,5785,5361,0,7741,48980,72682,1,95,5,98
3484,FL,"Lakeland-Winter Haven, FL MSA",1p1c,1337,519,1281,756,576,710,707,5886,16044,6227,15376,9076,6914,8517,8480,70633,72682,1,95,5,98
3484,FL,"Lakeland-Winter Haven, FL MSA",1p2c,1337,765,1400,1031,653,1267,847,7300,16044,9182,16805,12367,7832,15208,10158,87597,72682,1,95,5,98
3484,FL,"Lakeland-Winter Haven, FL MSA",1p3c,1797,1020,1486,1305,875,1439,1240,9160,21564,12235,17832,15658,10494,17267,14875,109925,72682,1,95,5,98
3484,FL,"Lakeland-Winter Haven, FL MSA",1p4c,1797,1248,1616,1374,946,1439,1465,9885,21564,14980,19390,16493,11346,17267,17581,118622,72682,1,95,5,98
3484,FL,"Lakeland-Winter Haven, FL MSA",2p0c,1092,649,1231,964,540,0,703,5179,13104,7785,14770,11570,6485,0,8437,62151,72682,1,95,5,98
3484,FL,"Lakeland-Winter Haven, FL MSA",2p1c,1337,805,1344,1238,665,710,827,6927,16044,9659,16133,14861,7980,8517,9927,83120,72682,1,95,5,98
3484,FL,"Lakeland-Winter Haven, FL MSA",2p2c,1337,1024,1426,1513,733,1267,848,8147,16044,12283,17109,18151,8795,15208,10177,97768,72682,1,95,5,98
3484,FL,"Lakeland-Winter Haven, FL MSA",2p3c,1797,1249,1552,1787,946,1439,1096,9865,21564,14985,18628,21442,11348,17267,13146,118381,72682,1,95,5,98
3484,FL,"Lakeland-Winter Haven, FL MSA",2p4c,1797,1529,1602,1857,1033,1439,1263,10519,21564,18342,19226,22278,12390,17267,15156,126223,72682,1,95,5,98
3485,PA,"Lancaster, PA MSA",1p0c,986,369,1051,405,421,0,748,3981,11832,4431,12617,4865,5049,0,8981,47775,100685,0,,,
3485,PA,"Lancaster, PA MSA",1p1c,1393,541,1345,644,601,1050,1110,6683,16716,6497,16134,7723,7207,12595,13324,80196,100685,0,,,
3485,PA,"Lancaster, PA MSA",1p2c,1393,798,1473,882,680,1957,1545,8729,16716,9581,17681,10581,8165,23483,18539,104746,100685,0,,,
3485,PA,"Lancaster, PA MSA",1p3c,1820,1064,1561,1120,895,2236,2087,10784,21840,12767,18731,13439,10745,26833,25048,129403,100685,0,,,
3485,PA,"Lancaster, PA MSA",1p4c,1820,1303,1623,1184,970,2236,2306,11441,21840,15631,19473,14210,11634,26833,27666,137288,100685,0,,,
3485,PA,"Lancaster, PA MSA",2p0c,1106,677,1294,811,554,0,900,5341,13272,8123,15527,9729,6643,0,10801,64096,100685,0,,,
3485,PA,"Lancaster, PA MSA",2p1c,1393,840,1417,1049,693,1050,1205,7647,16716,10079,17003,12588,8319,12595,14458,91759,100685,0,,,
3485,PA,"Lancaster, PA MSA",2p2c,1393,1068,1500,1287,764,1957,1432,9402,16716,12817,18001,15446,9169,23483,17187,112820,100685,0,,,
3485,PA,"Lancaster, PA MSA",2p3c,1820,1303,1559,1525,970,2236,1827,11239,21840,15637,18703,18304,11635,26833,21920,134872,100685,0,,,
3485,PA,"Lancaster, PA MSA",2p4c,1820,1595,1672,1590,1060,2236,2104,12076,21840,19139,20066,19074,12723,26833,25242,144917,100685,0,,,
3486,MI,"Shiawassee County, MI HUD Metro FMR Area",1p0c,714,321,1102,397,321,0,624,3479,8568,3854,13223,4767,3857,0,7485,41753,81933,0,,,
3486,MI,"Shiawassee County, MI HUD Metro FMR Area",1p1c,943,471,1348,620,439,821,792,5434,11316,5651,16181,7444,5268,9847,9505,65213,81933,0,,,
3486,MI,"Shiawassee County, MI HUD Metro FMR Area",1p2c,943,695,1484,844,508,1527,1020,7020,11316,8334,17809,10122,6101,18318,12238,84238,81933,0,,,
3486,MI,"Shiawassee County, MI HUD Metro FMR Area",1p3c,1264,925,1648,1067,680,1744,1400,8727,15168,11105,19773,12799,8157,20925,16794,104720,81933,0,,,
3486,MI,"Shiawassee County, MI HUD Metro FMR Area",1p4c,1264,1133,1719,1128,744,1744,1593,9325,15168,13596,20626,13536,8930,20925,19120,111901,81933,0,,,
3486,MI,"Shiawassee County, MI HUD Metro FMR Area",2p0c,719,589,1295,794,406,0,715,4518,8628,7066,15534,9533,4872,0,8585,54218,81933,0,,,
3486,MI,"Shiawassee County, MI HUD Metro FMR Area",2p1c,943,731,1422,1018,520,821,933,6387,11316,8767,17063,12211,6235,9847,11199,76638,81933,0,,,
3486,MI,"Shiawassee County, MI HUD Metro FMR Area",2p2c,943,929,1579,1241,581,1527,1045,7845,11316,11149,18951,14888,6975,18318,12543,94139,81933,0,,,
3486,MI,"Shiawassee County, MI HUD Metro FMR Area",2p3c,1264,1133,1646,1464,744,1744,1229,9224,15168,13601,19746,17566,8932,20925,14750,110687,81933,0,,,
3486,MI,"Shiawassee County, MI HUD Metro FMR Area",2p4c,1264,1387,1699,1525,823,1744,1396,9839,15168,16647,20388,18303,9878,20925,16753,118062,81933,0,,,
3487,MI,"Lansing-East Lansing, MI HUD Metro FMR Area",1p0c,870,346,1018,407,378,0,651,3671,10440,4156,12215,4889,4532,0,7817,44048,95081.38708,0,,,
3487,MI,"Lansing-East Lansing, MI HUD Metro FMR Area",1p1c,1127,508,1303,637,508,670,816,5569,13524,6094,15641,7640,6091,8037,9797,66823,95081.38708,0,,,
3487,MI,"Lansing-East Lansing, MI HUD Metro FMR Area",1p2c,1127,749,1430,866,582,1257,1025,7036,13524,8986,17165,10391,6989,15079,12299,84433,95081.38708,0,,,
3487,MI,"Lansing-East Lansing, MI HUD Metro FMR Area",1p3c,1465,998,1518,1095,765,1437,1373,8651,17580,11974,18210,13142,9176,17246,16481,103808,95081.38708,0,,,
3487,MI,"Lansing-East Lansing, MI HUD Metro FMR Area",1p4c,1465,1222,1579,1157,834,1437,1573,9267,17580,14660,18952,13888,10010,17246,18872,111208,95081.38708,0,,,
3487,MI,"Lansing-East Lansing, MI HUD Metro FMR Area",2p0c,905,635,1257,815,478,0,790,4880,10860,7619,15087,9778,5737,0,9478,58559,95081.38708,0,,,
3487,MI,"Lansing-East Lansing, MI HUD Metro FMR Area",2p1c,1127,788,1378,1044,595,670,983,6584,13524,9453,16538,12529,7134,8037,11793,79008,95081.38708,0,,,
3487,MI,"Lansing-East Lansing, MI HUD Metro FMR Area",2p2c,1127,1002,1461,1273,661,1257,1039,7820,13524,12021,17528,15280,7931,15079,12470,93834,95081.38708,0,,,
3487,MI,"Lansing-East Lansing, MI HUD Metro FMR Area",2p3c,1465,1222,1519,1503,834,1437,1223,9203,17580,14665,18229,18031,10011,17246,14676,110439,95081.38708,0,,,
3487,MI,"Lansing-East Lansing, MI HUD Metro FMR Area",2p4c,1465,1496,1566,1565,919,1437,1399,9846,17580,17950,18787,18777,11031,17246,16782,118153,95081.38708,0,,,
3488,TX,"Laredo, TX MSA",1p0c,953,300,1075,554,389,0,605,3875,11436,3600,12897,6650,4668,0,7254,46504,67929,0,,,
3488,TX,"Laredo, TX MSA",1p1c,1173,440,1255,872,501,593,617,5450,14076,5279,15054,10458,6009,7118,7400,65394,67929,0,,,
3488,TX,"Laredo, TX MSA",1p2c,1173,649,1355,1189,566,1156,717,6803,14076,7785,16254,14267,6787,13870,8601,81641,67929,0,,,
3488,TX,"Laredo, TX MSA",1p3c,1493,864,1426,1506,732,1329,986,8337,17916,10373,17115,18076,8783,15948,11834,100046,67929,0,,,
3488,TX,"Laredo, TX MSA",1p4c,1493,1058,1545,1581,792,1329,1185,8983,17916,12700,18538,18975,9506,15948,14218,107800,67929,0,,,
3488,TX,"Laredo, TX MSA",2p0c,959,550,1209,1108,469,0,659,4954,11508,6600,14508,13299,5622,0,7905,59443,67929,0,,,
3488,TX,"Laredo, TX MSA",2p1c,1173,682,1306,1426,576,593,743,6499,14076,8189,15669,17108,6913,7118,8919,77992,67929,0,,,
3488,TX,"Laredo, TX MSA",2p2c,1173,868,1375,1743,634,1156,762,7711,14076,10414,16499,20917,7604,13870,9148,92528,67929,0,,,
3488,TX,"Laredo, TX MSA",2p3c,1493,1059,1491,2061,792,1329,916,9141,17916,12705,17897,24726,9507,15948,10996,109695,67929,0,,,
3488,TX,"Laredo, TX MSA",2p4c,1493,1296,1534,2135,866,1329,1057,9710,17916,15551,18410,25624,10390,15948,12678,116517,67929,0,,,
3489,NM,"Las Cruces, NM MSA",1p0c,741,326,1018,681,331,0,690,3787,8892,3912,12212,8166,3975,0,8281,45438,62040,0,,,
3489,NM,"Las Cruces, NM MSA",1p1c,1041,478,1206,1083,472,808,891,5978,12492,5736,14467,13000,5659,9691,10689,71735,62040,0,,,
3489,NM,"Las Cruces, NM MSA",1p2c,1041,705,1315,1486,542,1470,1239,7798,12492,8458,15779,17834,6505,17641,14862,93572,62040,0,,,
3489,NM,"Las Cruces, NM MSA",1p3c,1447,939,1396,1889,741,1674,1794,9879,17364,11271,16746,22668,8890,20087,21522,118549,62040,0,,,
3489,NM,"Las Cruces, NM MSA",1p4c,1447,1150,1454,1982,806,1674,2014,10527,17364,13800,17451,23779,9675,20087,24162,126318,62040,0,,,
3489,NM,"Las Cruces, NM MSA",2p0c,940,598,1159,1361,477,0,857,5392,11280,7171,13910,16333,5729,0,10282,64704,62040,0,,,
3489,NM,"Las Cruces, NM MSA",2p1c,1041,742,1264,1764,553,808,1100,7271,12492,8898,15162,21166,6641,9691,13205,87256,62040,0,,,
3489,NM,"Las Cruces, NM MSA",2p2c,1041,943,1340,2167,616,1470,1260,8837,12492,11315,16082,26000,7392,17641,15120,106042,62040,0,,,
3489,NM,"Las Cruces, NM MSA",2p3c,1447,1150,1396,2570,806,1674,1667,10710,17364,13804,16750,30834,9677,20087,20004,128521,62040,0,,,
3489,NM,"Las Cruces, NM MSA",2p4c,1447,1408,1508,2662,886,1674,1920,11505,17364,16896,18096,31946,10637,20087,23034,138060,62040,0,,,
3490,NV,"Las Vegas-Henderson-Paradise, NV MSA",1p0c,1316,349,1007,410,517,0,685,4284,15792,4189,12082,4925,6203,0,8218,51409,86678,1,44,6,86
3490,NV,"Las Vegas-Henderson-Paradise, NV MSA",1p1c,1750,512,1235,652,702,1162,993,7006,21000,6142,14814,7818,8427,13947,11921,84070,86678,1,44,6,86
3490,NV,"Las Vegas-Henderson-Paradise, NV MSA",1p2c,1750,755,1417,893,778,2239,1444,9276,21000,9057,17009,10712,9332,26869,17329,111308,86678,1,44,6,86
3490,NV,"Las Vegas-Henderson-Paradise, NV MSA",1p3c,2452,1006,1507,1134,1074,2570,2078,11820,29424,12069,18081,13606,12882,30845,24938,141845,86678,1,44,6,86
3490,NV,"Las Vegas-Henderson-Paradise, NV MSA",1p4c,2452,1231,1571,1207,1144,2570,2281,12456,29424,14777,18847,14479,13723,30845,27377,149472,86678,1,44,6,86
3490,NV,"Las Vegas-Henderson-Paradise, NV MSA",2p0c,1476,640,1186,821,657,0,777,5557,17712,7679,14233,9850,7883,0,9329,66686,86678,1,44,6,86
3490,NV,"Las Vegas-Henderson-Paradise, NV MSA",2p1c,1750,794,1363,1062,790,1162,1028,7949,21000,9528,16354,12743,9478,13947,12339,95389,86678,1,44,6,86
3490,NV,"Las Vegas-Henderson-Paradise, NV MSA",2p2c,1750,1010,1448,1303,857,2239,1270,9877,21000,12116,17370,15637,10282,26869,15245,118519,86678,1,44,6,86
3490,NV,"Las Vegas-Henderson-Paradise, NV MSA",2p3c,2452,1232,1508,1544,1144,2570,1768,12218,29424,14782,18093,18531,13725,30845,21215,146614,86678,1,44,6,86
3490,NV,"Las Vegas-Henderson-Paradise, NV MSA",2p4c,2452,1508,1556,1617,1229,2570,1973,12906,29424,18092,18672,19404,14753,30845,23678,154867,86678,1,44,6,86
3491,KS,"Lawrence, KS MSA",1p0c,846,380,1003,492,381,0,749,3850,10152,4558,12035,5903,4567,0,8987,46203,105884,0,,,
3491,KS,"Lawrence, KS MSA",1p1c,1138,557,1278,772,526,731,931,5934,13656,6684,15337,9261,6315,8776,11173,71202,105884,0,,,
3491,KS,"Lawrence, KS MSA",1p2c,1138,821,1397,1052,608,1149,1126,7291,13656,9856,16760,12618,7300,13789,13514,87493,105884,0,,,
3491,KS,"Lawrence, KS MSA",1p3c,1595,1094,1477,1331,835,1278,1646,9257,19140,13133,17720,15976,10020,15332,19757,111078,105884,0,,,
3491,KS,"Lawrence, KS MSA",1p4c,1595,1340,1595,1400,911,1278,1935,10054,19140,16079,19145,16797,10935,15332,23215,120642,105884,0,,,
3491,KS,"Lawrence, KS MSA",2p0c,955,696,1233,984,513,0,879,5260,11460,8356,14801,11806,6152,0,10545,63121,105884,0,,,
3491,KS,"Lawrence, KS MSA",2p1c,1138,864,1347,1264,622,731,1085,7050,13656,10368,16164,15163,7459,8776,13018,84604,105884,0,,,
3491,KS,"Lawrence, KS MSA",2p2c,1138,1099,1423,1543,694,1149,1125,8172,13656,13185,17079,18521,8333,13789,13498,98061,105884,0,,,
3491,KS,"Lawrence, KS MSA",2p3c,1595,1340,1539,1823,911,1278,1497,9984,19140,16085,18469,21879,10936,15332,17963,119804,105884,0,,,
3491,KS,"Lawrence, KS MSA",2p4c,1595,1641,1583,1892,1005,1278,1732,10724,19140,19687,18995,22699,12055,15332,20783,128692,105884,0,,,
3492,OK,"Lawton, OK HUD Metro FMR Area",1p0c,745,330,1034,515,334,0,692,3650,8940,3958,12410,6176,4004,0,8307,43796,71670,0,,,
3492,OK,"Lawton, OK HUD Metro FMR Area",1p1c,962,484,1278,808,449,916,874,5770,11544,5804,15330,9701,5386,10994,10482,69241,71670,0,,,
3492,OK,"Lawton, OK HUD Metro FMR Area",1p2c,962,713,1472,1102,520,1515,1157,7441,11544,8558,17658,13227,6241,18182,13879,89289,71670,0,,,
3492,OK,"Lawton, OK HUD Metro FMR Area",1p3c,1348,950,1567,1396,714,1700,1669,9344,16176,11404,18808,16752,8563,20394,20029,112125,71670,0,,,
3492,OK,"Lawton, OK HUD Metro FMR Area",1p4c,1348,1164,1636,1468,780,1700,1909,10004,16176,13962,19632,17616,9357,20394,22913,120050,71670,0,,,
3492,OK,"Lawton, OK HUD Metro FMR Area",2p0c,750,605,1228,1029,421,0,769,4801,9000,7256,14730,12352,5047,0,9222,57608,71670,0,,,
3492,OK,"Lawton, OK HUD Metro FMR Area",2p1c,962,750,1414,1323,532,916,1069,6965,11544,9003,16963,15877,6379,10994,12822,83584,71670,0,,,
3492,OK,"Lawton, OK HUD Metro FMR Area",2p2c,962,954,1503,1617,595,1515,1166,8313,11544,11449,18040,19403,7139,18182,13997,99753,71670,0,,,
3492,OK,"Lawton, OK HUD Metro FMR Area",2p3c,1348,1164,1567,1911,780,1700,1507,9976,16176,13967,18807,22928,9359,20394,18079,119709,71670,0,,,
3492,OK,"Lawton, OK HUD Metro FMR Area",2p4c,1348,1425,1619,1983,861,1700,1726,10660,16176,17096,19424,23792,10330,20394,20710,127921,71670,0,,,
3493,OK,"Cotton County, OK HUD Metro FMR Area",1p0c,706,335,1225,469,323,0,725,3783,8472,4015,14699,5627,3877,0,8703,45394,78656,0,,,
3493,OK,"Cotton County, OK HUD Metro FMR Area",1p1c,910,491,1504,735,435,905,901,5881,10920,5888,18052,8824,5219,10856,10810,70570,78656,0,,,
3493,OK,"Cotton County, OK HUD Metro FMR Area",1p2c,910,724,1661,1002,507,1496,1164,7463,10920,8683,19927,12021,6086,17953,13967,89558,78656,0,,,
3493,OK,"Cotton County, OK HUD Metro FMR Area",1p3c,1096,964,1846,1268,640,1678,1562,9054,13152,11570,22148,15218,7676,20137,18745,108645,78656,0,,,
3493,OK,"Cotton County, OK HUD Metro FMR Area",1p4c,1096,1181,1929,1337,707,1678,1810,9737,13152,14166,23143,16041,8481,20137,21719,116840,78656,0,,,
3493,OK,"Cotton County, OK HUD Metro FMR Area",2p0c,711,614,1436,938,411,0,794,4904,8532,7362,17235,11255,4935,0,9529,58848,78656,0,,,
3493,OK,"Cotton County, OK HUD Metro FMR Area",2p1c,910,761,1583,1204,519,905,1064,6945,10920,9134,18990,14452,6226,10856,12762,83341,78656,0,,,
3493,OK,"Cotton County, OK HUD Metro FMR Area",2p2c,910,968,1760,1471,583,1496,1180,8368,10920,11616,21120,17649,6997,17953,14160,100415,78656,0,,,
3493,OK,"Cotton County, OK HUD Metro FMR Area",2p3c,1096,1181,1837,1737,707,1678,1397,9633,13152,14171,22044,20845,8483,20137,16766,115598,78656,0,,,
3493,OK,"Cotton County, OK HUD Metro FMR Area",2p4c,1096,1445,1900,1806,789,1678,1617,10331,13152,17345,22794,21669,9468,20137,19407,123972,78656,0,,,
3494,PA,"Lebanon, PA MSA",1p0c,918,346,1055,509,393,0,745,3965,11016,4154,12655,6109,4710,0,8937,47581,91891,0,,,
3494,PA,"Lebanon, PA MSA",1p1c,1269,508,1291,809,552,977,1038,6444,15228,6091,15490,9712,6619,11726,12461,77327,91891,0,,,
3494,PA,"Lebanon, PA MSA",1p2c,1269,749,1479,1110,626,1836,1488,8556,15228,8982,17742,13315,7517,22034,17852,102669,91891,0,,,
3494,PA,"Lebanon, PA MSA",1p3c,1611,997,1568,1410,810,2100,1980,10476,19332,11969,18817,16917,9718,25205,23756,125715,91891,0,,,
3494,PA,"Lebanon, PA MSA",1p4c,1611,1221,1632,1482,879,2100,2212,11137,19332,14654,19581,17780,10552,25205,26538,133643,91891,0,,,
3494,PA,"Lebanon, PA MSA",2p0c,999,635,1239,1018,507,0,887,5286,11988,7616,14870,12218,6086,0,10649,63427,91891,0,,,
3494,PA,"Lebanon, PA MSA",2p1c,1269,787,1420,1318,639,977,1196,7607,15228,9449,17045,15821,7662,11726,14349,91279,91891,0,,,
3494,PA,"Lebanon, PA MSA",2p2c,1269,1001,1505,1619,705,1836,1418,9353,15228,12016,18062,19423,8459,22034,17016,112238,91891,0,,,
3494,PA,"Lebanon, PA MSA",2p3c,1611,1222,1565,1919,879,2100,1769,11066,19332,14659,18782,23026,10553,25205,21232,132791,91891,0,,,
3494,PA,"Lebanon, PA MSA",2p4c,1611,1495,1613,1991,964,2100,2006,11780,19332,17943,19357,23888,11573,25205,24067,141365,91891,0,,,
3495,ID,"Lewiston, ID-WA MSA",1p0c,915,409,1108,388,411,0,790,4022,10980,4911,13294,4657,4934,0,9485,48261,88177.98993,0,,,
3495,ID,"Lewiston, ID-WA MSA",1p1c,1208,600,1347,616,561,845,939,6116,14496,7202,16166,7391,6737,10140,11266,73397,88177.98993,0,,,
3495,ID,"Lewiston, ID-WA MSA",1p2c,1208,885,1480,844,650,1606,1316,7988,14496,10620,17764,10125,7798,19269,15790,95861,88177.98993,0,,,
3495,ID,"Lewiston, ID-WA MSA",1p3c,1693,1179,1641,1072,892,1840,1989,10305,20316,14151,19686,12858,10701,22078,23869,123660,88177.98993,0,,,
3495,ID,"Lewiston, ID-WA MSA",1p4c,1693,1444,1711,1143,974,1840,2261,11065,20316,17326,20533,13711,11687,22078,27128,132780,88177.98993,0,,,
3495,ID,"Lewiston, ID-WA MSA",2p0c,921,750,1285,776,519,0,791,5042,11052,9004,15416,9315,6227,0,9486,60500,88177.98993,0,,,
3495,ID,"Lewiston, ID-WA MSA",2p1c,1208,931,1410,1004,664,845,1072,7134,14496,11172,16914,12048,7969,10140,12868,85607,88177.98993,0,,,
3495,ID,"Lewiston, ID-WA MSA",2p2c,1208,1184,1564,1232,743,1606,1247,8783,14496,14207,18762,14782,8911,19269,14966,105394,88177.98993,0,,,
3495,ID,"Lewiston, ID-WA MSA",2p3c,1693,1444,1629,1460,974,1840,1705,10745,20316,17332,19550,17516,11689,22078,20460,128940,88177.98993,0,,,
3495,ID,"Lewiston, ID-WA MSA",2p4c,1693,1768,1682,1531,1075,1840,1997,11585,20316,21214,20188,18369,12894,22078,23962,139021,88177.98993,0,,,
3496,WA,"Lewiston, ID-WA MSA",1p0c,915,409,1108,388,411,0,595,3826,10980,4911,13294,4657,4934,0,7137,45913,88177.98993,,,,
3496,WA,"Lewiston, ID-WA MSA",1p1c,1208,600,1347,616,561,845,706,5884,14496,7202,16166,7391,6737,10140,8472,70603,88177.98993,,,,
3496,WA,"Lewiston, ID-WA MSA",1p2c,1208,885,1480,844,650,1606,939,7612,14496,10620,17764,10125,7798,19269,11270,91341,88177.98993,,,,
3496,WA,"Lewiston, ID-WA MSA",1p3c,1693,1179,1641,1072,892,1840,1418,9734,20316,14151,19686,12858,10701,22078,17014,116805,88177.98993,,,,
3496,WA,"Lewiston, ID-WA MSA",1p4c,1693,1444,1711,1143,974,1840,1641,10445,20316,17326,20533,13711,11687,22078,19688,125340,88177.98993,,,,
3496,WA,"Lewiston, ID-WA MSA",2p0c,921,750,1285,776,519,0,648,4899,11052,9004,15416,9315,6227,0,7776,58790,88177.98993,,,,
3496,WA,"Lewiston, ID-WA MSA",2p1c,1208,931,1410,1004,664,845,818,6880,14496,11172,16914,12048,7969,10140,9815,82555,88177.98993,,,,
3496,WA,"Lewiston, ID-WA MSA",2p2c,1208,1184,1564,1232,743,1606,914,8450,14496,14207,18762,14782,8911,19269,10968,101395,88177.98993,,,,
3496,WA,"Lewiston, ID-WA MSA",2p3c,1693,1444,1629,1460,974,1840,1188,10228,20316,17332,19550,17516,11689,22078,14255,122735,88177.98993,,,,
3496,WA,"Lewiston, ID-WA MSA",2p4c,1693,1768,1682,1531,1075,1840,1403,10991,20316,21214,20188,18369,12894,22078,16831,131891,88177.98993,,,,
3497,ME,"Lewiston-Auburn, ME MSA",1p0c,898,371,1053,559,394,0,794,4069,10776,4454,12634,6703,4728,0,9528,48823,83794,0,,,
3497,ME,"Lewiston-Auburn, ME MSA",1p1c,1268,544,1274,889,563,870,1072,6479,15216,6531,15282,10662,6752,10443,12861,77747,83794,0,,,
3497,ME,"Lewiston-Auburn, ME MSA",1p2c,1268,803,1395,1218,643,1605,1507,8438,15216,9631,16734,14620,7714,19264,18081,101261,83794,0,,,
3497,ME,"Lewiston-Auburn, ME MSA",1p3c,1663,1070,1543,1548,848,1832,2150,10654,19956,12834,18520,18579,10180,21978,25800,127847,83794,0,,,
3497,ME,"Lewiston-Auburn, ME MSA",1p4c,1663,1309,1607,1624,923,1832,2443,11400,19956,15713,19280,19485,11074,21978,29313,136800,83794,0,,,
3497,ME,"Lewiston-Auburn, ME MSA",2p0c,994,681,1221,1117,520,0,884,5416,11928,8166,14653,13406,6239,0,10605,64996,83794,0,,,
3497,ME,"Lewiston-Auburn, ME MSA",2p1c,1268,844,1335,1447,656,870,1188,7609,15216,10132,16025,17365,7870,10443,14253,91303,83794,0,,,
3497,ME,"Lewiston-Auburn, ME MSA",2p2c,1268,1074,1479,1777,727,1605,1435,9365,15216,12884,17752,21324,8724,19264,17217,112381,83794,0,,,
3497,ME,"Lewiston-Auburn, ME MSA",2p3c,1663,1310,1539,2107,923,1832,1894,11267,19956,15718,18466,25282,11076,21978,22729,135205,83794,0,,,
3497,ME,"Lewiston-Auburn, ME MSA",2p4c,1663,1603,1587,2182,1014,1832,2192,12073,19956,19239,19043,26188,12169,21978,26301,144874,83794,0,,,
3498,KY,"Lexington-Fayette, KY MSA",1p0c,799,343,1030,444,354,0,747,3716,9588,4111,12355,5326,4253,0,8958,44590,94748.08029,0,,,
3498,KY,"Lexington-Fayette, KY MSA",1p1c,1165,502,1334,695,518,798,1008,6020,13980,6028,16010,8342,6212,9572,12098,72242,94748.08029,0,,,
3498,KY,"Lexington-Fayette, KY MSA",1p2c,1165,741,1469,947,592,1517,1349,7779,13980,8889,17630,11359,7100,18200,16189,93347,94748.08029,0,,,
3498,KY,"Lexington-Fayette, KY MSA",1p3c,1583,987,1561,1198,798,1738,1882,9746,18996,11844,18733,14375,9575,20854,22579,116957,94748.08029,0,,,
3498,KY,"Lexington-Fayette, KY MSA",1p4c,1583,1208,1626,1265,867,1738,2115,10401,18996,14501,19513,15177,10400,20854,25375,124816,94748.08029,0,,,
3498,KY,"Lexington-Fayette, KY MSA",2p0c,982,628,1288,888,500,0,954,5240,11784,7536,15456,10652,5998,0,11449,62875,94748.08029,0,,,
3498,KY,"Lexington-Fayette, KY MSA",2p1c,1165,779,1417,1139,604,798,1177,7079,13980,9350,17002,13669,7243,9572,14125,84942,94748.08029,0,,,
3498,KY,"Lexington-Fayette, KY MSA",2p2c,1165,991,1504,1390,669,1517,1308,8544,13980,11891,18050,16685,8032,18200,15693,102531,94748.08029,0,,,
3498,KY,"Lexington-Fayette, KY MSA",2p3c,1583,1209,1566,1642,867,1738,1683,10287,18996,14506,18787,19701,10402,20854,20199,123446,94748.08029,0,,,
3498,KY,"Lexington-Fayette, KY MSA",2p4c,1583,1480,1614,1709,951,1738,1917,10992,18996,17755,19371,20503,11410,20854,23008,131898,94748.08029,0,,,
3499,OH,"Lima, OH MSA",1p0c,788,310,1050,480,341,0,606,3574,9456,3715,12595,5756,4089,0,7277,42889,80766,0,,,
3499,OH,"Lima, OH MSA",1p1c,1040,454,1275,752,464,720,724,5429,12480,5448,15298,9026,5566,8638,8690,65147,80766,0,,,
3499,OH,"Lima, OH MSA",1p2c,1040,670,1459,1025,531,1227,879,6829,12480,8034,17504,12296,6369,14722,10545,81950,80766,0,,,
3499,OH,"Lima, OH MSA",1p3c,1262,892,1547,1297,669,1383,1130,8180,15144,10706,18568,15565,8026,16594,13558,98160,80766,0,,,
3499,OH,"Lima, OH MSA",1p4c,1262,1092,1611,1365,731,1383,1322,8765,15144,13108,19329,16375,8771,16594,15864,105185,80766,0,,,
3499,OH,"Lima, OH MSA",2p0c,793,568,1225,959,422,0,671,4639,9516,6812,14704,11512,5069,0,8055,55668,80766,0,,,
3499,OH,"Lima, OH MSA",2p1c,1040,704,1403,1232,542,720,872,6513,12480,8452,16838,14782,6499,8638,10465,78153,80766,0,,,
3499,OH,"Lima, OH MSA",2p2c,1040,896,1487,1504,601,1227,914,7669,12480,10748,17847,18052,7212,14722,10970,92031,80766,0,,,
3499,OH,"Lima, OH MSA",2p3c,1262,1093,1547,1777,731,1383,1033,8825,15144,13112,18567,21321,8773,16594,12392,105902,80766,0,,,
3499,OH,"Lima, OH MSA",2p4c,1262,1337,1596,1844,807,1383,1198,9427,15144,16049,19147,22131,9685,16594,14370,113120,80766,0,,,
3500,NE,"Lincoln, NE HUD Metro FMR Area",1p0c,815,360,1000,544,365,0,707,3790,9780,4316,12003,6524,4376,0,8478,45478,98694,0,,,
3500,NE,"Lincoln, NE HUD Metro FMR Area",1p1c,1125,527,1273,855,513,1039,1014,6346,13500,6328,15270,10254,6156,12471,12168,76147,98694,0,,,
3500,NE,"Lincoln, NE HUD Metro FMR Area",1p2c,1125,778,1390,1165,591,1937,1545,8531,13500,9332,16681,13984,7089,23243,18538,102366,98694,0,,,
3500,NE,"Lincoln, NE HUD Metro FMR Area",1p3c,1576,1036,1470,1476,811,2213,2227,10809,18912,12435,17634,17713,9732,26558,26724,129709,98694,0,,,
3500,NE,"Lincoln, NE HUD Metro FMR Area",1p4c,1576,1269,1525,1548,883,2213,2483,11497,18912,15224,18302,18579,10598,26558,29790,137963,98694,0,,,
3500,NE,"Lincoln, NE HUD Metro FMR Area",2p0c,910,659,1229,1087,487,0,816,5189,10920,7912,14742,13048,5847,0,9795,62263,98694,0,,,
3500,NE,"Lincoln, NE HUD Metro FMR Area",2p1c,1125,818,1342,1398,603,1039,1140,7465,13500,9817,16098,16778,7239,12471,13679,89582,98694,0,,,
3500,NE,"Lincoln, NE HUD Metro FMR Area",2p2c,1125,1040,1418,1709,672,1937,1427,9328,13500,12484,17011,20508,8067,23243,17128,111941,98694,0,,,
3500,NE,"Lincoln, NE HUD Metro FMR Area",2p3c,1576,1269,1471,2020,883,2213,1965,11398,18912,15229,17648,24238,10600,26558,23585,136770,98694,0,,,
3500,NE,"Lincoln, NE HUD Metro FMR Area",2p4c,1576,1553,1577,2092,972,2213,2271,12254,18912,18641,18926,25104,11659,26558,27246,147046,98694,0,,,
3501,NE,"Seward County, NE HUD Metro FMR Area",1p0c,686,360,1200,544,325,0,717,3831,8232,4316,14395,6524,3896,0,8608,45971,105659,0,,,
3501,NE,"Seward County, NE HUD Metro FMR Area",1p1c,942,527,1563,855,456,824,934,6101,11304,6328,18754,10254,5474,9885,11210,73209,105659,0,,,
3501,NE,"Seward County, NE HUD Metro FMR Area",1p2c,942,778,1724,1165,534,1622,1415,8180,11304,9332,20687,13984,6407,19467,16979,98158,105659,0,,,
3501,NE,"Seward County, NE HUD Metro FMR Area",1p3c,1320,1036,1832,1476,732,1868,2043,10307,15840,12435,21983,17713,8779,22415,24514,123679,105659,0,,,
3501,NE,"Seward County, NE HUD Metro FMR Area",1p4c,1320,1269,1982,1548,804,1868,2340,11131,15840,15224,23789,18579,9645,22415,28078,133570,105659,0,,,
3501,NE,"Seward County, NE HUD Metro FMR Area",2p0c,718,659,1498,1087,428,0,822,5212,8616,7912,17972,13048,5131,0,9863,62543,105659,0,,,
3501,NE,"Seward County, NE HUD Metro FMR Area",2p1c,942,818,1649,1398,546,824,1088,7266,11304,9817,19791,16778,6557,9885,13057,87189,105659,0,,,
3501,NE,"Seward County, NE HUD Metro FMR Area",2p2c,942,1040,1750,1709,615,1622,1319,8998,11304,12484,21003,20508,7385,19467,15822,107973,105659,0,,,
3501,NE,"Seward County, NE HUD Metro FMR Area",2p3c,1320,1269,1895,2020,804,1868,1819,10995,15840,15229,22744,24238,9646,22415,21823,131935,105659,0,,,
3501,NE,"Seward County, NE HUD Metro FMR Area",2p4c,1320,1553,1953,2092,892,1868,2091,11769,15840,18641,23436,25104,10705,22415,25091,141231,105659,0,,,
3502,AR,"Little Rock-North Little Rock-Conway, AR HUD Metro FMR Area",1p0c,887,343,1052,481,382,0,752,3896,10644,4114,12625,5770,4582,0,9022,46757,84627.44841,1,97,54,89
3502,AR,"Little Rock-North Little Rock-Conway, AR HUD Metro FMR Area",1p1c,1032,503,1286,754,477,672,873,5597,12384,6033,15434,9052,5718,8063,10475,67158,84627.44841,1,97,54,89
3502,AR,"Little Rock-North Little Rock-Conway, AR HUD Metro FMR Area",1p2c,1032,741,1475,1028,551,1223,1131,7180,12384,8896,17694,12334,6607,14671,13574,86160,84627.44841,1,97,54,89
3502,AR,"Little Rock-North Little Rock-Conway, AR HUD Metro FMR Area",1p3c,1376,988,1565,1301,734,1392,1653,9009,16512,11855,18778,15616,8807,16705,19832,108104,84627.44841,1,97,54,89
3502,AR,"Little Rock-North Little Rock-Conway, AR HUD Metro FMR Area",1p4c,1376,1210,1629,1371,803,1392,1913,9694,16512,14514,19552,16450,9633,16705,22957,116322,84627.44841,1,97,54,89
3502,AR,"Little Rock-North Little Rock-Conway, AR HUD Metro FMR Area",2p0c,892,629,1239,962,472,0,804,4997,10704,7543,14870,11540,5665,0,9648,59969,84627.44841,1,97,54,89
3502,AR,"Little Rock-North Little Rock-Conway, AR HUD Metro FMR Area",2p1c,1032,780,1421,1235,563,672,999,6702,12384,9359,17055,14822,6750,8063,11987,80419,84627.44841,1,97,54,89
3502,AR,"Little Rock-North Little Rock-Conway, AR HUD Metro FMR Area",2p2c,1032,992,1507,1509,628,1223,1086,7976,12384,11901,18083,18104,7540,14671,13027,95710,84627.44841,1,97,54,89
3502,AR,"Little Rock-North Little Rock-Conway, AR HUD Metro FMR Area",2p3c,1376,1210,1568,1782,803,1392,1355,9485,16512,14519,18814,21386,9634,16705,16255,113824,84627.44841,1,97,54,89
3502,AR,"Little Rock-North Little Rock-Conway, AR HUD Metro FMR Area",2p4c,1376,1481,1616,1852,887,1392,1580,10184,16512,17771,19397,22220,10644,16705,18963,122211,84627.44841,1,97,54,89
3503,AR,"Grant County, AR HUD Metro FMR Area",1p0c,704,351,1215,481,328,0,729,3807,8448,4212,14576,5770,3930,0,8749,45685,93335,0,,,
3503,AR,"Grant County, AR HUD Metro FMR Area",1p1c,848,515,1488,754,423,672,865,5564,10176,6176,17851,9052,5077,8063,10375,66769,93335,0,,,
3503,AR,"Grant County, AR HUD Metro FMR Area",1p2c,848,759,1637,1028,499,1223,1103,7097,10176,9107,19644,12334,5987,14671,13238,85158,93335,0,,,
3503,AR,"Grant County, AR HUD Metro FMR Area",1p3c,1094,1011,1817,1301,654,1392,1601,8870,13128,12136,21798,15616,7844,16705,19208,106434,93335,0,,,
3503,AR,"Grant County, AR HUD Metro FMR Area",1p4c,1094,1238,1895,1371,724,1392,1871,9585,13128,14858,22737,16450,8689,16705,22455,115022,93335,0,,,
3503,AR,"Grant County, AR HUD Metro FMR Area",2p0c,708,643,1426,962,420,0,792,4951,8496,7721,17106,11540,5035,0,9509,59407,93335,0,,,
3503,AR,"Grant County, AR HUD Metro FMR Area",2p1c,848,798,1566,1235,511,672,975,6606,10176,9580,18794,14822,6134,8063,11703,79271,93335,0,,,
3503,AR,"Grant County, AR HUD Metro FMR Area",2p2c,848,1015,1739,1509,579,1223,1093,8005,10176,12183,20869,18104,6942,14671,13116,96061,93335,0,,,
3503,AR,"Grant County, AR HUD Metro FMR Area",2p3c,1094,1239,1812,1782,724,1392,1314,9357,13128,14863,21746,21386,8690,16705,15762,112280,93335,0,,,
3503,AR,"Grant County, AR HUD Metro FMR Area",2p4c,1094,1516,1871,1852,810,1392,1546,10081,13128,18192,22455,22220,9724,16705,18553,120976,93335,0,,,
3504,ID,"Logan, UT-ID MSA",1p0c,914,344,1192,601,391,0,862,4303,10968,4130,14299,7210,4688,0,10344,51638,88429.5278,0,,,
3504,ID,"Logan, UT-ID MSA",1p1c,1169,505,1425,926,520,822,1031,6397,14028,6057,17095,11111,6236,9865,12367,76759,88429.5278,0,,,
3504,ID,"Logan, UT-ID MSA",1p2c,1169,744,1615,1251,594,1623,1503,8499,14028,8932,19380,15012,7128,19471,18036,101987,88429.5278,0,,,
3504,ID,"Logan, UT-ID MSA",1p3c,1638,992,1703,1576,817,1869,2145,10740,19656,11902,20441,18914,9798,22427,25745,128883,88429.5278,0,,,
3504,ID,"Logan, UT-ID MSA",1p4c,1638,1214,1766,1628,886,1869,2384,11384,19656,14572,21196,19531,10627,22427,28605,136613,88429.5278,0,,,
3504,ID,"Logan, UT-ID MSA",2p0c,920,631,1365,1202,482,0,915,5514,11040,7573,16377,14419,5779,0,10974,66162,88429.5278,0,,,
3504,ID,"Logan, UT-ID MSA",2p1c,1169,783,1550,1527,606,822,1213,7671,14028,9396,18605,18321,7272,9865,14559,92047,88429.5278,0,,,
3504,ID,"Logan, UT-ID MSA",2p2c,1169,996,1635,1852,672,1623,1444,9391,14028,11948,19622,22222,8065,19471,17330,112687,88429.5278,0,,,
3504,ID,"Logan, UT-ID MSA",2p3c,1638,1215,1695,2177,886,1869,1949,11428,19656,14577,20342,26124,10628,22427,23386,137139,88429.5278,0,,,
3504,ID,"Logan, UT-ID MSA",2p4c,1638,1487,1743,2228,970,1869,2198,12133,19656,17842,20918,26740,11642,22427,26376,145600,88429.5278,0,,,
3505,UT,"Logan, UT-ID MSA",1p0c,914,344,1192,601,391,0,872,4313,10968,4130,14299,7210,4688,0,10467,51761,88429.5278,,,,
3505,UT,"Logan, UT-ID MSA",1p1c,1169,505,1425,926,520,822,1109,6475,14028,6057,17095,11111,6236,9865,13307,77699,88429.5278,,,,
3505,UT,"Logan, UT-ID MSA",1p2c,1169,744,1615,1251,594,1623,1643,8639,14028,8932,19380,15012,7128,19471,19715,103667,88429.5278,,,,
3505,UT,"Logan, UT-ID MSA",1p3c,1638,992,1703,1576,817,1869,2311,10906,19656,11902,20441,18914,9798,22427,27734,130871,88429.5278,,,,
3505,UT,"Logan, UT-ID MSA",1p4c,1638,1214,1766,1628,886,1869,2547,11548,19656,14572,21196,19531,10627,22427,30569,138576,88429.5278,,,,
3505,UT,"Logan, UT-ID MSA",2p0c,920,631,1365,1202,482,0,948,5547,11040,7573,16377,14419,5779,0,11371,66559,88429.5278,,,,
3505,UT,"Logan, UT-ID MSA",2p1c,1169,783,1550,1527,606,822,1289,7746,14028,9396,18605,18321,7272,9865,15469,92957,88429.5278,,,,
3505,UT,"Logan, UT-ID MSA",2p2c,1169,996,1635,1852,672,1623,1570,9517,14028,11948,19622,22222,8065,19471,18845,114202,88429.5278,,,,
3505,UT,"Logan, UT-ID MSA",2p3c,1638,1215,1695,2177,886,1869,2112,11591,19656,14577,20342,26124,10628,22427,25343,139096,88429.5278,,,,
3505,UT,"Logan, UT-ID MSA",2p4c,1638,1487,1743,2228,970,1869,2358,12293,19656,17842,20918,26740,11642,22427,28296,147520,88429.5278,,,,
3506,TX,"Longview, TX HUD Metro FMR Area",1p0c,989,317,1075,423,405,0,590,3799,11868,3802,12905,5077,4865,0,7074,45592,77017.89701,0,,,
3506,TX,"Longview, TX HUD Metro FMR Area",1p1c,1193,465,1289,662,515,583,586,5291,14316,5575,15462,7945,6176,6996,7027,63496,77017.89701,0,,,
3506,TX,"Longview, TX HUD Metro FMR Area",1p2c,1193,685,1408,901,583,1141,659,6569,14316,8222,16892,10812,6997,13688,7905,78831,77017.89701,0,,,
3506,TX,"Longview, TX HUD Metro FMR Area",1p3c,1621,913,1493,1140,787,1312,950,8215,19452,10955,17913,13679,9441,15747,11396,98583,77017.89701,0,,,
3506,TX,"Longview, TX HUD Metro FMR Area",1p4c,1621,1118,1623,1205,850,1312,1154,8883,19452,13413,19474,14462,10204,15747,13846,106597,77017.89701,0,,,
3506,TX,"Longview, TX HUD Metro FMR Area",2p0c,995,581,1239,846,489,0,623,4773,11940,6970,14863,10154,5871,0,7479,57277,77017.89701,0,,,
3506,TX,"Longview, TX HUD Metro FMR Area",2p1c,1193,721,1352,1085,594,583,687,6215,14316,8649,16223,13022,7130,6996,8249,74584,77017.89701,0,,,
3506,TX,"Longview, TX HUD Metro FMR Area",2p2c,1193,917,1433,1324,655,1141,692,7354,14316,10998,17190,15889,7859,13688,8309,88250,77017.89701,0,,,
3506,TX,"Longview, TX HUD Metro FMR Area",2p3c,1621,1118,1559,1563,850,1312,853,8877,19452,13418,18709,18756,10205,15747,10231,106518,77017.89701,0,,,
3506,TX,"Longview, TX HUD Metro FMR Area",2p4c,1621,1369,1609,1628,928,1312,995,9462,19452,16423,19303,19539,11138,15747,11938,113540,77017.89701,0,,,
3507,TX,"Harrison County, TX HUD Metro FMR Area",1p0c,820,318,1153,423,353,0,555,3623,9840,3819,13838,5077,4241,0,6657,43472,80735,0,,,
3507,TX,"Harrison County, TX HUD Metro FMR Area",1p1c,1196,467,1385,662,516,583,611,5420,14352,5601,16621,7945,6195,6996,7330,65039,80735,0,,,
3507,TX,"Harrison County, TX HUD Metro FMR Area",1p2c,1196,688,1515,901,585,1141,697,6723,14352,8259,18183,10812,7020,13688,8360,80673,80735,0,,,
3507,TX,"Harrison County, TX HUD Metro FMR Area",1p3c,1441,917,1608,1140,732,1312,901,8052,17292,11005,19297,13679,8785,15747,10814,96620,80735,0,,,
3507,TX,"Harrison County, TX HUD Metro FMR Area",1p4c,1441,1123,1748,1205,796,1312,1108,8733,17292,13474,20978,14462,9552,15747,13291,104796,80735,0,,,
3507,TX,"Harrison County, TX HUD Metro FMR Area",2p0c,912,584,1329,846,464,0,620,4755,10944,7002,15950,10154,5572,0,7436,57058,80735,0,,,
3507,TX,"Harrison County, TX HUD Metro FMR Area",2p1c,1196,724,1452,1085,596,583,714,6350,14352,8688,17422,13022,7153,6996,8567,76200,80735,0,,,
3507,TX,"Harrison County, TX HUD Metro FMR Area",2p2c,1196,921,1539,1324,657,1141,721,7498,14352,11048,18468,15889,7886,13688,8649,89979,80735,0,,,
3507,TX,"Harrison County, TX HUD Metro FMR Area",2p3c,1441,1123,1675,1563,796,1312,817,8727,17292,13478,20095,18756,9553,15747,9805,104727,80735,0,,,
3507,TX,"Harrison County, TX HUD Metro FMR Area",2p4c,1441,1375,1728,1628,874,1312,959,9318,17292,16498,20736,19539,10491,15747,11513,111816,80735,0,,,
3508,TX,"Rusk County, TX HUD Metro FMR Area",1p0c,832,305,1192,443,353,0,569,3693,9984,3658,14305,5312,4235,0,6824,44318,83000,0,,,
3508,TX,"Rusk County, TX HUD Metro FMR Area",1p1c,1102,447,1445,693,481,583,597,5347,13224,5364,17334,8320,5771,6996,7159,64167,83000,0,,,
3508,TX,"Rusk County, TX HUD Metro FMR Area",1p2c,1102,659,1586,944,547,1141,681,6659,13224,7910,19029,11328,6561,13688,8171,79910,83000,0,,,
3508,TX,"Rusk County, TX HUD Metro FMR Area",1p3c,1396,878,1759,1195,706,1312,942,8188,16752,10540,21109,14335,8473,15747,11299,98255,83000,0,,,
3508,TX,"Rusk County, TX HUD Metro FMR Area",1p4c,1396,1075,1835,1261,767,1312,1117,8764,16752,12904,22017,15136,9207,15747,13406,105169,83000,0,,,
3508,TX,"Rusk County, TX HUD Metro FMR Area",2p0c,840,559,1386,885,434,0,612,4716,10080,6706,16626,10624,5212,0,7344,56591,83000,0,,,
3508,TX,"Rusk County, TX HUD Metro FMR Area",2p1c,1102,693,1519,1136,557,583,703,6293,13224,8321,18222,13632,6689,6996,8432,75515,83000,0,,,
3508,TX,"Rusk County, TX HUD Metro FMR Area",2p2c,1102,882,1686,1387,616,1141,729,7542,13224,10581,20227,16639,7391,13688,8751,90500,83000,0,,,
3508,TX,"Rusk County, TX HUD Metro FMR Area",2p3c,1396,1076,1756,1637,767,1312,828,8773,16752,12908,21076,19647,9209,15747,9935,105274,83000,0,,,
3508,TX,"Rusk County, TX HUD Metro FMR Area",2p4c,1396,1317,1814,1704,842,1312,968,9353,16752,15800,21767,20448,10106,15747,11617,112236,83000,0,,,
3509,WA,"Longview, WA MSA",1p0c,963,361,1092,413,411,0,597,3836,11556,4327,13101,4954,4931,0,7160,46030,86738,0,,,
3509,WA,"Longview, WA MSA",1p1c,1404,529,1355,656,600,1262,919,6724,16848,6345,16258,7866,7201,15143,11029,80690,86738,0,,,
3509,WA,"Longview, WA MSA",1p2c,1404,780,1562,898,678,2233,1319,8874,16848,9357,18743,10777,8136,26800,15827,106488,86738,0,,,
3509,WA,"Longview, WA MSA",1p3c,1967,1039,1666,1141,933,2532,1860,11139,23604,12468,19996,13688,11199,30387,22323,133665,86738,0,,,
3509,WA,"Longview, WA MSA",1p4c,1967,1272,1741,1214,1006,2532,2073,11805,23604,15265,20894,14563,12068,30387,24879,141660,86738,0,,,
3509,WA,"Longview, WA MSA",2p0c,1186,661,1291,826,574,0,718,5256,14232,7933,15495,9909,6882,0,8618,63068,86738,0,,,
3509,WA,"Longview, WA MSA",2p1c,1404,820,1490,1068,691,1262,983,7717,16848,9843,17874,12820,8287,15143,11792,92606,86738,0,,,
3509,WA,"Longview, WA MSA",2p2c,1404,1043,1587,1311,760,2233,1178,9516,16848,12517,19047,15731,9117,26800,14134,114195,86738,0,,,
3509,WA,"Longview, WA MSA",2p3c,1967,1273,1657,1554,1006,2532,1572,11560,23604,15270,19884,18643,12069,30387,18864,138721,86738,0,,,
3509,WA,"Longview, WA MSA",2p4c,1967,1558,1713,1627,1094,2532,1785,12276,23604,18691,20555,19518,13131,30387,21422,147308,86738,0,,,
3510,CA,"Los Angeles-Long Beach-Glendale, CA HUD Metro FMR Area",1p0c,1856,367,1004,398,690,0,1213,5528,22272,4408,12042,4775,8283,0,14555,66335,98839,1,16,8,57
3510,CA,"Los Angeles-Long Beach-Glendale, CA HUD Metro FMR Area",1p1c,2625,539,1265,632,982,1141,1864,9048,31500,6464,15183,7579,11787,13687,22373,108571,98839,1,16,8,57
3510,CA,"Los Angeles-Long Beach-Glendale, CA HUD Metro FMR Area",1p2c,2625,794,1455,865,1062,2147,2667,11615,31500,9531,17454,10382,12739,25767,32005,139379,98839,1,16,8,57
3510,CA,"Los Angeles-Long Beach-Glendale, CA HUD Metro FMR Area",1p3c,3335,1058,1545,1099,1364,2457,3452,14310,40020,12701,18537,13186,16368,29484,41424,171721,98839,1,16,8,57
3510,CA,"Los Angeles-Long Beach-Glendale, CA HUD Metro FMR Area",1p4c,3335,1296,1607,1171,1438,2457,3641,14944,40020,15550,19288,14048,17253,29484,43689,179332,98839,1,16,8,57
3510,CA,"Los Angeles-Long Beach-Glendale, CA HUD Metro FMR Area",2p0c,2081,673,1219,796,855,0,1109,6733,24972,8081,14628,9550,10262,0,13308,80801,98839,1,16,8,57
3510,CA,"Los Angeles-Long Beach-Glendale, CA HUD Metro FMR Area",2p1c,2625,836,1402,1030,1074,1141,1722,9829,31500,10027,16820,12354,12893,13687,20666,117947,98839,1,16,8,57
3510,CA,"Los Angeles-Long Beach-Glendale, CA HUD Metro FMR Area",2p2c,2625,1063,1487,1263,1145,2147,2268,11998,31500,12751,17847,15157,13739,25767,27211,143972,98839,1,16,8,57
3510,CA,"Los Angeles-Long Beach-Glendale, CA HUD Metro FMR Area",2p3c,3335,1296,1546,1497,1438,2457,3093,14662,40020,15555,18554,17961,17255,29484,37115,175944,98839,1,16,8,57
3510,CA,"Los Angeles-Long Beach-Glendale, CA HUD Metro FMR Area",2p4c,3335,1587,1592,1569,1528,2457,3355,15422,40020,19039,19104,18823,18336,29484,40262,185069,98839,1,16,8,57
3511,CA,"Santa Ana-Anaheim-Irvine, CA HUD Metro FMR Area",1p0c,2352,381,1135,478,848,0,1759,6953,28224,4569,13620,5737,10181,0,21106,83438,128689,1,7,37,11
3511,CA,"Santa Ana-Anaheim-Irvine, CA HUD Metro FMR Area",1p1c,2903,558,1479,760,1075,1287,2463,10524,34836,6700,17746,9118,12896,15442,29552,126290,128689,1,7,37,11
3511,CA,"Santa Ana-Anaheim-Irvine, CA HUD Metro FMR Area",1p2c,2903,823,1626,1042,1157,2497,3345,13393,34836,9881,19517,12498,13883,29962,40135,160712,128689,1,7,37,11
3511,CA,"Santa Ana-Anaheim-Irvine, CA HUD Metro FMR Area",1p3c,3927,1097,1721,1323,1560,2869,4578,17076,47124,13166,20657,15878,18718,34429,54938,204911,128689,1,7,37,11
3511,CA,"Santa Ana-Anaheim-Irvine, CA HUD Metro FMR Area",1p4c,3927,1343,1787,1401,1636,2869,4915,17878,47124,16120,21439,16810,19635,34429,58974,214533,128689,1,7,37,11
3511,CA,"Santa Ana-Anaheim-Irvine, CA HUD Metro FMR Area",2p0c,2454,698,1424,956,979,0,1416,7927,29448,8377,17090,11475,11744,0,16994,95127,128689,1,7,37,11
3511,CA,"Santa Ana-Anaheim-Irvine, CA HUD Metro FMR Area",2p1c,2903,866,1564,1238,1170,1287,2241,11269,34836,10394,18769,14855,14043,15442,26892,135231,128689,1,7,37,11
3511,CA,"Santa Ana-Anaheim-Irvine, CA HUD Metro FMR Area",2p2c,2903,1102,1654,1520,1243,2497,3018,13936,34836,13218,19842,18235,14919,29962,36215,167227,128689,1,7,37,11
3511,CA,"Santa Ana-Anaheim-Irvine, CA HUD Metro FMR Area",2p3c,3927,1344,1715,1801,1636,2869,4210,17502,47124,16125,20575,21615,19637,34429,50514,210020,128689,1,7,37,11
3511,CA,"Santa Ana-Anaheim-Irvine, CA HUD Metro FMR Area",2p4c,3927,1645,1761,1879,1730,2869,4509,18320,47124,19737,21137,22548,20759,34429,54107,219841,128689,1,7,37,11
3512,IN,"Louisville, KY-IN HUD Metro FMR Area",1p0c,1003,346,1037,424,419,0,740,3969,12036,4157,12440,5088,5027,0,8884,47633,92107.13691,1,73,47,72
3512,IN,"Louisville, KY-IN HUD Metro FMR Area",1p1c,1330,508,1335,664,571,902,986,6295,15960,6096,16019,7962,6848,10826,11831,75541,92107.13691,1,73,47,72
3512,IN,"Louisville, KY-IN HUD Metro FMR Area",1p2c,1330,749,1467,903,646,1714,1339,8147,15960,8989,17601,10835,7746,20564,16071,97765,92107.13691,1,73,47,72
3512,IN,"Louisville, KY-IN HUD Metro FMR Area",1p3c,1714,998,1557,1142,842,1963,1803,10019,20568,11978,18679,13709,10105,23560,21631,120228,92107.13691,1,73,47,72
3512,IN,"Louisville, KY-IN HUD Metro FMR Area",1p4c,1714,1222,1620,1207,912,1963,2019,10657,20568,14665,19438,14488,10939,23560,24231,127889,92107.13691,1,73,47,72
3512,IN,"Louisville, KY-IN HUD Metro FMR Area",2p0c,1094,635,1289,848,537,0,881,5284,13128,7621,15466,10177,6442,0,10572,63406,92107.13691,1,73,47,72
3512,IN,"Louisville, KY-IN HUD Metro FMR Area",2p1c,1330,788,1415,1088,658,902,1115,7295,15960,9456,16977,13050,7891,10826,13376,87537,92107.13691,1,73,47,72
3512,IN,"Louisville, KY-IN HUD Metro FMR Area",2p2c,1330,1002,1500,1327,724,1714,1260,8857,15960,12025,18002,15924,8689,20564,15117,106280,92107.13691,1,73,47,72
3512,IN,"Louisville, KY-IN HUD Metro FMR Area",2p3c,1714,1223,1560,1566,912,1963,1580,10518,20568,14670,18722,18797,10940,23560,18960,126217,92107.13691,1,73,47,72
3512,IN,"Louisville, KY-IN HUD Metro FMR Area",2p4c,1714,1496,1676,1631,997,1963,1821,11298,20568,17956,20110,19576,11961,23560,21846,135578,92107.13691,1,73,47,72
3513,KY,"Louisville, KY-IN HUD Metro FMR Area",1p0c,1003,346,1037,424,419,0,832,4061,12036,4157,12440,5088,5027,0,9980,48728,92107.13691,,,,
3513,KY,"Louisville, KY-IN HUD Metro FMR Area",1p1c,1330,508,1335,664,571,902,1133,6443,15960,6096,16019,7962,6848,10826,13601,77311,92107.13691,,,,
3513,KY,"Louisville, KY-IN HUD Metro FMR Area",1p2c,1330,749,1467,903,646,1714,1554,8362,15960,8989,17601,10835,7746,20564,18646,100341,92107.13691,,,,
3513,KY,"Louisville, KY-IN HUD Metro FMR Area",1p3c,1714,998,1557,1142,842,1963,2074,10290,20568,11978,18679,13709,10105,23560,24885,123483,92107.13691,,,,
3513,KY,"Louisville, KY-IN HUD Metro FMR Area",1p4c,1714,1222,1620,1207,912,1963,2320,10958,20568,14665,19438,14488,10939,23560,27837,131495,92107.13691,,,,
3513,KY,"Louisville, KY-IN HUD Metro FMR Area",2p0c,1094,635,1289,848,537,0,993,5396,13128,7621,15466,10177,6442,0,11912,64746,92107.13691,,,,
3513,KY,"Louisville, KY-IN HUD Metro FMR Area",2p1c,1330,788,1415,1088,658,902,1269,7449,15960,9456,16977,13050,7891,10826,15224,89385,92107.13691,,,,
3513,KY,"Louisville, KY-IN HUD Metro FMR Area",2p2c,1330,1002,1500,1327,724,1714,1449,9046,15960,12025,18002,15924,8689,20564,17382,108546,92107.13691,,,,
3513,KY,"Louisville, KY-IN HUD Metro FMR Area",2p3c,1714,1223,1560,1566,912,1963,1849,10787,20568,14670,18722,18797,10940,23560,22182,129440,92107.13691,,,,
3513,KY,"Louisville, KY-IN HUD Metro FMR Area",2p4c,1714,1496,1676,1631,997,1963,2130,11608,20568,17956,20110,19576,11961,23560,25565,139296,92107.13691,,,,
3514,IN,"Washington County, IN HUD Metro FMR Area",1p0c,755,289,1150,361,324,0,636,3515,9060,3462,13802,4337,3888,0,7635,42182,78025,0,,,
3514,IN,"Washington County, IN HUD Metro FMR Area",1p1c,996,423,1413,563,441,855,779,5470,11952,5076,16960,6757,5287,10262,9349,65643,78025,0,,,
3514,IN,"Washington County, IN HUD Metro FMR Area",1p2c,996,624,1558,765,503,1520,947,6913,11952,7485,18699,9177,6035,18239,11368,82955,78025,0,,,
3514,IN,"Washington County, IN HUD Metro FMR Area",1p3c,1200,831,1731,966,631,1724,1210,8294,14400,9974,20774,11597,7568,20693,14517,99523,78025,0,,,
3514,IN,"Washington County, IN HUD Metro FMR Area",1p4c,1200,1018,1807,1025,689,1724,1391,8854,14400,12212,21687,12302,8262,20693,16689,106246,78025,0,,,
3514,IN,"Washington County, IN HUD Metro FMR Area",2p0c,759,529,1354,723,400,0,693,4457,9108,6346,16244,8673,4798,0,8315,53485,78025,0,,,
3514,IN,"Washington County, IN HUD Metro FMR Area",2p1c,996,656,1490,924,513,855,893,6327,11952,7874,17876,11093,6156,10262,10713,75926,78025,0,,,
3514,IN,"Washington County, IN HUD Metro FMR Area",2p2c,996,835,1656,1126,568,1520,975,7675,11952,10014,19869,13513,6820,18239,11696,92102,78025,0,,,
3514,IN,"Washington County, IN HUD Metro FMR Area",2p3c,1200,1018,1727,1328,689,1724,1061,8747,14400,12216,20719,15933,8264,20693,12737,104963,78025,0,,,
3514,IN,"Washington County, IN HUD Metro FMR Area",2p4c,1200,1246,1784,1387,759,1724,1216,9316,14400,14952,21405,16639,9113,20693,14588,111791,78025,0,,,
3515,KY,"Shelby County, KY HUD Metro FMR Area",1p0c,929,333,1188,440,392,0,849,4130,11148,3992,14253,5277,4701,0,10183,49554,97901,0,,,
3515,KY,"Shelby County, KY HUD Metro FMR Area",1p1c,1149,488,1529,689,508,669,1014,6046,13788,5854,18347,8263,6098,8023,12173,72547,97901,0,,,
3515,KY,"Shelby County, KY HUD Metro FMR Area",1p2c,1149,719,1680,938,580,1275,1302,7643,13788,8633,20155,11250,6961,15297,15628,91711,97901,0,,,
3515,KY,"Shelby County, KY HUD Metro FMR Area",1p3c,1448,959,1782,1186,747,1461,1717,9300,17376,11504,21378,14237,8966,17535,20609,111605,97901,0,,,
3515,KY,"Shelby County, KY HUD Metro FMR Area",1p4c,1448,1174,1854,1253,814,1461,1963,9967,17376,14085,22246,15034,9768,17535,23555,119599,97901,0,,,
3515,KY,"Shelby County, KY HUD Metro FMR Area",2p0c,1032,610,1470,879,510,0,1025,5526,12384,7319,17643,10553,6117,0,12300,66316,97901,0,,,
3515,KY,"Shelby County, KY HUD Metro FMR Area",2p1c,1149,757,1612,1128,592,669,1179,7086,13788,9082,19348,13540,7100,8023,14146,85026,97901,0,,,
3515,KY,"Shelby County, KY HUD Metro FMR Area",2p2c,1149,962,1708,1377,656,1275,1272,8399,13788,11549,20495,16526,7866,15297,15261,100782,97901,0,,,
3515,KY,"Shelby County, KY HUD Metro FMR Area",2p3c,1448,1174,1775,1626,814,1461,1537,9836,17376,14089,21304,19513,9769,17535,18448,118034,97901,0,,,
3515,KY,"Shelby County, KY HUD Metro FMR Area",2p4c,1448,1437,1904,1693,896,1461,1799,10638,17376,17245,22851,20311,10749,17535,21587,127654,97901,0,,,
3516,TX,"Lubbock, TX HUD Metro FMR Area",1p0c,832,335,1008,506,362,0,549,3591,9984,4015,12097,6071,4346,0,6583,43097,82050.60982,0,,,
3516,TX,"Lubbock, TX HUD Metro FMR Area",1p1c,1192,491,1208,794,522,679,630,5517,14304,5888,14494,9532,6269,8152,7558,66198,82050.60982,0,,,
3516,TX,"Lubbock, TX HUD Metro FMR Area",1p2c,1192,724,1318,1083,595,1328,768,7007,14304,8683,15810,12994,7137,15938,9217,84084,82050.60982,0,,,
3516,TX,"Lubbock, TX HUD Metro FMR Area",1p3c,1658,964,1458,1371,814,1528,1183,8976,19896,11570,17493,16456,9769,18334,14190,107710,82050.60982,0,,,
3516,TX,"Lubbock, TX HUD Metro FMR Area",1p4c,1658,1181,1516,1443,881,1528,1368,9574,19896,14166,18190,17313,10575,18334,16417,114891,82050.60982,0,,,
3516,TX,"Lubbock, TX HUD Metro FMR Area",2p0c,1007,614,1167,1012,503,0,661,4963,12084,7362,14002,12141,6037,0,7926,59552,82050.60982,0,,,
3516,TX,"Lubbock, TX HUD Metro FMR Area",2p1c,1192,761,1272,1300,606,679,757,6567,14304,9134,15258,15603,7277,8152,9079,78806,82050.60982,0,,,
3516,TX,"Lubbock, TX HUD Metro FMR Area",2p2c,1192,968,1408,1589,671,1328,813,7968,14304,11616,16895,19065,8047,15938,9755,95621,82050.60982,0,,,
3516,TX,"Lubbock, TX HUD Metro FMR Area",2p3c,1658,1181,1463,1877,881,1528,1035,9623,19896,14171,17555,22527,10577,18334,12419,115479,82050.60982,0,,,
3516,TX,"Lubbock, TX HUD Metro FMR Area",2p4c,1658,1445,1508,1949,964,1528,1192,10243,19896,17345,18092,23383,11562,18334,14301,122913,82050.60982,0,,,
3517,TX,"Lynn County, TX HUD Metro FMR Area",1p0c,652,335,1197,506,306,0,537,3533,7824,4015,14362,6071,3676,0,6445,42393,75469,0,,,
3517,TX,"Lynn County, TX HUD Metro FMR Area",1p1c,933,491,1458,794,442,679,608,5406,11196,5888,17500,9532,5304,8152,7297,64870,75469,0,,,
3517,TX,"Lynn County, TX HUD Metro FMR Area",1p2c,933,724,1605,1083,514,1328,750,6937,11196,8683,19254,12994,6172,15938,9004,83242,75469,0,,,
3517,TX,"Lynn County, TX HUD Metro FMR Area",1p3c,1268,964,1708,1371,693,1528,1067,8599,15216,11570,20501,16456,8316,18334,12798,103193,75469,0,,,
3517,TX,"Lynn County, TX HUD Metro FMR Area",1p4c,1268,1181,1860,1443,760,1528,1293,9332,15216,14166,22318,17313,9122,18334,15513,111982,75469,0,,,
3517,TX,"Lynn County, TX HUD Metro FMR Area",2p0c,742,614,1396,1012,421,0,632,4815,8904,7362,16747,12141,5050,0,7578,57782,75469,0,,,
3517,TX,"Lynn County, TX HUD Metro FMR Area",2p1c,933,761,1533,1300,526,679,738,6470,11196,9134,18398,15603,6312,8152,8851,77645,75469,0,,,
3517,TX,"Lynn County, TX HUD Metro FMR Area",2p2c,933,968,1630,1589,590,1328,784,7823,11196,11616,19564,19065,7082,15938,9413,93874,75469,0,,,
3517,TX,"Lynn County, TX HUD Metro FMR Area",2p3c,1268,1181,1777,1877,760,1528,970,9361,15216,14171,21320,22527,9124,18334,11640,112332,75469,0,,,
3517,TX,"Lynn County, TX HUD Metro FMR Area",2p4c,1268,1445,1836,1949,842,1528,1129,9997,15216,17345,22032,23383,10109,18334,13548,119967,75469,0,,,
3518,VA,"Lynchburg, VA MSA",1p0c,1043,346,1092,403,431,0,848,4164,12516,4155,13107,4839,5176,0,10175,49969,82818.10869,0,,,
3518,VA,"Lynchburg, VA MSA",1p1c,1200,508,1336,630,530,557,916,5677,14400,6093,16026,7564,6363,6689,10986,68121,82818.10869,0,,,
3518,VA,"Lynchburg, VA MSA",1p2c,1200,749,1531,857,605,1130,1160,7232,14400,8985,18374,10289,7260,13556,13922,86785,82818.10869,0,,,
3518,VA,"Lynchburg, VA MSA",1p3c,1647,998,1626,1085,821,1306,1665,9147,19764,11973,19513,13014,9853,15668,19984,109769,82818.10869,0,,,
3518,VA,"Lynchburg, VA MSA",1p4c,1647,1222,1694,1148,891,1306,1913,9820,19764,14659,20327,13779,10687,15668,22957,117841,82818.10869,0,,,
3518,VA,"Lynchburg, VA MSA",2p0c,1062,635,1283,807,527,0,907,5220,12744,7618,15391,9678,6322,0,10888,62641,82818.10869,0,,,
3518,VA,"Lynchburg, VA MSA",2p1c,1200,788,1471,1034,617,557,1046,6713,14400,9452,17656,12403,7405,6689,12553,80558,82818.10869,0,,,
3518,VA,"Lynchburg, VA MSA",2p2c,1200,1002,1561,1261,684,1130,1122,7958,14400,12020,18733,15128,8203,13556,13461,95500,82818.10869,0,,,
3518,VA,"Lynchburg, VA MSA",2p3c,1647,1222,1625,1488,891,1306,1433,9611,19764,14664,19498,17853,10689,15668,17197,115333,82818.10869,0,,,
3518,VA,"Lynchburg, VA MSA",2p4c,1647,1496,1676,1552,976,1306,1657,10309,19764,17948,20112,18618,11709,15668,19889,123708,82818.10869,0,,,
3519,GA,"Macon-Bibb County, GA HUD Metro FMR Area",1p0c,1014,344,1035,450,422,0,828,4092,12168,4133,12419,5394,5061,0,9930,49104,70497.95716,0,,,
3519,GA,"Macon-Bibb County, GA HUD Metro FMR Area",1p1c,1252,505,1239,704,546,634,932,5812,15024,6060,14865,8451,6546,7612,11180,69738,70497.95716,0,,,
3519,GA,"Macon-Bibb County, GA HUD Metro FMR Area",1p2c,1252,745,1356,959,620,982,1039,6952,15024,8936,16276,11508,7439,11781,12465,83429,70497.95716,0,,,
3519,GA,"Macon-Bibb County, GA HUD Metro FMR Area",1p3c,1508,992,1442,1214,776,1089,1339,8361,18096,11908,17307,14565,9315,13064,16072,100327,70497.95716,0,,,
3519,GA,"Macon-Bibb County, GA HUD Metro FMR Area",1p4c,1508,1215,1505,1281,845,1089,1553,8996,18096,14579,18060,15371,10145,13064,18640,107955,70497.95716,0,,,
3519,GA,"Macon-Bibb County, GA HUD Metro FMR Area",2p0c,1082,631,1190,899,532,0,932,5266,12984,7576,14285,10788,6383,0,11181,63197,70497.95716,0,,,
3519,GA,"Macon-Bibb County, GA HUD Metro FMR Area",2p1c,1252,783,1302,1154,632,634,1080,6837,15024,9401,15623,13845,7583,7612,12961,82049,70497.95716,0,,,
3519,GA,"Macon-Bibb County, GA HUD Metro FMR Area",2p2c,1252,996,1383,1409,698,982,1071,7791,15024,11955,16599,16902,8376,11781,12853,93489,70497.95716,0,,,
3519,GA,"Macon-Bibb County, GA HUD Metro FMR Area",2p3c,1508,1215,1442,1663,846,1089,1214,8977,18096,14584,17307,19958,10146,13064,14562,107718,70497.95716,0,,,
3519,GA,"Macon-Bibb County, GA HUD Metro FMR Area",2p4c,1508,1488,1559,1730,930,1089,1442,9746,18096,17851,18706,20765,11160,13064,17305,116946,70497.95716,0,,,
3520,GA,"Monroe County, GA HUD Metro FMR Area",1p0c,897,318,1188,450,377,0,816,4046,10764,3819,14261,5394,4528,0,9790,48556,102056,0,,,
3520,GA,"Monroe County, GA HUD Metro FMR Area",1p1c,1099,467,1457,704,486,517,880,5611,13188,5601,17485,8451,5833,6205,10565,67328,102056,0,,,
3520,GA,"Monroe County, GA HUD Metro FMR Area",1p2c,1099,688,1605,959,555,796,937,6639,13188,8259,19254,11508,6659,9551,11245,79663,102056,0,,,
3520,GA,"Monroe County, GA HUD Metro FMR Area",1p3c,1324,917,1782,1214,696,882,1224,8038,15888,11005,21382,14565,8350,10580,14687,96457,102056,0,,,
3520,GA,"Monroe County, GA HUD Metro FMR Area",1p4c,1324,1123,1859,1281,760,882,1429,8658,15888,13474,22309,15371,9116,10580,17153,103891,102056,0,,,
3520,GA,"Monroe County, GA HUD Metro FMR Area",2p0c,955,584,1398,899,478,0,924,5237,11460,7002,16773,10788,5732,0,11091,62846,102056,0,,,
3520,GA,"Monroe County, GA HUD Metro FMR Area",2p1c,1099,724,1536,1154,566,517,1025,6621,13188,8688,18437,13845,6792,6205,12299,79453,102056,0,,,
3520,GA,"Monroe County, GA HUD Metro FMR Area",2p2c,1099,921,1707,1409,627,796,1016,7574,13188,11048,20485,16902,7525,9551,12191,90890,102056,0,,,
3520,GA,"Monroe County, GA HUD Metro FMR Area",2p3c,1324,1123,1779,1663,760,882,1110,8642,15888,13478,21351,19958,9117,10580,13325,103699,102056,0,,,
3520,GA,"Monroe County, GA HUD Metro FMR Area",2p4c,1324,1375,1838,1730,838,882,1293,9279,15888,16498,22050,20765,10055,10580,15515,111351,102056,0,,,
3521,CA,"Madera, CA MSA",1p0c,1099,399,1229,466,465,0,847,4504,13188,4789,14749,5586,5581,0,10158,54051,82186,0,,,
3521,CA,"Madera, CA MSA",1p1c,1433,585,1502,740,627,790,957,6634,17196,7022,18021,8876,7519,9484,11487,79604,82186,0,,,
3521,CA,"Madera, CA MSA",1p2c,1433,863,1652,1014,713,1271,1236,8181,17196,10355,19827,12166,8554,15249,14826,98172,82186,0,,,
3521,CA,"Madera, CA MSA",1p3c,2008,1150,1829,1288,980,1419,2131,10804,24096,13798,21947,15455,11765,17023,25569,129653,82186,0,,,
3521,CA,"Madera, CA MSA",1p4c,2008,1408,1908,1365,1061,1419,2382,11550,24096,16893,22894,16377,12726,17023,28588,138597,82186,0,,,
3521,CA,"Madera, CA MSA",2p0c,1106,732,1423,931,571,0,842,5604,13272,8779,17071,11173,6846,0,10108,67249,82186,0,,,
3521,CA,"Madera, CA MSA",2p1c,1433,908,1563,1205,727,790,1083,7708,17196,10893,18755,14462,8721,9484,12990,92501,82186,0,,,
3521,CA,"Madera, CA MSA",2p2c,1433,1154,1732,1479,803,1271,1210,9083,17196,13852,20782,17752,9640,15249,14519,108990,82186,0,,,
3521,CA,"Madera, CA MSA",2p3c,2008,1408,1805,1754,1061,1419,1758,11212,24096,16899,21657,21042,12728,17023,21100,134545,82186,0,,,
3521,CA,"Madera, CA MSA",2p4c,2008,1724,1864,1830,1159,1419,2039,12042,24096,20684,22363,21963,13903,17023,24468,144501,82186,0,,,
3522,WI,"Madison, WI HUD Metro FMR Area",1p0c,1080,387,1027,386,455,0,810,4145,12960,4639,12322,4635,5464,0,9724,49743,122020,0,,,
3522,WI,"Madison, WI HUD Metro FMR Area",1p1c,1472,567,1275,603,633,1312,1373,7235,17664,6802,15305,7234,7596,15741,16481,86822,122020,0,,,
3522,WI,"Madison, WI HUD Metro FMR Area",1p2c,1472,836,1401,819,717,2351,1967,9562,17664,10030,16807,9833,8598,28212,23605,114748,122020,0,,,
3522,WI,"Madison, WI HUD Metro FMR Area",1p3c,1935,1114,1544,1036,947,2671,2678,11925,23220,13366,18531,12431,11359,32049,32139,143095,122020,0,,,
3522,WI,"Madison, WI HUD Metro FMR Area",1p4c,1935,1364,1604,1097,1024,2671,2891,12585,23220,16364,19244,13158,12290,32049,34689,151014,122020,0,,,
3522,WI,"Madison, WI HUD Metro FMR Area",2p0c,1282,709,1233,773,618,0,911,5525,15384,8504,14797,9270,7417,0,10933,66305,122020,0,,,
3522,WI,"Madison, WI HUD Metro FMR Area",2p1c,1472,879,1353,989,730,1312,1333,8068,17664,10552,16233,11869,8760,15741,15992,96810,122020,0,,,
3522,WI,"Madison, WI HUD Metro FMR Area",2p2c,1472,1118,1492,1206,804,2351,1752,10195,17664,13418,17908,14467,9650,28212,21020,122340,122020,0,,,
3522,WI,"Madison, WI HUD Metro FMR Area",2p3c,1935,1364,1549,1422,1024,2671,2324,12289,23220,16370,18585,17066,12291,32049,27883,147464,122020,0,,,
3522,WI,"Madison, WI HUD Metro FMR Area",2p4c,1935,1670,1593,1483,1119,2671,2599,13069,23220,20036,19113,17793,13430,32049,31186,156827,122020,0,,,
3523,WI,"Columbia County, WI HUD Metro FMR Area",1p0c,745,350,1169,451,340,0,713,3768,8940,4200,14025,5407,4080,0,8560,45212,98242,0,,,
3523,WI,"Columbia County, WI HUD Metro FMR Area",1p1c,1087,513,1517,706,497,963,1077,6360,13044,6159,18201,8468,5962,11558,12924,76317,98242,0,,,
3523,WI,"Columbia County, WI HUD Metro FMR Area",1p2c,1087,757,1671,961,573,1739,1508,8295,13044,9082,20057,11529,6870,20866,18091,99539,98242,0,,,
3523,WI,"Columbia County, WI HUD Metro FMR Area",1p3c,1519,1009,1776,1216,785,1978,2100,10382,18228,12102,21312,14590,9417,23730,25202,124580,98242,0,,,
3523,WI,"Columbia County, WI HUD Metro FMR Area",1p4c,1519,1235,1850,1281,855,1978,2355,11072,18228,14817,22199,15374,10260,23730,28255,132862,98242,0,,,
3523,WI,"Columbia County, WI HUD Metro FMR Area",2p0c,829,642,1456,901,457,0,795,5080,9948,7700,17473,10814,5479,0,9543,60958,98242,0,,,
3523,WI,"Columbia County, WI HUD Metro FMR Area",2p1c,1087,796,1602,1156,585,963,1140,7329,13044,9554,19224,13875,7016,11558,13678,87949,98242,0,,,
3523,WI,"Columbia County, WI HUD Metro FMR Area",2p2c,1087,1013,1700,1411,652,1739,1332,8934,13044,12150,20400,16936,7822,20866,15988,107206,98242,0,,,
3523,WI,"Columbia County, WI HUD Metro FMR Area",2p3c,1519,1235,1769,1666,855,1978,1792,10814,18228,14822,21227,19997,10261,23730,21501,129766,98242,0,,,
3523,WI,"Columbia County, WI HUD Metro FMR Area",2p4c,1519,1512,1898,1732,941,1978,2097,11677,18228,18142,22777,20781,11292,23730,25168,140118,98242,0,,,
3524,WI,"Green County, WI HUD Metro FMR Area",1p0c,698,345,1174,418,324,0,681,3640,8376,4142,14086,5018,3887,0,8166,43675,97889,0,,,
3524,WI,"Green County, WI HUD Metro FMR Area",1p1c,1010,506,1507,654,471,963,995,6106,12120,6074,18085,7846,5649,11558,11937,73270,97889,0,,,
3524,WI,"Green County, WI HUD Metro FMR Area",1p2c,1010,747,1654,890,545,1795,1424,8064,12120,8958,19849,10675,6544,21535,17092,96772,97889,0,,,
3524,WI,"Green County, WI HUD Metro FMR Area",1p3c,1217,995,1754,1125,687,2050,1840,9668,14604,11936,21046,13503,8240,24605,22076,116010,97889,0,,,
3524,WI,"Green County, WI HUD Metro FMR Area",1p4c,1217,1218,1824,1188,756,2050,2078,10332,14604,14614,21893,14258,9071,24605,24936,123982,97889,0,,,
3524,WI,"Green County, WI HUD Metro FMR Area",2p0c,770,633,1447,836,436,0,739,4861,9240,7594,17368,10036,5227,0,8862,58327,97889,0,,,
3524,WI,"Green County, WI HUD Metro FMR Area",2p1c,1010,785,1586,1072,557,963,1064,7037,12120,9423,19031,12865,6688,11558,12764,84449,97889,0,,,
3524,WI,"Green County, WI HUD Metro FMR Area",2p2c,1010,999,1679,1308,624,1795,1245,8659,12120,11983,20152,15693,7483,21535,14938,103904,97889,0,,,
3524,WI,"Green County, WI HUD Metro FMR Area",2p3c,1217,1218,1745,1543,756,2050,1537,10068,14604,14619,20941,18521,9073,24605,18447,120810,97889,0,,,
3524,WI,"Green County, WI HUD Metro FMR Area",2p4c,1217,1491,1871,1606,841,2050,1815,10892,14604,17893,22450,19276,10089,24605,21782,130700,97889,0,,,
3525,WI,"Iowa County, WI HUD Metro FMR Area",1p0c,707,337,1215,452,324,0,706,3740,8484,4039,14574,5423,3888,0,8476,44884,104962,0,,,
3525,WI,"Iowa County, WI HUD Metro FMR Area",1p1c,1031,494,1567,708,473,862,1006,6140,12372,5922,18802,8494,5680,10342,12066,73677,104962,0,,,
3525,WI,"Iowa County, WI HUD Metro FMR Area",1p2c,1031,728,1725,964,546,1637,1419,8050,12372,8733,20698,11565,6553,19649,17029,96599,104962,0,,,
3525,WI,"Iowa County, WI HUD Metro FMR Area",1p3c,1339,970,1833,1220,717,1876,1917,9871,16068,11637,21992,14635,8602,22513,22999,118446,104962,0,,,
3525,WI,"Iowa County, WI HUD Metro FMR Area",1p4c,1339,1187,1909,1285,784,1876,2154,10535,16068,14247,22911,15421,9412,22513,25845,126418,104962,0,,,
3525,WI,"Iowa County, WI HUD Metro FMR Area",2p0c,786,617,1502,904,436,0,781,5026,9432,7404,18026,10847,5227,0,9376,60312,104962,0,,,
3525,WI,"Iowa County, WI HUD Metro FMR Area",2p1c,1031,766,1651,1160,558,862,1082,7109,12372,9187,19810,13917,6693,10342,12989,85310,104962,0,,,
3525,WI,"Iowa County, WI HUD Metro FMR Area",2p2c,1031,974,1752,1416,622,1637,1253,8685,12372,11683,21020,16988,7468,19649,15034,104214,104962,0,,,
3525,WI,"Iowa County, WI HUD Metro FMR Area",2p3c,1339,1188,1823,1672,785,1876,1614,10296,16068,14252,21875,20059,9414,22513,19370,123552,104962,0,,,
3525,WI,"Iowa County, WI HUD Metro FMR Area",2p4c,1339,1454,1880,1737,867,1876,1856,11008,16068,17445,22555,20844,10405,22513,22271,132100,104962,0,,,
3526,NH,"Manchester, NH HUD Metro FMR Area",1p0c,1336,381,1092,345,533,0,706,4393,16032,4569,13099,4143,6396,0,8475,52714,124104,0,,,
3526,NH,"Manchester, NH HUD Metro FMR Area",1p1c,1948,558,1357,547,778,1265,1160,7614,23376,6700,16284,6569,9338,15176,13924,91368,124104,0,,,
3526,NH,"Manchester, NH HUD Metro FMR Area",1p2c,1948,823,1491,750,860,2395,1643,9909,23376,9881,17887,8995,10325,28735,19713,118913,124104,0,,,
3526,NH,"Manchester, NH HUD Metro FMR Area",1p3c,2347,1097,1643,952,1069,2742,2129,11979,28164,13166,19713,11422,12832,32907,25548,143752,124104,0,,,
3526,NH,"Manchester, NH HUD Metro FMR Area",1p4c,2347,1343,1706,1012,1146,2742,2333,12629,28164,16120,20474,12139,13749,32907,27993,151547,124104,0,,,
3526,NH,"Manchester, NH HUD Metro FMR Area",2p0c,1485,698,1308,691,678,0,797,5657,17820,8377,15700,8286,8133,0,9565,67882,124104,0,,,
3526,NH,"Manchester, NH HUD Metro FMR Area",2p1c,1948,866,1435,893,874,1265,1116,8397,23376,10394,17224,10713,10485,15176,13396,100763,124104,0,,,
3526,NH,"Manchester, NH HUD Metro FMR Area",2p2c,1948,1102,1583,1095,947,2395,1435,10504,23376,13218,18991,13139,11361,28735,17222,126043,124104,0,,,
3526,NH,"Manchester, NH HUD Metro FMR Area",2p3c,2347,1344,1642,1297,1146,2742,1797,12315,28164,16125,19708,15565,13751,32907,21565,147785,124104,0,,,
3526,NH,"Manchester, NH HUD Metro FMR Area",2p4c,2347,1645,1689,1357,1239,2742,2010,13029,28164,19737,20266,16282,14872,32907,24120,156349,124104,0,,,
3527,NH,"Nashua, NH HUD Metro FMR Area",1p0c,1458,381,1092,345,571,0,762,4608,17496,4569,13099,4143,6851,0,9142,55300,124104,0,,,
3527,NH,"Nashua, NH HUD Metro FMR Area",1p1c,2126,558,1357,547,833,1265,1260,7947,25512,6700,16284,6569,10001,15176,15115,95358,124104,0,,,
3527,NH,"Nashua, NH HUD Metro FMR Area",1p2c,2126,823,1491,750,916,2395,1750,10250,25512,9881,17887,8995,10988,28735,21001,123000,124104,0,,,
3527,NH,"Nashua, NH HUD Metro FMR Area",1p3c,2824,1097,1643,952,1217,2742,2398,12874,33888,13166,19713,11422,14609,32907,28777,154483,124104,0,,,
3527,NH,"Nashua, NH HUD Metro FMR Area",1p4c,2824,1343,1706,1012,1294,2742,2559,13480,33888,16120,20474,12139,15526,32907,30704,161758,124104,0,,,
3527,NH,"Nashua, NH HUD Metro FMR Area",2p0c,1621,698,1308,691,720,0,841,5879,19452,8377,15700,8286,8640,0,10088,70544,124104,0,,,
3527,NH,"Nashua, NH HUD Metro FMR Area",2p1c,2126,866,1435,893,929,1265,1182,8696,25512,10394,17224,10713,11148,15176,14188,104355,124104,0,,,
3527,NH,"Nashua, NH HUD Metro FMR Area",2p2c,2126,1102,1583,1095,1002,2395,1522,10824,25512,13218,18991,13139,12025,28735,18269,129889,124104,0,,,
3527,NH,"Nashua, NH HUD Metro FMR Area",2p3c,2824,1344,1642,1297,1294,2742,2063,13206,33888,16125,19708,15565,15528,32907,24755,158476,124104,0,,,
3527,NH,"Nashua, NH HUD Metro FMR Area",2p4c,2824,1645,1689,1357,1387,2742,2276,13920,33888,19737,20266,16282,16649,32907,27314,167044,124104,0,,,
3528,NH,"Hillsborough County, NH (part) HUD Metro FMR Area",1p0c,1184,381,1092,345,486,0,658,4145,14208,4569,13099,4143,5830,0,7890,49739,124104,0,,,
3528,NH,"Hillsborough County, NH (part) HUD Metro FMR Area",1p1c,1564,558,1357,547,659,1265,971,6921,18768,6700,16284,6569,7907,15176,11652,83057,124104,0,,,
3528,NH,"Hillsborough County, NH (part) HUD Metro FMR Area",1p2c,1564,823,1491,750,741,2395,1413,9177,18768,9881,17887,8995,8895,28735,16958,110119,124104,0,,,
3528,NH,"Hillsborough County, NH (part) HUD Metro FMR Area",1p3c,1917,1097,1643,952,936,2742,1864,11151,23004,13166,19713,11422,11230,32907,22370,133813,124104,0,,,
3528,NH,"Hillsborough County, NH (part) HUD Metro FMR Area",1p4c,1917,1343,1706,1012,1012,2742,2074,11806,23004,16120,20474,12139,12147,32907,24883,141675,124104,0,,,
3528,NH,"Hillsborough County, NH (part) HUD Metro FMR Area",2p0c,1192,698,1308,691,587,0,703,5179,14304,8377,15700,8286,7042,0,8436,62146,124104,0,,,
3528,NH,"Hillsborough County, NH (part) HUD Metro FMR Area",2p1c,1564,866,1435,893,755,1265,993,7771,18768,10394,17224,10713,9054,15176,11917,93246,124104,0,,,
3528,NH,"Hillsborough County, NH (part) HUD Metro FMR Area",2p2c,1564,1102,1583,1095,828,2395,1256,9821,18768,13218,18991,13139,9931,28735,15073,117855,124104,0,,,
3528,NH,"Hillsborough County, NH (part) HUD Metro FMR Area",2p3c,1917,1344,1642,1297,1012,2742,1558,11513,23004,16125,19708,15565,12149,32907,18694,138153,124104,0,,,
3528,NH,"Hillsborough County, NH (part) HUD Metro FMR Area",2p4c,1917,1645,1689,1357,1106,2742,1770,12226,23004,19737,20266,16282,13270,32907,21245,146712,124104,0,,,
3529,KS,"Geary County, KS HUD Metro FMR Area",1p0c,753,331,1029,482,337,0,691,3623,9036,3969,12348,5787,4038,0,8294,43472,68283,0,,,
3529,KS,"Geary County, KS HUD Metro FMR Area",1p1c,994,485,1243,756,459,731,817,5487,11928,5821,14920,9075,5510,8776,9808,65839,68283,0,,,
3529,KS,"Geary County, KS HUD Metro FMR Area",1p2c,994,715,1361,1030,531,1149,939,6719,11928,8583,16331,12363,6368,13789,11269,80632,68283,0,,,
3529,KS,"Geary County, KS HUD Metro FMR Area",1p3c,1393,953,1506,1304,728,1278,1387,8550,16716,11437,18077,15652,8741,15332,16645,102600,68283,0,,,
3529,KS,"Geary County, KS HUD Metro FMR Area",1p4c,1393,1167,1569,1372,795,1278,1607,9180,16716,14003,18824,16464,9537,15332,19285,110161,68283,0,,,
3529,KS,"Geary County, KS HUD Metro FMR Area",2p0c,758,606,1192,965,424,0,734,4679,9096,7277,14309,11574,5083,0,8807,56147,68283,0,,,
3529,KS,"Geary County, KS HUD Metro FMR Area",2p1c,994,752,1303,1239,542,731,948,6510,11928,9029,15638,14862,6507,8776,11377,78117,68283,0,,,
3529,KS,"Geary County, KS HUD Metro FMR Area",2p2c,994,957,1443,1513,606,1149,994,7656,11928,11482,17320,18150,7268,13789,11932,91870,68283,0,,,
3529,KS,"Geary County, KS HUD Metro FMR Area",2p3c,1393,1167,1501,1787,795,1278,1231,9152,16716,14008,18017,21439,9539,15332,14776,109825,68283,0,,,
3529,KS,"Geary County, KS HUD Metro FMR Area",2p4c,1393,1429,1549,1854,876,1278,1429,9807,16716,17145,18582,22250,10513,15332,17145,117684,68283,0,,,
3530,KS,"Manhattan, KS HUD Metro FMR Area",1p0c,808,385,1063,489,370,0,753,3868,9696,4615,12753,5865,4443,0,9041,46413,90534.49521,0,,,
3530,KS,"Manhattan, KS HUD Metro FMR Area",1p1c,995,564,1367,767,484,698,887,5761,11940,6767,16400,9200,5808,8371,10646,69132,90534.49521,0,,,
3530,KS,"Manhattan, KS HUD Metro FMR Area",1p2c,995,832,1500,1045,567,1127,1077,7143,11940,9979,18004,12535,6805,13529,12924,85718,90534.49521,0,,,
3530,KS,"Manhattan, KS HUD Metro FMR Area",1p3c,1359,1108,1591,1323,766,1260,1525,8932,16308,13297,19090,15871,9192,15117,18305,107179,90534.49521,0,,,
3530,KS,"Manhattan, KS HUD Metro FMR Area",1p4c,1359,1357,1655,1391,843,1260,1781,9645,16308,16280,19857,16688,10118,15117,21371,115739,90534.49521,0,,,
3530,KS,"Manhattan, KS HUD Metro FMR Area",2p0c,813,705,1314,978,471,0,845,5127,9756,8461,15770,11730,5656,0,10145,61518,90534.49521,0,,,
3530,KS,"Manhattan, KS HUD Metro FMR Area",2p1c,995,875,1440,1255,581,698,1044,6887,11940,10498,17282,15065,6966,8371,12522,82644,90534.49521,0,,,
3530,KS,"Manhattan, KS HUD Metro FMR Area",2p2c,995,1113,1525,1533,654,1127,1091,8039,11940,13350,18298,18400,7852,13529,13092,96462,90534.49521,0,,,
3530,KS,"Manhattan, KS HUD Metro FMR Area",2p3c,1359,1357,1584,1811,843,1260,1367,9582,16308,16286,19013,21736,10120,15117,16406,114984,90534.49521,0,,,
3530,KS,"Manhattan, KS HUD Metro FMR Area",2p4c,1359,1661,1699,1879,938,1260,1633,10428,16308,19934,20385,22553,11252,15117,19592,125141,90534.49521,0,,,
3531,MN,"Mankato-North Mankato, MN MSA",1p0c,963,382,1076,483,418,0,786,4107,11556,4581,12914,5800,5010,0,9428,49287,99601.22476,0,,,
3531,MN,"Mankato-North Mankato, MN MSA",1p1c,1174,560,1378,797,538,934,1140,6520,14088,6717,16531,9558,6459,11213,13677,78243,99601.22476,0,,,
3531,MN,"Mankato-North Mankato, MN MSA",1p2c,1174,825,1510,1110,621,1764,1681,8685,14088,9905,18123,13317,7449,21170,20170,104221,99601.22476,0,,,
3531,MN,"Mankato-North Mankato, MN MSA",1p3c,1645,1100,1600,1423,852,2019,2365,11005,19740,13198,19202,17075,10226,24233,28385,132061,99601.22476,0,,,
3531,MN,"Mankato-North Mankato, MN MSA",1p4c,1645,1347,1664,1462,929,2019,2591,11656,19740,16159,19967,17540,11146,24233,31091,139877,99601.22476,0,,,
3531,MN,"Mankato-North Mankato, MN MSA",2p0c,969,700,1326,967,518,0,904,5383,11628,8398,15906,11599,6217,0,10853,64601,99601.22476,0,,,
3531,MN,"Mankato-North Mankato, MN MSA",2p1c,1174,868,1450,1280,634,934,1215,7556,14088,10419,17405,15358,7609,11213,14575,90668,99601.22476,0,,,
3531,MN,"Mankato-North Mankato, MN MSA",2p2c,1174,1104,1535,1593,707,1764,1484,9361,14088,13250,18416,19117,8488,21170,17802,112330,99601.22476,0,,,
3531,MN,"Mankato-North Mankato, MN MSA",2p3c,1645,1347,1594,1906,929,2019,2018,11458,19740,16165,19128,22875,11147,24233,24213,137501,99601.22476,0,,,
3531,MN,"Mankato-North Mankato, MN MSA",2p4c,1645,1649,1709,1945,1023,2019,2296,12285,19740,19785,20504,23340,12272,24233,27549,147423,99601.22476,0,,,
3532,OH,"Mansfield, OH MSA",1p0c,649,329,1037,519,304,0,568,3405,7788,3946,12444,6222,3643,0,6814,40858,74841,0,,,
3532,OH,"Mansfield, OH MSA",1p1c,924,482,1274,814,437,720,708,5359,11088,5787,15286,9771,5239,8638,8498,64308,74841,0,,,
3532,OH,"Mansfield, OH MSA",1p2c,924,711,1465,1110,508,1227,876,6821,11088,8533,17578,13320,6092,14722,10516,81848,74841,0,,,
3532,OH,"Mansfield, OH MSA",1p3c,1266,948,1559,1406,687,1383,1229,8477,15192,11371,18706,16869,8247,16594,14746,101724,74841,0,,,
3532,OH,"Mansfield, OH MSA",1p4c,1266,1160,1626,1476,753,1383,1440,9104,15192,13922,19513,17713,9039,16594,17274,109245,74841,0,,,
3532,OH,"Mansfield, OH MSA",2p0c,738,603,1224,1037,416,0,689,4707,8856,7235,14683,12444,4996,0,8272,56485,74841,0,,,
3532,OH,"Mansfield, OH MSA",2p1c,924,748,1408,1333,519,720,875,6527,11088,8977,16897,15993,6230,8638,10504,78327,74841,0,,,
3532,OH,"Mansfield, OH MSA",2p2c,924,951,1497,1629,582,1227,930,7740,11088,11416,17966,19542,6987,14722,11164,92884,74841,0,,,
3532,OH,"Mansfield, OH MSA",2p3c,1266,1161,1561,1924,753,1383,1133,9180,15192,13926,18728,23091,9040,16594,13592,110163,74841,0,,,
3532,OH,"Mansfield, OH MSA",2p4c,1266,1421,1612,1995,834,1383,1313,9823,15192,17046,19344,23935,10009,16594,15757,117876,74841,0,,,
3533,TX,"McAllen-Edinburg-Mission, TX MSA",1p0c,793,281,1091,393,333,0,512,3403,9516,3369,13094,4718,4001,0,6139,40837,57989,1,100,2,100
3533,TX,"McAllen-Edinburg-Mission, TX MSA",1p1c,992,412,1296,614,436,674,517,4941,11904,4941,15556,7371,5230,8091,6202,59294,57989,1,100,2,100
3533,TX,"McAllen-Edinburg-Mission, TX MSA",1p2c,992,607,1410,835,497,1313,577,6231,11904,7286,16920,10024,5958,15756,6920,74767,57989,1,100,2,100
3533,TX,"McAllen-Edinburg-Mission, TX MSA",1p3c,1290,809,1491,1056,652,1510,757,7565,15480,9708,17892,12676,7820,18114,9085,90776,57989,1,100,2,100
3533,TX,"McAllen-Edinburg-Mission, TX MSA",1p4c,1290,991,1619,1119,708,1510,937,8173,15480,11886,19422,13433,8496,18114,11247,98079,57989,1,100,2,100
3533,TX,"McAllen-Edinburg-Mission, TX MSA",2p0c,798,515,1248,786,408,0,530,4285,9576,6177,14981,9437,4891,0,6358,51420,57989,1,100,2,100
3533,TX,"McAllen-Edinburg-Mission, TX MSA",2p1c,992,639,1357,1007,506,674,601,5777,11904,7664,16283,12089,6075,8091,7216,69323,57989,1,100,2,100
3533,TX,"McAllen-Edinburg-Mission, TX MSA",2p2c,992,812,1434,1229,560,1313,614,6954,11904,9747,17206,14742,6722,15756,7368,83444,57989,1,100,2,100
3533,TX,"McAllen-Edinburg-Mission, TX MSA",2p3c,1290,991,1558,1450,708,1510,695,8201,15480,11890,18699,17394,8498,18114,8335,98411,57989,1,100,2,100
3533,TX,"McAllen-Edinburg-Mission, TX MSA",2p4c,1290,1213,1605,1513,777,1510,816,8724,15480,14554,19265,18151,9325,18114,9795,104684,57989,1,100,2,100
3534,OR,"Medford, OR MSA",1p0c,998,371,1027,545,425,0,989,4355,11976,4454,12327,6536,5101,0,11865,52260,87129,0,,,
3534,OR,"Medford, OR MSA",1p1c,1456,544,1262,820,621,970,1521,7194,17472,6531,15143,9839,7452,11643,18251,86332,87129,0,,,
3534,OR,"Medford, OR MSA",1p2c,1456,803,1393,1095,701,1408,1848,8703,17472,9631,16711,13142,8415,16897,22173,104441,87129,0,,,
3534,OR,"Medford, OR MSA",1p3c,2040,1070,1548,1370,965,1543,2653,11189,24480,12834,18573,16445,11585,18514,31839,134269,87129,0,,,
3534,OR,"Medford, OR MSA",1p4c,2040,1309,1617,1420,1040,1543,2919,11887,24480,15713,19399,17035,12479,18514,35027,142646,87129,0,,,
3534,OR,"Medford, OR MSA",2p0c,1137,681,1206,1089,564,0,1200,5877,13644,8166,14466,13073,6771,0,14401,70521,87129,0,,,
3534,OR,"Medford, OR MSA",2p1c,1456,844,1329,1365,714,970,1662,8340,17472,10132,15945,16375,8570,11643,19938,100075,87129,0,,,
3534,OR,"Medford, OR MSA",2p2c,1456,1074,1478,1640,785,1408,1864,9705,17472,12884,17741,19678,9425,16897,22368,116465,87129,0,,,
3534,OR,"Medford, OR MSA",2p3c,2040,1310,1543,1915,1040,1543,2488,11878,24480,15718,18516,22981,12480,18514,29851,142540,87129,0,,,
3534,OR,"Medford, OR MSA",2p4c,2040,1603,1595,1964,1131,1543,2765,12641,24480,19239,19145,23571,13573,18514,33174,151696,87129,0,,,
3535,AR,"Memphis, TN-MS-AR HUD Metro FMR Area",1p0c,1105,362,1039,487,456,0,856,4305,13260,4349,12465,5844,5467,0,10276,51661,83025.08029,1,87,28,92
3535,AR,"Memphis, TN-MS-AR HUD Metro FMR Area",1p1c,1355,532,1262,758,586,713,1052,6257,16260,6378,15146,9091,7028,8561,12618,75082,83025.08029,1,87,28,92
3535,AR,"Memphis, TN-MS-AR HUD Metro FMR Area",1p2c,1355,784,1445,1028,664,1119,1323,7718,16260,9405,17340,12338,7968,13422,15881,92614,83025.08029,1,87,28,92
3535,AR,"Memphis, TN-MS-AR HUD Metro FMR Area",1p3c,1781,1044,1533,1299,877,1243,1916,9694,21372,12532,18401,15586,10526,14917,22992,116326,83025.08029,1,87,28,92
3535,AR,"Memphis, TN-MS-AR HUD Metro FMR Area",1p4c,1781,1279,1597,1364,950,1243,2159,10373,21372,15344,19160,16368,11399,14917,25912,124472,83025.08029,1,87,28,92
3535,AR,"Memphis, TN-MS-AR HUD Metro FMR Area",2p0c,1207,665,1216,974,581,0,952,5594,14484,7974,14593,11687,6973,0,11420,67130,83025.08029,1,87,28,92
3535,AR,"Memphis, TN-MS-AR HUD Metro FMR Area",2p1c,1355,825,1393,1245,677,713,1165,7372,16260,9894,16718,14935,8120,8561,13982,88469,83025.08029,1,87,28,92
3535,AR,"Memphis, TN-MS-AR HUD Metro FMR Area",2p2c,1355,1049,1477,1515,746,1119,1211,8472,16260,12582,17725,18182,8955,13422,14533,101658,83025.08029,1,87,28,92
3535,AR,"Memphis, TN-MS-AR HUD Metro FMR Area",2p3c,1781,1279,1537,1786,950,1243,1570,10146,21372,15349,18444,21429,11401,14917,18844,121756,83025.08029,1,87,28,92
3535,AR,"Memphis, TN-MS-AR HUD Metro FMR Area",2p4c,1781,1566,1585,1851,1039,1243,1815,10880,21372,18787,19022,22212,12468,14917,21783,130561,83025.08029,1,87,28,92
3536,MS,"Memphis, TN-MS-AR HUD Metro FMR Area",1p0c,1105,362,1039,487,456,0,838,4286,13260,4349,12465,5844,5467,0,10052,51437,83025.08029,,,,
3536,MS,"Memphis, TN-MS-AR HUD Metro FMR Area",1p1c,1355,532,1262,758,586,713,1001,6206,16260,6378,15146,9091,7028,8561,12011,74475,83025.08029,,,,
3536,MS,"Memphis, TN-MS-AR HUD Metro FMR Area",1p2c,1355,784,1445,1028,664,1119,1240,7635,16260,9405,17340,12338,7968,13422,14882,91615,83025.08029,,,,
3536,MS,"Memphis, TN-MS-AR HUD Metro FMR Area",1p3c,1781,1044,1533,1299,877,1243,1728,9506,21372,12532,18401,15586,10526,14917,20740,114074,83025.08029,,,,
3536,MS,"Memphis, TN-MS-AR HUD Metro FMR Area",1p4c,1781,1279,1597,1364,950,1243,1972,10185,21372,15344,19160,16368,11399,14917,23658,122219,83025.08029,,,,
3536,MS,"Memphis, TN-MS-AR HUD Metro FMR Area",2p0c,1207,665,1216,974,581,0,934,5577,14484,7974,14593,11687,6973,0,11212,66922,83025.08029,,,,
3536,MS,"Memphis, TN-MS-AR HUD Metro FMR Area",2p1c,1355,825,1393,1245,677,713,1146,7353,16260,9894,16718,14935,8120,8561,13753,88241,83025.08029,,,,
3536,MS,"Memphis, TN-MS-AR HUD Metro FMR Area",2p2c,1355,1049,1477,1515,746,1119,1190,8450,16260,12582,17725,18182,8955,13422,14279,101404,83025.08029,,,,
3536,MS,"Memphis, TN-MS-AR HUD Metro FMR Area",2p3c,1781,1279,1537,1786,950,1243,1520,10096,21372,15349,18444,21429,11401,14917,18240,121152,83025.08029,,,,
3536,MS,"Memphis, TN-MS-AR HUD Metro FMR Area",2p4c,1781,1566,1585,1851,1039,1243,1746,10811,21372,18787,19022,22212,12468,14917,20949,129727,83025.08029,,,,
3537,TN,"Memphis, TN-MS-AR HUD Metro FMR Area",1p0c,1105,362,1039,487,456,0,648,4097,13260,4349,12465,5844,5467,0,7776,49161,83025.08029,,,,
3537,TN,"Memphis, TN-MS-AR HUD Metro FMR Area",1p1c,1355,532,1262,758,586,713,715,5920,16260,6378,15146,9091,7028,8561,8581,71045,83025.08029,,,,
3537,TN,"Memphis, TN-MS-AR HUD Metro FMR Area",1p2c,1355,784,1445,1028,664,1119,822,7216,16260,9405,17340,12338,7968,13422,9861,86594,83025.08029,,,,
3537,TN,"Memphis, TN-MS-AR HUD Metro FMR Area",1p3c,1781,1044,1533,1299,877,1243,1176,8953,21372,12532,18401,15586,10526,14917,14107,107441,83025.08029,,,,
3537,TN,"Memphis, TN-MS-AR HUD Metro FMR Area",1p4c,1781,1279,1597,1364,950,1243,1371,9585,21372,15344,19160,16368,11399,14917,16456,115017,83025.08029,,,,
3537,TN,"Memphis, TN-MS-AR HUD Metro FMR Area",2p0c,1207,665,1216,974,581,0,744,5386,14484,7974,14593,11687,6973,0,8926,64636,83025.08029,,,,
3537,TN,"Memphis, TN-MS-AR HUD Metro FMR Area",2p1c,1355,825,1393,1245,677,713,854,7061,16260,9894,16718,14935,8120,8561,10243,84730,83025.08029,,,,
3537,TN,"Memphis, TN-MS-AR HUD Metro FMR Area",2p2c,1355,1049,1477,1515,746,1119,839,8099,16260,12582,17725,18182,8955,13422,10063,97188,83025.08029,,,,
3537,TN,"Memphis, TN-MS-AR HUD Metro FMR Area",2p3c,1781,1279,1537,1786,950,1243,1031,9607,21372,15349,18444,21429,11401,14917,12370,115282,83025.08029,,,,
3537,TN,"Memphis, TN-MS-AR HUD Metro FMR Area",2p4c,1781,1566,1585,1851,1039,1243,1197,10261,21372,18787,19022,22212,12468,14917,14358,123136,83025.08029,,,,
3538,MS,"Marshall County, MS HUD Metro FMR Area",1p0c,858,322,1165,530,366,0,770,4011,10296,3865,13981,6362,4397,0,9236,48137,63882,0,,,
3538,MS,"Marshall County, MS HUD Metro FMR Area",1p1c,1133,472,1377,789,498,659,898,5827,13596,5668,16521,9463,5981,7910,10781,69921,63882,0,,,
3538,MS,"Marshall County, MS HUD Metro FMR Area",1p2c,1133,697,1503,1047,568,1201,1119,7268,13596,8359,18041,12565,6816,14408,13430,87215,63882,0,,,
3538,MS,"Marshall County, MS HUD Metro FMR Area",1p3c,1365,928,1598,1306,712,1367,1441,8717,16380,11138,19176,15667,8544,16407,17293,104605,63882,0,,,
3538,MS,"Marshall County, MS HUD Metro FMR Area",1p4c,1365,1136,1668,1347,777,1367,1649,9309,16380,13637,20018,16158,9319,16407,19788,111707,63882,0,,,
3538,MS,"Marshall County, MS HUD Metro FMR Area",2p0c,864,591,1320,1060,452,0,817,5104,10368,7087,15844,12723,5419,0,9808,61250,63882,0,,,
3538,MS,"Marshall County, MS HUD Metro FMR Area",2p1c,1133,733,1439,1319,579,659,1033,6895,13596,8793,17273,15825,6951,7910,12393,82742,63882,0,,,
3538,MS,"Marshall County, MS HUD Metro FMR Area",2p2c,1133,932,1528,1577,641,1201,1108,8120,13596,11182,18337,18927,7693,14408,13299,97442,63882,0,,,
3538,MS,"Marshall County, MS HUD Metro FMR Area",2p3c,1365,1137,1594,1836,777,1367,1290,9365,16380,13641,19123,22029,9321,16407,15480,112381,63882,0,,,
3538,MS,"Marshall County, MS HUD Metro FMR Area",2p4c,1365,1391,1648,1877,856,1367,1476,9980,16380,16697,19773,22520,10269,16407,17710,119757,63882,0,,,
3539,MS,"Tate County, MS HUD Metro FMR Area",1p0c,825,319,1175,530,355,0,757,3961,9900,3831,14094,6362,4263,0,9088,47537,71642,0,,,
3539,MS,"Tate County, MS HUD Metro FMR Area",1p1c,1090,468,1420,789,484,654,891,5795,13080,5618,17041,9463,5805,7848,10687,69542,71642,0,,,
3539,MS,"Tate County, MS HUD Metro FMR Area",1p2c,1090,690,1558,1047,553,1191,1110,7239,13080,8284,18699,12565,6633,14287,13316,86863,71642,0,,,
3539,MS,"Tate County, MS HUD Metro FMR Area",1p3c,1346,920,1657,1306,704,1356,1447,8735,16152,11038,19884,15667,8442,16268,17368,104819,71642,0,,,
3539,MS,"Tate County, MS HUD Metro FMR Area",1p4c,1346,1126,1803,1347,768,1356,1698,9444,16152,13515,21639,16158,9211,16268,20380,113323,71642,0,,,
3539,MS,"Tate County, MS HUD Metro FMR Area",2p0c,831,585,1362,1060,440,0,815,5093,9972,7023,16346,12723,5277,0,9775,61117,71642,0,,,
3539,MS,"Tate County, MS HUD Metro FMR Area",2p1c,1090,726,1492,1319,564,654,1027,6872,13080,8714,17908,15825,6767,7848,12325,82467,71642,0,,,
3539,MS,"Tate County, MS HUD Metro FMR Area",2p2c,1090,924,1585,1577,625,1191,1102,8093,13080,11082,19018,18927,7502,14287,13218,97113,71642,0,,,
3539,MS,"Tate County, MS HUD Metro FMR Area",2p3c,1346,1127,1726,1836,768,1356,1327,9485,16152,13519,20716,22029,9212,16268,15926,113823,71642,0,,,
3539,MS,"Tate County, MS HUD Metro FMR Area",2p4c,1346,1379,1783,1877,846,1356,1515,10101,16152,16547,21397,22520,10152,16268,18175,121211,71642,0,,,
3540,MS,"Tunica County, MS HUD Metro FMR Area",1p0c,999,319,1067,530,409,0,797,4122,11988,3831,12806,6362,4911,0,9564,49462,53154,0,,,
3540,MS,"Tunica County, MS HUD Metro FMR Area",1p1c,1234,468,1282,789,529,650,906,5857,14808,5618,15381,9463,6342,7804,10871,70286,53154,0,,,
3540,MS,"Tunica County, MS HUD Metro FMR Area",1p2c,1234,690,1406,1047,597,1183,1124,7282,14808,8284,16874,12565,7169,14200,13486,87387,53154,0,,,
3540,MS,"Tunica County, MS HUD Metro FMR Area",1p3c,1487,920,1498,1306,747,1347,1457,8762,17844,11038,17974,15667,8967,16169,17480,105139,53154,0,,,
3540,MS,"Tunica County, MS HUD Metro FMR Area",1p4c,1487,1126,1565,1347,811,1347,1663,9346,17844,13515,18783,16158,9736,16169,19952,112156,53154,0,,,
3540,MS,"Tunica County, MS HUD Metro FMR Area",2p0c,1098,585,1230,1060,523,0,886,5382,13176,7023,14758,12723,6271,0,10634,64585,53154,0,,,
3540,MS,"Tunica County, MS HUD Metro FMR Area",2p1c,1234,726,1348,1319,609,650,1040,6926,14808,8714,16175,15825,7303,7804,12485,83114,53154,0,,,
3540,MS,"Tunica County, MS HUD Metro FMR Area",2p2c,1234,924,1435,1577,670,1183,1112,8134,14808,11082,17214,18927,8038,14200,13341,97610,53154,0,,,
3540,MS,"Tunica County, MS HUD Metro FMR Area",2p3c,1487,1127,1498,1836,811,1347,1304,9410,17844,13519,17975,22029,9737,16169,15646,112920,53154,0,,,
3540,MS,"Tunica County, MS HUD Metro FMR Area",2p4c,1487,1379,1550,1877,890,1347,1488,10018,17844,16547,18603,22520,10678,16169,17857,120217,53154,0,,,
3541,CA,"Merced, CA MSA",1p0c,1071,345,1153,574,440,0,821,4404,12852,4142,13837,6888,5276,0,9848,52845,73010,0,,,
3541,CA,"Merced, CA MSA",1p1c,1509,506,1397,913,626,837,1010,6798,18108,6074,16766,10957,7508,10040,12117,81572,73010,0,,,
3541,CA,"Merced, CA MSA",1p2c,1509,747,1531,1252,700,1218,1243,8200,18108,8958,18373,15026,8403,14617,14912,98396,73010,0,,,
3541,CA,"Merced, CA MSA",1p3c,2081,995,1692,1591,955,1335,2113,10762,24972,11936,20302,19095,11459,16025,25352,129141,73010,0,,,
3541,CA,"Merced, CA MSA",1p4c,2081,1218,1762,1676,1024,1335,2331,11427,24972,14614,21143,20113,12290,16025,27970,137127,73010,0,,,
3541,CA,"Merced, CA MSA",2p0c,1227,633,1326,1148,577,0,887,5798,14724,7594,15907,13777,6929,0,10649,69580,73010,0,,,
3541,CA,"Merced, CA MSA",2p1c,1509,785,1452,1487,712,837,1135,7917,18108,9423,17423,17846,8548,10040,13621,95008,73010,0,,,
3541,CA,"Merced, CA MSA",2p2c,1509,999,1607,1826,779,1218,1242,9179,18108,11983,19284,21915,9342,14617,14903,110151,73010,0,,,
3541,CA,"Merced, CA MSA",2p3c,2081,1218,1673,2165,1024,1335,1784,11281,24972,14619,20072,25984,12292,16025,21413,135376,73010,0,,,
3541,CA,"Merced, CA MSA",2p4c,2081,1491,1726,2250,1109,1335,2032,12025,24972,17893,20708,27001,13308,16025,24388,144296,73010,0,,,
3542,FL,"Fort Lauderdale, FL HUD Metro FMR Area",1p0c,1768,390,978,468,670,0,925,5199,21216,4685,11730,5617,8041,0,11100,62389,88689,1,32,4,82
3542,FL,"Fort Lauderdale, FL HUD Metro FMR Area",1p1c,2388,573,1200,734,919,913,1276,8003,28656,6870,14403,8808,11030,10950,15317,96033,88689,1,32,4,82
3542,FL,"Fort Lauderdale, FL HUD Metro FMR Area",1p2c,2388,844,1316,1000,1004,1572,1577,9700,28656,10130,15789,11998,12042,18858,18922,116395,88689,1,32,4,82
3542,FL,"Fort Lauderdale, FL HUD Metro FMR Area",1p3c,3297,1125,1394,1266,1373,1774,2307,12535,39564,13499,16725,15189,16475,21292,27682,150424,88689,1,32,4,82
3542,FL,"Fort Lauderdale, FL HUD Metro FMR Area",1p4c,3297,1377,1509,1334,1451,1774,2495,13237,39564,16527,18104,16011,17415,21292,29936,158848,88689,1,32,4,82
3542,FL,"Fort Lauderdale, FL HUD Metro FMR Area",2p0c,1929,716,1162,936,821,0,970,6534,23148,8589,13949,11234,9853,0,11635,78408,88689,1,32,4,82
3542,FL,"Fort Lauderdale, FL HUD Metro FMR Area",2p1c,2388,888,1273,1202,1017,913,1239,8920,28656,10657,15278,14425,12205,10950,14873,107043,88689,1,32,4,82
3542,FL,"Fort Lauderdale, FL HUD Metro FMR Area",2p2c,2388,1129,1348,1468,1092,1572,1409,10406,28656,13552,16172,17615,13104,18858,16910,124867,88689,1,32,4,82
3542,FL,"Fort Lauderdale, FL HUD Metro FMR Area",2p3c,3297,1378,1460,1734,1451,1774,2042,13136,39564,16533,17519,20806,17416,21292,24503,157633,88689,1,32,4,82
3542,FL,"Fort Lauderdale, FL HUD Metro FMR Area",2p4c,3297,1686,1503,1802,1547,1774,2262,13872,39564,20236,18034,21628,18566,21292,27139,166460,88689,1,32,4,82
3543,FL,"Miami-Miami Beach-Kendall, FL HUD Metro FMR Area",1p0c,1711,395,925,479,654,0,882,5047,20532,4742,11104,5752,7847,0,10587,60564,76403,1,36,1,96
3543,FL,"Miami-Miami Beach-Kendall, FL HUD Metro FMR Area",1p1c,2329,580,1141,752,903,786,1176,7666,27948,6954,13689,9023,10836,9429,14110,91990,76403,1,36,1,96
3543,FL,"Miami-Miami Beach-Kendall, FL HUD Metro FMR Area",1p2c,2329,855,1252,1025,988,1419,1460,9328,27948,10255,15020,12295,11861,17033,17525,111937,76403,1,36,1,96
3543,FL,"Miami-Miami Beach-Kendall, FL HUD Metro FMR Area",1p3c,3008,1139,1326,1297,1287,1614,2045,11717,36096,13665,15914,15566,15449,19373,24541,140605,76403,1,36,1,96
3543,FL,"Miami-Miami Beach-Kendall, FL HUD Metro FMR Area",1p4c,3008,1394,1436,1367,1367,1614,2287,12473,36096,16730,17231,16399,16401,19373,27442,149672,76403,1,36,1,96
3543,FL,"Miami-Miami Beach-Kendall, FL HUD Metro FMR Area",2p0c,1898,725,1105,959,814,0,954,6455,22776,8694,13263,11504,9771,0,11448,77456,76403,1,36,1,96
3543,FL,"Miami-Miami Beach-Kendall, FL HUD Metro FMR Area",2p1c,2329,899,1212,1231,1002,786,1164,8623,27948,10788,14545,14775,12026,9429,13967,103479,76403,1,36,1,96
3543,FL,"Miami-Miami Beach-Kendall, FL HUD Metro FMR Area",2p2c,2329,1143,1284,1504,1078,1419,1324,10081,27948,13719,15402,18047,12936,17033,15882,120968,76403,1,36,1,96
3543,FL,"Miami-Miami Beach-Kendall, FL HUD Metro FMR Area",2p3c,3008,1395,1391,1777,1367,1614,1811,12363,36096,16736,16692,21318,16403,19373,21734,148352,76403,1,36,1,96
3543,FL,"Miami-Miami Beach-Kendall, FL HUD Metro FMR Area",2p4c,3008,1707,1432,1846,1464,1614,2032,13103,36096,20485,17182,22151,17567,19373,24386,157240,76403,1,36,1,96
3544,FL,"West Palm Beach-Boca Raton, FL HUD Metro FMR Area",1p0c,1639,412,951,511,637,0,876,5026,19668,4939,11415,6132,7640,0,10516,60309,99093,1,28,15,55
3544,FL,"West Palm Beach-Boca Raton, FL HUD Metro FMR Area",1p1c,2187,604,1233,803,866,1115,1311,8119,26244,7242,14799,9631,10396,13383,15734,97430,99093,1,28,15,55
3544,FL,"West Palm Beach-Boca Raton, FL HUD Metro FMR Area",1p2c,2187,890,1359,1094,955,1719,1614,9818,26244,10679,16302,13129,11464,20632,19369,117818,99093,1,28,15,55
3544,FL,"West Palm Beach-Boca Raton, FL HUD Metro FMR Area",1p3c,2856,1186,1443,1386,1255,1905,2214,12245,34272,14230,17321,16628,15059,22862,26567,146939,99093,1,28,15,55
3544,FL,"West Palm Beach-Boca Raton, FL HUD Metro FMR Area",1p4c,2856,1452,1565,1457,1338,1905,2433,13006,34272,17422,18780,17489,16050,22862,29201,156076,99093,1,28,15,55
3544,FL,"West Palm Beach-Boca Raton, FL HUD Metro FMR Area",2p0c,1830,755,1193,1022,802,0,979,6580,21960,9054,14310,12264,9629,0,11744,78961,99093,1,28,15,55
3544,FL,"West Palm Beach-Boca Raton, FL HUD Metro FMR Area",2p1c,2187,936,1312,1314,970,1115,1292,9126,26244,11234,15741,15763,11636,13383,15507,109508,99093,1,28,15,55
3544,FL,"West Palm Beach-Boca Raton, FL HUD Metro FMR Area",2p2c,2187,1191,1392,1605,1049,1719,1462,10605,26244,14286,16706,19261,12583,20632,17547,127260,99093,1,28,15,55
3544,FL,"West Palm Beach-Boca Raton, FL HUD Metro FMR Area",2p3c,2856,1452,1510,1897,1338,1905,1984,12942,34272,17428,18125,22760,16052,22862,23809,155308,99093,1,28,15,55
3544,FL,"West Palm Beach-Boca Raton, FL HUD Metro FMR Area",2p4c,2856,1778,1557,1968,1439,1905,2216,13719,34272,21332,18682,23621,17264,22862,26591,164623,99093,1,28,15,55
3545,IN,"Michigan City-La Porte, IN MSA",1p0c,711,335,1055,408,325,0,623,3456,8532,4015,12655,4899,3896,0,7471,41467,83369,0,,,
3545,IN,"Michigan City-La Porte, IN MSA",1p1c,1036,491,1297,638,474,891,819,5646,12432,5888,15569,7655,5688,10687,9833,67753,83369,0,,,
3545,IN,"Michigan City-La Porte, IN MSA",1p2c,1036,724,1493,868,546,1583,1069,7318,12432,8683,17912,10412,6556,18994,12832,87821,83369,0,,,
3545,IN,"Michigan City-La Porte, IN MSA",1p3c,1311,964,1589,1097,706,1796,1402,8866,15732,11570,19068,13168,8477,21550,16825,106391,83369,0,,,
3545,IN,"Michigan City-La Porte, IN MSA",1p4c,1311,1181,1658,1160,774,1796,1611,9489,15732,14166,19897,13915,9282,21550,19326,113868,83369,0,,,
3545,IN,"Michigan City-La Porte, IN MSA",2p0c,857,614,1248,816,457,0,759,4750,10284,7362,14976,9797,5479,0,9105,57002,83369,0,,,
3545,IN,"Michigan City-La Porte, IN MSA",2p1c,1036,761,1435,1046,558,891,980,6707,12432,9134,17224,12554,6696,10687,11759,80486,83369,0,,,
3545,IN,"Michigan City-La Porte, IN MSA",2p2c,1036,968,1526,1276,622,1583,1067,8077,12432,11616,18308,15310,7466,18994,12801,96928,83369,0,,,
3545,IN,"Michigan City-La Porte, IN MSA",2p3c,1311,1181,1590,1506,774,1796,1249,9406,15732,14171,19081,18067,9284,21550,14985,112870,83369,0,,,
3545,IN,"Michigan City-La Porte, IN MSA",2p4c,1311,1445,1642,1568,856,1796,1431,10048,15732,17345,19703,18814,10269,21550,17168,120581,83369,0,,,
3546,MI,"Midland, MI MSA",1p0c,870,337,1080,482,375,0,695,3838,10440,4039,12962,5780,4495,0,8336,46051,98138,0,,,
3546,MI,"Midland, MI MSA",1p1c,1137,494,1394,755,506,746,917,5949,13644,5922,16726,9064,6075,8952,11008,71392,98138,0,,,
3546,MI,"Midland, MI MSA",1p2c,1137,728,1536,1029,579,1527,1277,7813,13644,8733,18434,12348,6947,18320,15326,93752,98138,0,,,
3546,MI,"Midland, MI MSA",1p3c,1472,970,1634,1303,758,1767,1720,9623,17664,11637,19611,15632,9097,21202,20637,115480,98138,0,,,
3546,MI,"Midland, MI MSA",1p4c,1472,1187,1704,1370,826,1767,1927,10254,17664,14247,20449,16443,9908,21202,23129,123043,98138,0,,,
3546,MI,"Midland, MI MSA",2p0c,872,617,1340,963,462,0,855,5110,10464,7404,16085,11559,5548,0,10261,61321,98138,0,,,
3546,MI,"Midland, MI MSA",2p1c,1137,766,1474,1237,591,746,1093,7043,13644,9187,17691,14844,7088,8952,13115,84521,98138,0,,,
3546,MI,"Midland, MI MSA",2p2c,1137,974,1566,1511,655,1527,1225,8594,13644,11683,18792,18128,7863,18320,14696,103126,98138,0,,,
3546,MI,"Midland, MI MSA",2p3c,1472,1188,1631,1784,826,1767,1526,10194,17664,14252,19573,21412,9909,21202,18309,122322,98138,0,,,
3546,MI,"Midland, MI MSA",2p4c,1472,1454,1683,1852,908,1767,1715,10851,17664,17445,20197,22223,10900,21202,20578,130209,98138,0,,,
3547,TX,"Midland, TX HUD Metro FMR Area",1p0c,1582,321,1144,461,591,0,857,4956,18984,3854,13727,5531,7091,0,10282,59469,114731,0,,,
3547,TX,"Midland, TX HUD Metro FMR Area",1p1c,1867,471,1389,723,726,710,948,6833,22404,5651,16672,8670,8710,8517,11371,81996,114731,0,,,
3547,TX,"Midland, TX HUD Metro FMR Area",1p2c,1867,695,1513,984,795,1379,1176,8408,22404,8334,18150,11809,9543,16547,14115,100901,114731,0,,,
3547,TX,"Midland, TX HUD Metro FMR Area",1p3c,2398,925,1594,1246,1032,1585,1629,10409,28776,11105,19129,14948,12382,19018,19553,124911,114731,0,,,
3547,TX,"Midland, TX HUD Metro FMR Area",1p4c,2398,1133,1719,1314,1096,1585,1844,11089,28776,13596,20629,15764,13155,19018,22133,133071,114731,0,,,
3547,TX,"Midland, TX HUD Metro FMR Area",2p0c,1591,589,1342,922,677,0,861,5981,19092,7066,16105,11062,8121,0,10331,71776,114731,0,,,
3547,TX,"Midland, TX HUD Metro FMR Area",2p1c,1867,731,1461,1183,807,710,988,7746,22404,8767,17528,14201,9678,8517,11860,92953,114731,0,,,
3547,TX,"Midland, TX HUD Metro FMR Area",2p2c,1867,929,1539,1445,868,1379,1073,9100,22404,11149,18465,17340,10417,16547,12876,109198,114731,0,,,
3547,TX,"Midland, TX HUD Metro FMR Area",2p3c,2398,1133,1661,1707,1096,1585,1399,10980,28776,13601,19934,20479,13157,19018,16791,131754,114731,0,,,
3547,TX,"Midland, TX HUD Metro FMR Area",2p4c,2398,1387,1705,1775,1175,1585,1588,11613,28776,16647,20465,21295,14103,19018,19053,139356,114731,0,,,
3548,TX,"Martin County, TX HUD Metro FMR Area",1p0c,1579,321,1266,461,590,0,903,5120,18948,3854,15196,5531,7079,0,10833,61441,92696,0,,,
3548,TX,"Martin County, TX HUD Metro FMR Area",1p1c,1868,471,1520,723,726,710,995,7013,22416,5651,18242,8670,8714,8517,11943,84153,92696,0,,,
3548,TX,"Martin County, TX HUD Metro FMR Area",1p2c,1868,695,1726,984,796,1379,1270,8717,22416,8334,20711,11809,9547,16547,15243,104606,92696,0,,,
3548,TX,"Martin County, TX HUD Metro FMR Area",1p3c,2352,925,1822,1246,1018,1585,1706,10654,28224,11105,21861,14948,12211,19018,20476,127842,92696,0,,,
3548,TX,"Martin County, TX HUD Metro FMR Area",1p4c,2352,1133,1890,1314,1082,1585,1897,11252,28224,13596,22682,15764,12984,19018,22758,135026,92696,0,,,
3548,TX,"Martin County, TX HUD Metro FMR Area",2p0c,1589,589,1456,922,676,0,888,6119,19068,7066,17468,11062,8114,0,10657,73433,92696,0,,,
3548,TX,"Martin County, TX HUD Metro FMR Area",2p1c,1868,731,1654,1183,807,710,1036,7988,22416,8767,19846,14201,9681,8517,12431,95859,92696,0,,,
3548,TX,"Martin County, TX HUD Metro FMR Area",2p2c,1868,929,1744,1445,868,1379,1142,9376,22416,11149,20929,17340,10421,16547,13706,112507,92696,0,,,
3548,TX,"Martin County, TX HUD Metro FMR Area",2p3c,2352,1133,1808,1707,1082,1585,1436,11103,28224,13601,21698,20479,12985,19018,17231,133235,92696,0,,,
3548,TX,"Martin County, TX HUD Metro FMR Area",2p4c,2352,1387,1859,1775,1161,1585,1627,11746,28224,16647,22310,21295,13931,19018,19529,140953,92696,0,,,
3549,WI,"Milwaukee-Waukesha-West Allis, WI MSA",1p0c,939,364,951,457,405,0,735,3852,11268,4373,11416,5487,4856,0,8819,46219,99646.3682,1,48,51,51
3549,WI,"Milwaukee-Waukesha-West Allis, WI MSA",1p1c,1257,534,1233,716,556,1276,1222,6795,15084,6412,14800,8596,6674,15309,14666,81540,99646.3682,1,48,51,51
3549,WI,"Milwaukee-Waukesha-West Allis, WI MSA",1p2c,1257,788,1358,975,635,2300,1805,9118,15084,9455,16290,11705,7619,27602,21663,109418,99646.3682,1,48,51,51
3549,WI,"Milwaukee-Waukesha-West Allis, WI MSA",1p3c,1558,1050,1441,1235,810,2615,2355,11064,18696,12599,17296,14814,9716,31385,28263,132769,99646.3682,1,48,51,51
3549,WI,"Milwaukee-Waukesha-West Allis, WI MSA",1p4c,1558,1286,1562,1300,883,2615,2647,11851,18696,15426,18742,15604,10594,31385,31762,142208,99646.3682,1,48,51,51
3549,WI,"Milwaukee-Waukesha-West Allis, WI MSA",2p0c,1056,668,1193,915,535,0,824,5191,12672,8016,14319,10974,6423,0,9890,62295,99646.3682,1,48,51,51
3549,WI,"Milwaukee-Waukesha-West Allis, WI MSA",2p1c,1257,829,1312,1174,648,1276,1248,7742,15084,9946,15741,14083,7771,15309,14973,92908,99646.3682,1,48,51,51
3549,WI,"Milwaukee-Waukesha-West Allis, WI MSA",2p2c,1257,1054,1391,1433,718,2300,1602,9755,15084,12649,16697,17192,8610,27602,19228,117063,99646.3682,1,48,51,51
3549,WI,"Milwaukee-Waukesha-West Allis, WI MSA",2p3c,1558,1286,1509,1692,883,2615,2082,11625,18696,15431,18105,20301,10595,31385,24983,139496,99646.3682,1,48,51,51
3549,WI,"Milwaukee-Waukesha-West Allis, WI MSA",2p4c,1558,1574,1555,1758,972,2615,2355,12387,18696,18887,18654,21091,11669,31385,28262,148643,99646.3682,1,48,51,51
3550,MN,"Minneapolis-St. Paul-Bloomington, MN-WI HUD Metro FMR Area",1p0c,1220,405,1061,361,505,0,845,4397,14640,4861,12737,4332,6054,0,10139,52762,125474.1124,1,23,91,13
3550,MN,"Minneapolis-St. Paul-Bloomington, MN-WI HUD Metro FMR Area",1p1c,1685,594,1311,588,708,1494,1696,8075,20220,7128,15735,7050,8491,17922,20352,96897,125474.1124,1,23,91,13
3550,MN,"Minneapolis-St. Paul-Bloomington, MN-WI HUD Metro FMR Area",1p2c,1685,876,1437,814,795,2649,2450,10706,20220,10511,17242,9768,9541,31790,29405,128477,125474.1124,1,23,91,13
3550,MN,"Minneapolis-St. Paul-Bloomington, MN-WI HUD Metro FMR Area",1p3c,2244,1167,1582,1041,1059,3005,3194,13291,26928,14006,18984,12487,12709,36057,38325,159496,125474.1124,1,23,91,13
3550,MN,"Minneapolis-St. Paul-Bloomington, MN-WI HUD Metro FMR Area",1p4c,2244,1429,1642,1080,1140,3005,3372,13912,26928,17147,19699,12965,13684,36057,40467,166948,125474.1124,1,23,91,13
3550,MN,"Minneapolis-St. Paul-Bloomington, MN-WI HUD Metro FMR Area",2p0c,1381,743,1268,722,659,0,982,5755,16572,8911,15217,8663,7912,0,11786,69061,125474.1124,1,23,91,13
3550,MN,"Minneapolis-St. Paul-Bloomington, MN-WI HUD Metro FMR Area",2p1c,1685,921,1388,948,809,1494,1535,8780,20220,11057,16655,11381,9711,17922,18415,105361,125474.1124,1,23,91,13
3550,MN,"Minneapolis-St. Paul-Bloomington, MN-WI HUD Metro FMR Area",2p2c,1685,1172,1529,1175,887,2649,2136,11232,20220,14061,18347,14100,10643,31790,25629,134789,125474.1124,1,23,91,13
3550,MN,"Minneapolis-St. Paul-Bloomington, MN-WI HUD Metro FMR Area",2p3c,2244,1429,1585,1402,1141,3005,2794,13600,26928,17153,19024,16818,13686,36057,33529,163195,125474.1124,1,23,91,13
3550,MN,"Minneapolis-St. Paul-Bloomington, MN-WI HUD Metro FMR Area",2p4c,2244,1750,1629,1441,1240,3005,3045,14354,26928,20996,19552,17297,14879,36057,36535,172243,125474.1124,1,23,91,13
3551,WI,"Minneapolis-St. Paul-Bloomington, MN-WI HUD Metro FMR Area",1p0c,1220,405,1061,361,505,0,885,4437,14640,4861,12737,4332,6054,0,10624,53247,125474.1124,,,,
3551,WI,"Minneapolis-St. Paul-Bloomington, MN-WI HUD Metro FMR Area",1p1c,1685,594,1311,588,708,1494,1646,8024,20220,7128,15735,7050,8491,17922,19746,96291,125474.1124,,,,
3551,WI,"Minneapolis-St. Paul-Bloomington, MN-WI HUD Metro FMR Area",1p2c,1685,876,1437,814,795,2649,2368,10624,20220,10511,17242,9768,9541,31790,28413,127485,125474.1124,,,,
3551,WI,"Minneapolis-St. Paul-Bloomington, MN-WI HUD Metro FMR Area",1p3c,2244,1167,1582,1041,1059,3005,3090,13188,26928,14006,18984,12487,12709,36057,37080,158250,125474.1124,,,,
3551,WI,"Minneapolis-St. Paul-Bloomington, MN-WI HUD Metro FMR Area",1p4c,2244,1429,1642,1080,1140,3005,3294,13834,26928,17147,19699,12965,13684,36057,39529,166009,125474.1124,,,,
3551,WI,"Minneapolis-St. Paul-Bloomington, MN-WI HUD Metro FMR Area",2p0c,1381,743,1268,722,659,0,967,5740,16572,8911,15217,8663,7912,0,11606,68881,125474.1124,,,,
3551,WI,"Minneapolis-St. Paul-Bloomington, MN-WI HUD Metro FMR Area",2p1c,1685,921,1388,948,809,1494,1513,8759,20220,11057,16655,11381,9711,17922,18160,105106,125474.1124,,,,
3551,WI,"Minneapolis-St. Paul-Bloomington, MN-WI HUD Metro FMR Area",2p2c,1685,1172,1529,1175,887,2649,2105,11202,20220,14061,18347,14100,10643,31790,25259,134419,125474.1124,,,,
3551,WI,"Minneapolis-St. Paul-Bloomington, MN-WI HUD Metro FMR Area",2p3c,2244,1429,1585,1402,1141,3005,2760,13566,26928,17153,19024,16818,13686,36057,33124,162790,125474.1124,,,,
3551,WI,"Minneapolis-St. Paul-Bloomington, MN-WI HUD Metro FMR Area",2p4c,2244,1750,1629,1441,1240,3005,3033,14342,26928,20996,19552,17297,14879,36057,36394,172102,125474.1124,,,,
3552,MN,"Le Sueur County, MN HUD Metro FMR Area",1p0c,814,415,1230,486,382,0,811,4138,9768,4985,14756,5836,4580,0,9729,49654,108147,0,,,
3552,MN,"Le Sueur County, MN HUD Metro FMR Area",1p1c,1075,609,1581,802,523,745,1117,6452,12900,7310,18969,9619,6275,8943,13404,77418,108147,0,,,
3552,MN,"Le Sueur County, MN HUD Metro FMR Area",1p2c,1075,898,1735,1117,613,1300,1521,8258,12900,10779,20816,13403,7352,15602,18248,99099,108147,0,,,
3552,MN,"Le Sueur County, MN HUD Metro FMR Area",1p3c,1506,1197,1838,1432,839,1471,2140,10423,18072,14363,22059,17186,10070,17651,25675,125077,108147,0,,,
3552,MN,"Le Sueur County, MN HUD Metro FMR Area",1p4c,1506,1465,1911,1471,923,1471,2388,11135,18072,17585,22937,17651,11071,17651,28651,133617,108147,0,,,
3552,MN,"Le Sueur County, MN HUD Metro FMR Area",2p0c,819,762,1517,973,491,0,937,5497,9828,9139,18198,11671,5889,0,11239,65964,108147,0,,,
3552,MN,"Le Sueur County, MN HUD Metro FMR Area",2p1c,1075,945,1661,1288,627,745,1215,7556,12900,11339,19937,15455,7526,8943,14577,90675,108147,0,,,
3552,MN,"Le Sueur County, MN HUD Metro FMR Area",2p2c,1075,1202,1758,1603,707,1300,1370,9015,12900,14420,21100,19238,8482,15602,16439,108181,108147,0,,,
3552,MN,"Le Sueur County, MN HUD Metro FMR Area",2p3c,1506,1466,1826,1919,923,1471,1831,10941,18072,17591,21917,23022,11072,17651,21968,131294,108147,0,,,
3552,MN,"Le Sueur County, MN HUD Metro FMR Area",2p4c,1506,1794,1957,1957,1025,1471,2132,11842,18072,21532,23481,23487,12296,17651,25583,142102,108147,0,,,
3553,MN,"Mille Lacs County, MN HUD Metro FMR Area",1p0c,830,338,1169,436,363,0,726,3861,9960,4050,14025,5233,4350,0,8709,46328,86552,0,,,
3553,MN,"Mille Lacs County, MN HUD Metro FMR Area",1p1c,1096,495,1439,717,494,1043,1086,6369,13152,5939,17272,8598,5927,12512,13028,76427,86552,0,,,
3553,MN,"Mille Lacs County, MN HUD Metro FMR Area",1p2c,1096,730,1653,997,567,1904,1647,8593,13152,8758,19835,11962,6802,22853,19759,103121,86552,0,,,
3553,MN,"Mille Lacs County, MN HUD Metro FMR Area",1p3c,1334,973,1757,1277,716,2170,2104,10331,16008,11670,21087,15326,8593,26035,25245,123966,86552,0,,,
3553,MN,"Mille Lacs County, MN HUD Metro FMR Area",1p4c,1334,1191,1832,1316,784,2170,2310,10936,16008,14288,21983,15791,9406,26035,27725,131236,86552,0,,,
3553,MN,"Mille Lacs County, MN HUD Metro FMR Area",2p0c,835,619,1376,872,451,0,795,4949,10020,7425,16515,10467,5416,0,9545,59389,86552,0,,,
3553,MN,"Mille Lacs County, MN HUD Metro FMR Area",2p1c,1096,768,1581,1153,579,1043,1172,7390,13152,9213,18966,13831,6944,12512,14066,88683,86552,0,,,
3553,MN,"Mille Lacs County, MN HUD Metro FMR Area",2p2c,1096,976,1678,1433,643,1904,1411,9142,13152,11716,20133,17195,7721,22853,16937,109707,86552,0,,,
3553,MN,"Mille Lacs County, MN HUD Metro FMR Area",2p3c,1334,1191,1747,1713,784,2170,1738,10677,16008,14293,20963,20559,9408,26035,20861,128128,86552,0,,,
3553,MN,"Mille Lacs County, MN HUD Metro FMR Area",2p4c,1334,1458,1802,1752,867,2170,1941,11324,16008,17494,21626,21024,10402,26035,23292,135882,86552,0,,,
3554,MT,"Missoula, MT MSA",1p0c,1121,368,1052,435,462,0,890,4329,13452,4419,12625,5224,5549,0,10674,51942,96619,0,,,
3554,MT,"Missoula, MT MSA",1p1c,1604,540,1275,691,666,991,1374,7141,19248,6480,15301,8296,7988,11894,16487,85694,96619,0,,,
3554,MT,"Missoula, MT MSA",1p2c,1604,796,1455,947,745,1982,2026,9556,19248,9556,17454,11369,8943,23788,24315,114673,96619,0,,,
3554,MT,"Missoula, MT MSA",1p3c,2248,1061,1540,1203,1027,2287,2865,12231,26976,12734,18474,14441,12329,27448,34374,146776,96619,0,,,
3554,MT,"Missoula, MT MSA",1p4c,2248,1299,1600,1278,1101,2287,3082,12895,26976,15591,19197,15336,13216,27448,36978,154742,96619,0,,,
3554,MT,"Missoula, MT MSA",2p0c,1339,675,1224,871,625,0,1006,5740,16068,8102,14687,10447,7504,0,12066,68874,96619,0,,,
3554,MT,"Missoula, MT MSA",2p1c,1604,838,1398,1127,758,991,1402,8117,19248,10053,16771,13520,9097,11894,16824,97406,96619,0,,,
3554,MT,"Missoula, MT MSA",2p2c,1604,1065,1478,1383,829,1982,1806,10147,19248,12784,17739,16592,9945,23788,21669,121765,96619,0,,,
3554,MT,"Missoula, MT MSA",2p3c,2248,1300,1535,1639,1101,2287,2524,12634,26976,15596,18422,19665,13217,27448,30283,151607,96619,0,,,
3554,MT,"Missoula, MT MSA",2p4c,2248,1591,1581,1713,1192,2287,2767,13379,26976,19089,18969,20560,14302,27448,33209,160552,96619,0,,,
3555,AL,"Washington County, AL HUD Metro FMR Area",1p0c,810,322,1236,475,352,0,781,3975,9720,3865,14829,5699,4218,0,9366,47698,84911,0,,,
3555,AL,"Washington County, AL HUD Metro FMR Area",1p1c,1092,472,1486,706,486,619,916,5777,13104,5668,17829,8472,5828,7422,10995,69318,84911,0,,,
3555,AL,"Washington County, AL HUD Metro FMR Area",1p2c,1092,697,1633,937,555,1179,1134,7227,13104,8359,19598,11245,6664,14148,13606,86722,84911,0,,,
3555,AL,"Washington County, AL HUD Metro FMR Area",1p3c,1435,928,1742,1168,734,1352,1513,8871,17220,11138,20902,14017,8804,16218,18151,106451,84911,0,,,
3555,AL,"Washington County, AL HUD Metro FMR Area",1p4c,1435,1136,1822,1209,798,1352,1721,9473,17220,13637,21863,14508,9580,16218,20653,113679,84911,0,,,
3555,AL,"Washington County, AL HUD Metro FMR Area",2p0c,908,591,1421,950,465,0,924,5258,10896,7087,17047,11398,5583,0,11086,63097,84911,0,,,
3555,AL,"Washington County, AL HUD Metro FMR Area",2p1c,1092,733,1559,1181,567,619,1088,6838,13104,8793,18706,14171,6798,7422,13057,82051,84911,0,,,
3555,AL,"Washington County, AL HUD Metro FMR Area",2p2c,1092,932,1660,1412,628,1179,1171,8075,13104,11182,19925,16944,7540,14148,14057,96900,84911,0,,,
3555,AL,"Washington County, AL HUD Metro FMR Area",2p3c,1435,1137,1735,1643,799,1352,1401,9501,17220,13641,20819,19716,9582,16218,16817,114013,84911,0,,,
3555,AL,"Washington County, AL HUD Metro FMR Area",2p4c,1435,1391,1876,1684,878,1352,1626,10241,17220,16697,22512,20207,10530,16218,19507,122892,84911,0,,,
3556,AL,"Mobile, AL HUD Metro FMR Area",1p0c,812,350,1015,471,361,0,723,3731,9744,4200,12175,5652,4329,0,8674,44774,74098,0,,,
3556,AL,"Mobile, AL HUD Metro FMR Area",1p1c,1094,513,1231,700,499,623,854,5515,13128,6159,14776,8401,5988,7476,10251,66179,74098,0,,,
3556,AL,"Mobile, AL HUD Metro FMR Area",1p2c,1094,757,1352,929,575,1188,1045,6940,13128,9082,16222,11150,6896,14255,12542,83274,74098,0,,,
3556,AL,"Mobile, AL HUD Metro FMR Area",1p3c,1441,1009,1502,1158,761,1362,1448,8679,17292,12102,18020,13899,9126,16340,17374,104153,74098,0,,,
3556,AL,"Mobile, AL HUD Metro FMR Area",1p4c,1441,1235,1566,1199,831,1362,1657,9291,17292,14817,18793,14390,9969,16340,19888,111488,74098,0,,,
3556,AL,"Mobile, AL HUD Metro FMR Area",2p0c,908,642,1187,942,481,0,869,5029,10896,7700,14239,11303,5774,0,10432,60344,74098,0,,,
3556,AL,"Mobile, AL HUD Metro FMR Area",2p1c,1094,796,1301,1171,587,623,1033,6605,13128,9554,15615,14052,7042,7476,12397,79264,74098,0,,,
3556,AL,"Mobile, AL HUD Metro FMR Area",2p2c,1094,1013,1447,1400,654,1188,1138,7933,13128,12150,17359,16801,7848,14255,13652,95192,74098,0,,,
3556,AL,"Mobile, AL HUD Metro FMR Area",2p3c,1441,1235,1507,1629,831,1362,1361,9367,17292,14822,18089,19550,9971,16340,16334,112399,74098,0,,,
3556,AL,"Mobile, AL HUD Metro FMR Area",2p4c,1441,1512,1557,1670,917,1362,1556,10014,17292,18142,18685,20041,11001,16340,18667,120169,74098,0,,,
3557,CA,"Modesto, CA MSA",1p0c,1130,365,1093,525,464,0,819,4398,13560,4385,13120,6305,5571,0,9829,52770,89051,0,,,
3557,CA,"Modesto, CA MSA",1p1c,1566,536,1322,835,653,867,1005,6784,18792,6430,15861,10025,7831,10405,12064,81408,89051,0,,,
3557,CA,"Modesto, CA MSA",1p2c,1566,790,1448,1145,732,1292,1252,8225,18792,9481,17372,13745,8778,15500,15027,98696,89051,0,,,
3557,CA,"Modesto, CA MSA",1p3c,2194,1053,1601,1455,1008,1422,2174,10908,26328,12634,19207,17465,12097,17068,26093,130892,89051,0,,,
3557,CA,"Modesto, CA MSA",1p4c,2194,1289,1667,1537,1081,1422,2399,11589,26328,15469,20003,18439,12977,17068,28787,139070,89051,0,,,
3557,CA,"Modesto, CA MSA",2p0c,1209,670,1257,1051,583,0,845,5615,14508,8039,15089,12610,7000,0,10140,67385,89051,0,,,
3557,CA,"Modesto, CA MSA",2p1c,1566,831,1376,1361,744,867,1123,7869,18792,9974,16517,16330,8931,10405,13473,94423,89051,0,,,
3557,CA,"Modesto, CA MSA",2p2c,1566,1057,1524,1671,814,1292,1235,9159,18792,12684,18288,20050,9772,15500,14823,109910,89051,0,,,
3557,CA,"Modesto, CA MSA",2p3c,2194,1290,1586,1981,1082,1422,1819,11374,26328,15474,19035,23770,12978,17068,21831,136484,89051,0,,,
3557,CA,"Modesto, CA MSA",2p4c,2194,1578,1637,2062,1171,1422,2079,12143,26328,18940,19640,24744,14054,17068,24944,145719,89051,0,,,
3558,LA,"Morehouse Parish, LA HUD Metro FMR Area",1p0c,684,313,1087,525,309,0,645,3562,8208,3750,13043,6294,3713,0,7736,42744,50107,0,,,
3558,LA,"Morehouse Parish, LA HUD Metro FMR Area",1p1c,903,458,1304,824,423,655,763,5331,10836,5499,15648,9890,5072,7862,9160,63967,50107,0,,,
3558,LA,"Morehouse Parish, LA HUD Metro FMR Area",1p2c,903,676,1433,1124,490,1263,1006,6894,10836,8109,17192,13486,5882,15158,12067,82730,50107,0,,,
3558,LA,"Morehouse Parish, LA HUD Metro FMR Area",1p3c,1188,901,1528,1424,648,1450,1395,8533,14256,10806,18337,17082,7781,17403,16734,102398,50107,0,,,
3558,LA,"Morehouse Parish, LA HUD Metro FMR Area",1p4c,1188,1103,1599,1496,711,1450,1619,9166,14256,13230,19185,17954,8534,17403,19426,109988,50107,0,,,
3558,LA,"Morehouse Parish, LA HUD Metro FMR Area",2p0c,688,573,1251,1049,392,0,718,4670,8256,6875,15007,12588,4698,0,8614,56038,50107,0,,,
3558,LA,"Morehouse Parish, LA HUD Metro FMR Area",2p1c,903,711,1371,1349,501,655,897,6388,10836,8530,16457,16184,6013,7862,10768,76650,50107,0,,,
3558,LA,"Morehouse Parish, LA HUD Metro FMR Area",2p2c,903,904,1461,1648,561,1263,999,7740,10836,10848,17528,19780,6732,15158,11991,92874,50107,0,,,
3558,LA,"Morehouse Parish, LA HUD Metro FMR Area",2p3c,1188,1103,1527,1948,711,1450,1195,9122,14256,13234,18318,23376,8535,17403,14342,109464,50107,0,,,
3558,LA,"Morehouse Parish, LA HUD Metro FMR Area",2p4c,1188,1350,1652,2021,788,1450,1418,9866,14256,16199,19818,24248,9455,17403,17017,118396,50107,0,,,
3559,LA,"Monroe, LA HUD Metro FMR Area",1p0c,766,321,1054,525,338,0,671,3674,9192,3853,12647,6294,4050,0,8047,44084,67805.1154,0,,,
3559,LA,"Monroe, LA HUD Metro FMR Area",1p1c,995,471,1239,824,455,719,808,5511,11940,5650,14863,9890,5461,8632,9690,66126,67805.1154,0,,,
3559,LA,"Monroe, LA HUD Metro FMR Area",1p2c,995,694,1348,1124,525,1387,1092,7165,11940,8332,16178,13486,6294,16644,13104,85978,67805.1154,0,,,
3559,LA,"Monroe, LA HUD Metro FMR Area",1p3c,1276,925,1430,1424,683,1592,1497,8827,15312,11103,17155,17082,8201,19109,17959,105921,67805.1154,0,,,
3559,LA,"Monroe, LA HUD Metro FMR Area",1p4c,1276,1133,1490,1496,748,1592,1726,9461,15312,13593,17877,17954,8974,19109,20709,113530,67805.1154,0,,,
3559,LA,"Monroe, LA HUD Metro FMR Area",2p0c,767,589,1190,1049,421,0,736,4752,9204,7064,14275,12588,5051,0,8837,57019,67805.1154,0,,,
3559,LA,"Monroe, LA HUD Metro FMR Area",2p1c,995,730,1294,1349,536,719,939,6562,11940,8765,15526,16184,6428,8632,11267,78742,67805.1154,0,,,
3559,LA,"Monroe, LA HUD Metro FMR Area",2p2c,995,929,1371,1648,597,1387,1056,7983,11940,11146,16452,19780,7168,16644,12670,95800,67805.1154,0,,,
3559,LA,"Monroe, LA HUD Metro FMR Area",2p3c,1276,1133,1428,1948,748,1592,1279,9405,15312,13598,17134,23376,8976,19109,15352,112857,67805.1154,0,,,
3559,LA,"Monroe, LA HUD Metro FMR Area",2p4c,1276,1387,1542,2021,827,1592,1507,10152,15312,16644,18509,24248,9921,19109,18083,121827,67805.1154,0,,,
3560,MI,"Monroe, MI MSA",1p0c,867,337,1097,376,374,0,663,3713,10404,4039,13163,4511,4484,0,7953,44553,94188,0,,,
3560,MI,"Monroe, MI MSA",1p1c,1264,494,1433,586,546,674,899,5896,15168,5922,17201,7035,6548,8089,10792,70755,94188,0,,,
3560,MI,"Monroe, MI MSA",1p2c,1264,728,1583,797,618,1328,1167,7486,15168,8733,19001,9559,7421,15938,14008,89828,94188,0,,,
3560,MI,"Monroe, MI MSA",1p3c,1570,970,1685,1007,789,1530,1522,9072,18840,11637,20219,12084,9462,18354,18268,108864,94188,0,,,
3560,MI,"Monroe, MI MSA",1p4c,1570,1187,1757,1067,856,1530,1724,9691,18840,14247,21080,12802,10273,18354,20693,116289,94188,0,,,
3560,MI,"Monroe, MI MSA",2p0c,963,617,1382,752,491,0,826,5030,11556,7404,16581,9021,5887,0,9915,60364,94188,0,,,
3560,MI,"Monroe, MI MSA",2p1c,1264,766,1524,962,630,674,1052,6871,15168,9187,18285,11546,7561,8089,12619,82455,94188,0,,,
3560,MI,"Monroe, MI MSA",2p2c,1264,974,1619,1173,695,1328,1125,8177,15168,11683,19431,14070,8336,15938,13497,98123,94188,0,,,
3560,MI,"Monroe, MI MSA",2p3c,1570,1188,1686,1383,856,1530,1323,9536,18840,14252,20237,16594,10274,18354,15874,114426,94188,0,,,
3560,MI,"Monroe, MI MSA",2p4c,1570,1454,1812,1443,939,1530,1533,10280,18840,17445,21743,17312,11265,18354,18399,123358,94188,0,,,
3561,AL,"Montgomery, AL MSA",1p0c,848,353,1050,475,373,0,751,3850,10176,4234,12601,5699,4474,0,9010,46195,77831.23065,0,,,
3561,AL,"Montgomery, AL MSA",1p1c,1055,517,1286,706,488,633,862,5548,12660,6209,15436,8472,5858,7592,10345,66572,77831.23065,0,,,
3561,AL,"Montgomery, AL MSA",1p2c,1055,763,1478,937,564,1207,1094,7099,12660,9156,17734,11245,6773,14487,13129,85185,77831.23065,0,,,
3561,AL,"Montgomery, AL MSA",1p3c,1345,1017,1572,1168,733,1384,1441,8660,16140,12201,18859,14017,8799,16609,17297,103922,77831.23065,0,,,
3561,AL,"Montgomery, AL MSA",1p4c,1345,1245,1639,1209,804,1384,1653,9279,16140,14938,19665,14508,9649,16609,19838,111347,77831.23065,0,,,
3561,AL,"Montgomery, AL MSA",2p0c,888,647,1239,950,477,0,882,5082,10656,7763,14863,11398,5719,0,10584,60983,77831.23065,0,,,
3561,AL,"Montgomery, AL MSA",2p1c,1055,803,1424,1181,577,633,1064,6736,12660,9632,17085,14171,6921,7592,12767,80828,77831.23065,0,,,
3561,AL,"Montgomery, AL MSA",2p2c,1055,1021,1513,1412,645,1207,1155,8008,12660,12249,18152,16944,7734,14487,13865,96090,77831.23065,0,,,
3561,AL,"Montgomery, AL MSA",2p3c,1345,1245,1576,1643,804,1384,1358,9356,16140,14943,18913,19716,9650,16609,16295,112266,77831.23065,0,,,
3561,AL,"Montgomery, AL MSA",2p4c,1345,1524,1627,1684,891,1384,1554,10009,16140,18290,19525,20207,10690,16609,18649,120110,77831.23065,0,,,
3562,WV,"Morgantown, WV MSA",1p0c,838,345,1038,760,367,0,830,4178,10056,4137,12451,9121,4407,0,9961,50133,95761.61725,0,,,
3562,WV,"Morgantown, WV MSA",1p1c,1065,506,1327,1201,488,810,1170,6567,12780,6067,15927,14410,5851,9718,14045,78798,95761.61725,0,,,
3562,WV,"Morgantown, WV MSA",1p2c,1065,746,1455,1642,562,1525,1701,8696,12780,8946,17462,19698,6745,18302,20413,104346,95761.61725,0,,,
3562,WV,"Morgantown, WV MSA",1p3c,1283,993,1543,2082,707,1745,2228,10581,15396,11921,18511,24986,8481,20943,26737,126976,95761.61725,0,,,
3562,WV,"Morgantown, WV MSA",1p4c,1283,1216,1604,2172,776,1745,2489,11286,15396,14596,19253,26067,9312,20943,29862,135428,95761.61725,0,,,
3562,WV,"Morgantown, WV MSA",2p0c,844,632,1279,1520,458,0,1084,5817,10128,7585,15344,18243,5499,0,13006,69805,95761.61725,0,,,
3562,WV,"Morgantown, WV MSA",2p1c,1065,784,1401,1961,574,810,1432,8027,12780,9411,16811,23531,6890,9718,17181,96323,95761.61725,0,,,
3562,WV,"Morgantown, WV MSA",2p2c,1065,997,1484,2402,640,1525,1760,9874,12780,11968,17810,28819,7684,18302,21124,118487,95761.61725,0,,,
3562,WV,"Morgantown, WV MSA",2p3c,1283,1217,1543,2842,776,1745,2192,11598,15396,14601,18513,34107,9313,20943,26303,139177,95761.61725,0,,,
3562,WV,"Morgantown, WV MSA",2p4c,1283,1489,1590,2932,861,1745,2461,12362,15396,17871,19075,35188,10328,20943,29537,148338,95761.61725,0,,,
3563,TN,"Morristown, TN HUD Metro FMR Area",1p0c,820,343,1105,457,361,0,559,3646,9840,4121,13255,5489,4334,0,6712,43751,73617.19474,0,,,
3563,TN,"Morristown, TN HUD Metro FMR Area",1p1c,1069,504,1332,717,488,558,576,5244,12828,6043,15989,8604,5859,6692,6916,62930,73617.19474,0,,,
3563,TN,"Morristown, TN HUD Metro FMR Area",1p2c,1069,743,1463,977,562,811,567,6192,12828,8911,17553,11718,6749,9733,6809,74301,73617.19474,0,,,
3563,TN,"Morristown, TN HUD Metro FMR Area",1p3c,1402,990,1557,1236,743,889,761,7577,16824,11874,18688,14832,8910,10669,9129,90925,73617.19474,0,,,
3563,TN,"Morristown, TN HUD Metro FMR Area",1p4c,1402,1211,1696,1304,811,889,970,8284,16824,14537,20351,15645,9737,10669,11639,99403,73617.19474,0,,,
3563,TN,"Morristown, TN HUD Metro FMR Area",2p0c,825,630,1278,915,452,0,611,4709,9900,7555,15330,10979,5419,0,7328,56511,73617.19474,0,,,
3563,TN,"Morristown, TN HUD Metro FMR Area",2p1c,1069,781,1400,1174,574,558,694,6251,12828,9374,16798,14093,6893,6692,8333,75010,73617.19474,0,,,
3563,TN,"Morristown, TN HUD Metro FMR Area",2p2c,1069,993,1488,1434,640,811,637,7073,12828,11920,17857,17207,7684,9733,7649,84878,73617.19474,0,,,
3563,TN,"Morristown, TN HUD Metro FMR Area",2p3c,1402,1212,1622,1693,812,889,732,8361,16824,14542,19462,20321,9738,10669,8778,100335,73617.19474,0,,,
3563,TN,"Morristown, TN HUD Metro FMR Area",2p4c,1402,1483,1677,1761,896,889,879,8987,16824,17800,20120,21135,10750,10669,10550,107847,73617.19474,0,,,
3564,TN,"Grainger County, TN HUD Metro FMR Area",1p0c,681,356,1169,457,322,0,535,3520,8172,4269,14028,5489,3863,0,6414,42236,66264,0,,,
3564,TN,"Grainger County, TN HUD Metro FMR Area",1p1c,899,522,1405,717,441,558,546,5087,10788,6261,16863,8604,5293,6692,6546,61045,66264,0,,,
3564,TN,"Grainger County, TN HUD Metro FMR Area",1p2c,899,769,1544,977,518,811,534,6052,10788,9232,18523,11718,6216,9733,6411,72621,66264,0,,,
3564,TN,"Grainger County, TN HUD Metro FMR Area",1p3c,1187,1025,1645,1236,687,889,699,7369,14244,12302,19744,14832,8242,10669,8390,88423,66264,0,,,
3564,TN,"Grainger County, TN HUD Metro FMR Area",1p4c,1187,1255,1720,1304,758,889,886,7999,14244,15061,20643,15645,9099,10669,10627,95989,66264,0,,,
3564,TN,"Grainger County, TN HUD Metro FMR Area",2p0c,685,652,1344,915,415,0,589,4601,8220,7827,16126,10979,4982,0,7073,55207,66264,0,,,
3564,TN,"Grainger County, TN HUD Metro FMR Area",2p1c,899,809,1474,1174,530,558,667,6111,10788,9712,17682,14093,6365,6692,8004,73335,66264,0,,,
3564,TN,"Grainger County, TN HUD Metro FMR Area",2p2c,899,1029,1568,1434,599,811,614,6954,10788,12350,18821,17207,7184,9733,7370,83453,66264,0,,,
3564,TN,"Grainger County, TN HUD Metro FMR Area",2p3c,1187,1256,1638,1693,758,889,670,8091,14244,15067,19656,20321,9100,10669,8035,97093,66264,0,,,
3564,TN,"Grainger County, TN HUD Metro FMR Area",2p4c,1187,1537,1770,1761,846,889,842,8832,14244,18441,21241,21135,10148,10669,10103,105982,66264,0,,,
3565,WA,"Mount Vernon-Anacortes, WA MSA",1p0c,1166,378,1164,395,479,0,681,4263,13992,4535,13967,4738,5752,0,8167,51151,99179,0,,,
3565,WA,"Mount Vernon-Anacortes, WA MSA",1p1c,1701,554,1487,627,700,1471,1197,7737,20412,6650,17844,7520,8402,17653,14365,92845,99179,0,,,
3565,WA,"Mount Vernon-Anacortes, WA MSA",1p2c,1701,817,1633,859,782,2483,1646,9920,20412,9806,19593,10302,9382,29796,19754,119045,99179,0,,,
3565,WA,"Mount Vernon-Anacortes, WA MSA",1p3c,2384,1089,1732,1090,1078,2794,2278,12447,28608,13066,20788,13083,12939,33533,27341,149359,99179,0,,,
3565,WA,"Mount Vernon-Anacortes, WA MSA",1p4c,2384,1333,1803,1162,1154,2794,2454,13085,28608,15998,21635,13943,13849,33533,29450,157015,99179,0,,,
3565,WA,"Mount Vernon-Anacortes, WA MSA",2p0c,1300,693,1420,790,619,0,788,5609,15600,8314,17043,9476,7425,0,9452,67309,99179,0,,,
3565,WA,"Mount Vernon-Anacortes, WA MSA",2p1c,1701,860,1559,1022,795,1471,1147,8554,20412,10315,18704,12258,9540,17653,13767,102649,99179,0,,,
3565,WA,"Mount Vernon-Anacortes, WA MSA",2p2c,1701,1093,1653,1253,868,2483,1429,10480,20412,13118,19834,15040,10410,29796,17146,125755,99179,0,,,
3565,WA,"Mount Vernon-Anacortes, WA MSA",2p3c,2384,1334,1719,1485,1154,2794,1947,12817,28608,16003,20631,17821,13851,33533,23361,153808,99179,0,,,
3565,WA,"Mount Vernon-Anacortes, WA MSA",2p4c,2384,1632,1772,1557,1247,2794,2166,13553,28608,19588,21264,18681,14963,33533,25996,162632,99179,0,,,
3566,IN,"Muncie, IN MSA",1p0c,736,312,1000,411,325,0,608,3391,8832,3739,11999,4927,3903,0,7294,40694,71918,0,,,
3566,IN,"Muncie, IN MSA",1p1c,982,457,1224,642,447,879,761,5391,11784,5482,14689,7701,5361,10545,9131,64693,71918,0,,,
3566,IN,"Muncie, IN MSA",1p2c,982,674,1347,873,514,1562,941,6893,11784,8084,16167,10475,6169,18741,11297,82718,71918,0,,,
3566,IN,"Muncie, IN MSA",1p3c,1289,898,1498,1104,679,1772,1287,8526,15468,10772,17972,13249,8147,21263,15441,102313,71918,0,,,
3566,IN,"Muncie, IN MSA",1p4c,1289,1099,1563,1167,741,1772,1479,9109,15468,13189,18750,13998,8897,21263,17747,109312,71918,0,,,
3566,IN,"Muncie, IN MSA",2p0c,802,571,1178,821,426,0,703,4502,9624,6854,14138,9855,5116,0,8436,54023,71918,0,,,
3566,IN,"Muncie, IN MSA",2p1c,982,709,1295,1052,525,879,895,6337,11784,8504,15544,12629,6299,10545,10741,76045,71918,0,,,
3566,IN,"Muncie, IN MSA",2p2c,982,901,1441,1284,585,1562,991,7745,11784,10815,17294,15402,7016,18741,11888,92941,71918,0,,,
3566,IN,"Muncie, IN MSA",2p3c,1289,1099,1503,1515,742,1772,1153,9072,15468,13193,18030,18176,8899,21263,13836,108866,71918,0,,,
3566,IN,"Muncie, IN MSA",2p4c,1289,1346,1552,1577,818,1772,1320,9674,15468,16149,18627,18925,9816,21263,15836,116084,71918,0,,,
3567,MI,"Muskegon, MI MSA",1p0c,797,324,1085,435,348,0,655,3644,9564,3889,13017,5222,4177,0,7856,43725,77036,0,,,
3567,MI,"Muskegon, MI MSA",1p1c,1153,475,1303,681,506,641,817,5575,13836,5702,15631,8173,6066,7686,9800,66894,77036,0,,,
3567,MI,"Muskegon, MI MSA",1p2c,1153,701,1423,927,576,1334,1072,7185,13836,8409,17079,11123,6906,16007,12858,86218,77036,0,,,
3567,MI,"Muskegon, MI MSA",1p3c,1408,934,1574,1173,727,1547,1419,8782,16896,11205,18893,14073,8724,18567,17031,105389,77036,0,,,
3567,MI,"Muskegon, MI MSA",1p4c,1408,1143,1639,1237,792,1547,1613,9379,16896,13718,19666,14844,9505,18567,19350,112546,77036,0,,,
3567,MI,"Muskegon, MI MSA",2p0c,879,594,1249,870,457,0,778,4828,10548,7129,14988,10444,5488,0,9338,57936,77036,0,,,
3567,MI,"Muskegon, MI MSA",2p1c,1153,737,1364,1116,587,641,982,6579,13836,8845,16366,13395,7042,7686,11779,78949,77036,0,,,
3567,MI,"Muskegon, MI MSA",2p2c,1153,937,1511,1362,649,1334,1091,8037,13836,11249,18128,16345,7788,16007,13096,96448,77036,0,,,
3567,MI,"Muskegon, MI MSA",2p3c,1408,1144,1572,1608,792,1547,1262,9332,16896,13723,18859,19295,9506,18567,15138,111985,77036,0,,,
3567,MI,"Muskegon, MI MSA",2p4c,1408,1400,1621,1672,872,1547,1431,9950,16896,16797,19452,20066,10461,18567,17168,119405,77036,0,,,
3568,SC,"Myrtle Beach-North Myrtle Beach-Conway, SC HUD Metro FMR Area",1p0c,1133,349,1047,379,460,0,836,4203,13596,4189,12560,4544,5522,0,10027,50438,77159,0,,,
3568,SC,"Myrtle Beach-North Myrtle Beach-Conway, SC HUD Metro FMR Area",1p1c,1406,512,1263,591,595,918,989,6275,16872,6142,15157,7092,7145,11018,11868,75295,77159,0,,,
3568,SC,"Myrtle Beach-North Myrtle Beach-Conway, SC HUD Metro FMR Area",1p2c,1406,755,1385,803,671,1616,1304,7940,16872,9057,16616,9640,8050,19392,15649,95276,77159,0,,,
3568,SC,"Myrtle Beach-North Myrtle Beach-Conway, SC HUD Metro FMR Area",1p3c,1771,1006,1535,1016,862,1831,1831,9851,21252,12069,18422,12189,10345,21969,21966,118211,77159,0,,,
3568,SC,"Myrtle Beach-North Myrtle Beach-Conway, SC HUD Metro FMR Area",1p4c,1771,1231,1601,1078,932,1831,2055,10499,21252,14777,19206,12933,11186,21969,24661,125983,77159,0,,,
3568,SC,"Myrtle Beach-North Myrtle Beach-Conway, SC HUD Metro FMR Area",2p0c,1199,640,1212,757,571,0,851,5230,14388,7679,14544,9088,6851,0,10208,62758,77159,0,,,
3568,SC,"Myrtle Beach-North Myrtle Beach-Conway, SC HUD Metro FMR Area",2p1c,1406,794,1327,970,683,918,1064,7162,16872,9528,15921,11636,8196,11018,12767,85939,77159,0,,,
3568,SC,"Myrtle Beach-North Myrtle Beach-Conway, SC HUD Metro FMR Area",2p2c,1406,1010,1472,1182,750,1616,1185,8621,16872,12116,17665,14184,9000,19392,14222,103452,77159,0,,,
3568,SC,"Myrtle Beach-North Myrtle Beach-Conway, SC HUD Metro FMR Area",2p3c,1771,1232,1533,1394,932,1831,1520,10213,21252,14782,18401,16733,11187,21969,18238,122561,77159,0,,,
3568,SC,"Myrtle Beach-North Myrtle Beach-Conway, SC HUD Metro FMR Area",2p4c,1771,1508,1583,1456,1018,1831,1727,10894,21252,18092,18998,17476,12215,21969,20727,130730,77159,0,,,
3569,NC,"Brunswick County, NC HUD Metro FMR Area",1p0c,1057,374,1066,518,444,0,868,4328,12684,4489,12793,6220,5332,0,10420,51936,87470,0,,,
3569,NC,"Brunswick County, NC HUD Metro FMR Area",1p1c,1282,549,1328,814,568,738,1057,6336,15384,6582,15931,9771,6820,8858,12685,76031,87470,0,,,
3569,NC,"Brunswick County, NC HUD Metro FMR Area",1p2c,1282,809,1538,1110,649,1127,1347,7862,15384,9706,18451,13322,7790,13528,16166,94346,87470,0,,,
3569,NC,"Brunswick County, NC HUD Metro FMR Area",1p3c,1796,1078,1645,1406,892,1247,1968,10033,21552,12933,19740,16873,10707,14964,23619,120390,87470,0,,,
3569,NC,"Brunswick County, NC HUD Metro FMR Area",1p4c,1796,1320,1722,1478,967,1247,2230,10760,21552,15835,20669,17741,11608,14964,26755,129124,87470,0,,,
3569,NC,"Brunswick County, NC HUD Metro FMR Area",2p0c,1158,686,1272,1037,572,0,1011,5736,13896,8229,15267,12439,6869,0,12130,68830,87470,0,,,
3569,NC,"Brunswick County, NC HUD Metro FMR Area",2p1c,1282,851,1473,1333,662,738,1245,7583,15384,10210,17674,15991,7946,8858,14936,91000,87470,0,,,
3569,NC,"Brunswick County, NC HUD Metro FMR Area",2p2c,1282,1082,1573,1629,734,1127,1309,8736,15384,12984,18877,19542,8808,13528,15705,104828,87470,0,,,
3569,NC,"Brunswick County, NC HUD Metro FMR Area",2p3c,1796,1320,1645,1924,967,1247,1777,10677,21552,15840,19740,23093,11609,14964,21324,128123,87470,0,,,
3569,NC,"Brunswick County, NC HUD Metro FMR Area",2p4c,1796,1616,1703,1997,1059,1247,2050,11467,21552,19388,20437,23960,12711,14964,24595,137608,87470,0,,,
3570,CA,"Napa, CA MSA",1p0c,1915,443,1217,568,732,0,1552,6428,22980,5319,14605,6815,8786,0,18624,77130,129463,0,,,
3570,CA,"Napa, CA MSA",1p1c,2792,650,1528,903,1069,1208,2525,10674,33504,7800,18330,10840,12824,14492,30295,128085,129463,0,,,
3570,CA,"Napa, CA MSA",1p2c,2792,959,1749,1239,1164,2436,3509,13847,33504,11503,20987,14866,13973,29231,42104,166167,129463,0,,,
3570,CA,"Napa, CA MSA",1p3c,3636,1277,1855,1574,1525,2814,4736,17417,43632,15327,22256,18891,18305,33765,56829,209006,129463,0,,,
3570,CA,"Napa, CA MSA",1p4c,3636,1564,1928,1659,1614,2814,5135,18349,43632,18766,23137,19903,19373,33765,61614,220190,129463,0,,,
3570,CA,"Napa, CA MSA",2p0c,2128,813,1459,1136,913,0,1395,7843,25536,9752,17505,13630,10956,0,16736,94116,129463,0,,,
3570,CA,"Napa, CA MSA",2p1c,2792,1008,1672,1471,1180,1208,2424,11755,33504,12100,20062,17656,14159,14492,29087,141060,129463,0,,,
3570,CA,"Napa, CA MSA",2p2c,2792,1282,1772,1807,1265,2436,3303,14656,33504,15388,21259,21681,15179,29231,39633,175874,129463,0,,,
3570,CA,"Napa, CA MSA",2p3c,3636,1564,1840,2142,1615,2814,4433,18044,43632,18772,22085,25706,19375,33765,53197,216532,129463,0,,,
3570,CA,"Napa, CA MSA",2p4c,3636,1915,1894,2227,1723,2814,4789,18997,43632,22977,22724,26718,20680,33765,57464,227960,129463,0,,,
3571,FL,"Naples-Immokalee-Marco Island, FL MSA",1p0c,1362,410,1007,516,550,0,761,4606,16344,4916,12086,6189,6600,0,9134,55269,103778,0,,,
3571,FL,"Naples-Immokalee-Marco Island, FL MSA",1p1c,1860,601,1300,810,764,943,1091,7369,22320,7208,15603,9721,9168,11315,13094,88429,103778,0,,,
3571,FL,"Naples-Immokalee-Marco Island, FL MSA",1p2c,1860,886,1432,1105,853,1577,1390,9102,22320,10629,17188,13254,10230,18919,16677,109218,103778,0,,,
3571,FL,"Naples-Immokalee-Marco Island, FL MSA",1p3c,2453,1180,1523,1399,1128,1772,1943,11398,29436,14164,18276,16787,13536,21259,23317,136775,103778,0,,,
3571,FL,"Naples-Immokalee-Marco Island, FL MSA",1p4c,2453,1445,1587,1471,1210,1772,2170,12108,29436,17341,19047,17652,14523,21259,26043,145301,103778,0,,,
3571,FL,"Naples-Immokalee-Marco Island, FL MSA",2p0c,1596,751,1252,1031,729,0,919,6278,19152,9012,15024,12377,8744,0,11032,75341,103778,0,,,
3571,FL,"Naples-Immokalee-Marco Island, FL MSA",2p1c,1860,932,1378,1326,867,943,1122,8427,22320,11182,16534,15910,10401,11315,13468,101129,103778,0,,,
3571,FL,"Naples-Immokalee-Marco Island, FL MSA",2p2c,1860,1185,1464,1620,945,1577,1286,9937,22320,14219,17564,19443,11344,18919,15433,119243,103778,0,,,
3571,FL,"Naples-Immokalee-Marco Island, FL MSA",2p3c,2453,1446,1524,1915,1210,1772,1713,12032,29436,17347,18292,22976,14525,21259,20551,144386,103778,0,,,
3571,FL,"Naples-Immokalee-Marco Island, FL MSA",2p4c,2453,1769,1638,1987,1311,1772,1972,12902,29436,21233,19658,23840,15731,21259,23664,154821,103778,0,,,
3572,TN,"Nashville-Davidson--Murfreesboro--Franklin, TN HUD Metro FMR Area",1p0c,1589,388,1078,519,614,0,891,5078,19068,4652,12933,6230,7365,0,10692,60940,105052.0653,1,64,71,37
3572,TN,"Nashville-Davidson--Murfreesboro--Franklin, TN HUD Metro FMR Area",1p1c,1827,569,1385,816,744,734,1016,7089,21924,6822,16617,9788,8925,8806,12187,85069,105052.0653,1,64,71,37
3572,TN,"Nashville-Davidson--Murfreesboro--Franklin, TN HUD Metro FMR Area",1p2c,1827,838,1518,1112,828,1115,1179,8417,21924,10060,18220,13345,9930,13380,14145,101004,105052.0653,1,64,71,37
3572,TN,"Nashville-Davidson--Murfreesboro--Franklin, TN HUD Metro FMR Area",1p3c,2308,1117,1608,1409,1063,1232,1610,10348,27696,13405,19301,16903,12761,14787,19322,124175,105052.0653,1,64,71,37
3572,TN,"Nashville-Davidson--Murfreesboro--Franklin, TN HUD Metro FMR Area",1p4c,2308,1368,1672,1481,1141,1232,1824,11026,27696,16413,20061,17771,13694,14787,21891,132312,105052.0653,1,64,71,37
3572,TN,"Nashville-Davidson--Murfreesboro--Franklin, TN HUD Metro FMR Area",2p0c,1650,711,1336,1038,733,0,946,6414,19800,8529,16026,12460,8795,0,11351,76962,105052.0653,1,64,71,37
3572,TN,"Nashville-Davidson--Murfreesboro--Franklin, TN HUD Metro FMR Area",2p1c,1827,882,1463,1335,841,734,1068,8149,21924,10583,17551,16018,10092,8806,12810,97784,105052.0653,1,64,71,37
3572,TN,"Nashville-Davidson--Murfreesboro--Franklin, TN HUD Metro FMR Area",2p2c,1827,1122,1548,1631,915,1115,1117,9275,21924,13458,18574,19576,10985,13380,13402,111298,105052.0653,1,64,71,37
3572,TN,"Nashville-Davidson--Murfreesboro--Franklin, TN HUD Metro FMR Area",2p3c,2308,1368,1608,1928,1141,1232,1401,10986,27696,16418,19290,23133,13696,14787,16815,131836,105052.0653,1,64,71,37
3572,TN,"Nashville-Davidson--Murfreesboro--Franklin, TN HUD Metro FMR Area",2p4c,2308,1675,1724,2000,1237,1232,1652,11827,27696,20096,20690,24001,14838,14787,19818,141925,105052.0653,1,64,71,37
3573,TN,"Macon County, TN HUD Metro FMR Area",1p0c,910,314,1185,531,380,0,616,3936,10920,3773,14216,6367,4562,0,7397,47235,71834,0,,,
3573,TN,"Macon County, TN HUD Metro FMR Area",1p1c,1046,461,1407,834,468,558,602,5375,12552,5533,16881,10007,5615,6692,7225,64504,71834,0,,,
3573,TN,"Macon County, TN HUD Metro FMR Area",1p2c,1046,680,1537,1137,536,811,606,6353,12552,8159,18444,13646,6430,9733,7273,76237,71834,0,,,
3573,TN,"Macon County, TN HUD Metro FMR Area",1p3c,1315,906,1633,1440,690,889,785,7658,15780,10872,19596,17285,8275,10669,9415,91892,71834,0,,,
3573,TN,"Macon County, TN HUD Metro FMR Area",1p4c,1315,1109,1704,1514,753,889,957,8241,15780,13311,20445,18163,9032,10669,11486,98887,71834,0,,,
3573,TN,"Macon County, TN HUD Metro FMR Area",2p0c,945,576,1345,1061,472,0,684,5084,11340,6917,16136,12734,5668,0,8213,61008,71834,0,,,
3573,TN,"Macon County, TN HUD Metro FMR Area",2p1c,1046,715,1467,1365,547,558,729,6426,12552,8583,17600,16374,6562,6692,8745,77107,71834,0,,,
3573,TN,"Macon County, TN HUD Metro FMR Area",2p2c,1046,910,1556,1668,607,811,677,7275,12552,10915,18675,20013,7286,9733,8123,87296,71834,0,,,
3573,TN,"Macon County, TN HUD Metro FMR Area",2p3c,1315,1110,1622,1971,753,889,740,8400,15780,13316,19464,23653,9033,10669,8885,100800,71834,0,,,
3573,TN,"Macon County, TN HUD Metro FMR Area",2p4c,1315,1358,1750,2044,830,889,904,9091,15780,16298,21000,24530,9959,10669,10849,109086,71834,0,,,
3574,TN,"Maury County, TN HUD Metro FMR Area",1p0c,1145,376,1137,540,472,0,702,4373,13740,4512,13643,6483,5667,0,8427,52471,88563,0,,,
3574,TN,"Maury County, TN HUD Metro FMR Area",1p1c,1475,551,1358,849,629,742,849,6453,17700,6616,16290,10191,7549,8903,10187,77437,88563,0,,,
3574,TN,"Maury County, TN HUD Metro FMR Area",1p2c,1475,813,1478,1158,710,1129,978,7741,17700,9756,17733,13900,8524,13546,11730,92890,88563,0,,,
3574,TN,"Maury County, TN HUD Metro FMR Area",1p3c,1869,1083,1629,1467,917,1248,1372,9585,22428,13000,19551,17609,10999,14975,16458,115020,88563,0,,,
3574,TN,"Maury County, TN HUD Metro FMR Area",1p4c,1869,1326,1692,1541,992,1248,1579,10247,22428,15916,20305,18495,11905,14975,18943,122968,88563,0,,,
3574,TN,"Maury County, TN HUD Metro FMR Area",2p0c,1153,689,1300,1080,572,0,781,5576,13836,8271,15598,12965,6864,0,9373,66907,88563,0,,,
3574,TN,"Maury County, TN HUD Metro FMR Area",2p1c,1475,855,1414,1390,724,742,949,7548,17700,10263,16964,16674,8682,8903,11393,90578,88563,0,,,
3574,TN,"Maury County, TN HUD Metro FMR Area",2p2c,1475,1088,1560,1699,796,1129,981,8727,17700,13051,18725,20383,9547,13546,11774,104727,88563,0,,,
3574,TN,"Maury County, TN HUD Metro FMR Area",2p3c,1869,1327,1620,2008,992,1248,1196,10259,22428,15922,19435,24092,11907,14975,14351,123109,88563,0,,,
3574,TN,"Maury County, TN HUD Metro FMR Area",2p4c,1869,1624,1667,2082,1085,1248,1397,10971,22428,19488,20009,24978,13014,14975,16760,131652,88563,0,,,
3575,TN,"Smith County, TN HUD Metro FMR Area",1p0c,793,327,1204,531,348,0,588,3789,9516,3923,14442,6367,4172,0,7050,45471,78868,0,,,
3575,TN,"Smith County, TN HUD Metro FMR Area",1p1c,1047,479,1446,834,474,558,618,5456,12564,5753,17353,10007,5687,6692,7415,65470,78868,0,,,
3575,TN,"Smith County, TN HUD Metro FMR Area",1p2c,1047,707,1583,1137,545,811,633,6462,12564,8483,18996,13646,6535,9733,7591,77549,78868,0,,,
3575,TN,"Smith County, TN HUD Metro FMR Area",1p3c,1383,942,1681,1440,722,889,862,7920,16596,11304,20177,17285,8662,10669,10347,95041,78868,0,,,
3575,TN,"Smith County, TN HUD Metro FMR Area",1p4c,1383,1153,1827,1514,788,889,1076,8630,16596,13840,21926,18163,9450,10669,12909,103554,78868,0,,,
3575,TN,"Smith County, TN HUD Metro FMR Area",2p0c,798,599,1383,1061,434,0,654,4929,9576,7193,16596,12734,5206,0,7848,59152,78868,0,,,
3575,TN,"Smith County, TN HUD Metro FMR Area",2p1c,1047,744,1512,1365,556,558,749,6529,12564,8924,18138,16374,6671,6692,8990,78353,78868,0,,,
3575,TN,"Smith County, TN HUD Metro FMR Area",2p2c,1047,946,1603,1668,619,811,700,7394,12564,11349,19241,20013,7424,9733,8403,88728,78868,0,,,
3575,TN,"Smith County, TN HUD Metro FMR Area",2p3c,1383,1154,1744,1971,788,889,823,8751,16596,13845,20929,23653,9451,10669,9874,105017,78868,0,,,
3575,TN,"Smith County, TN HUD Metro FMR Area",2p4c,1383,1412,1801,2044,868,889,972,9369,16596,16946,21607,24530,10414,10669,11663,112426,78868,0,,,
3576,NC,"Craven County, NC HUD Metro FMR Area",1p0c,996,356,1063,585,420,0,855,4275,11952,4269,12758,7021,5036,0,10260,51297,81741,0,,,
3576,NC,"Craven County, NC HUD Metro FMR Area",1p1c,1315,522,1312,921,570,745,1108,6493,15780,6261,15741,11051,6843,8942,13294,77912,81741,0,,,
3576,NC,"Craven County, NC HUD Metro FMR Area",1p2c,1315,769,1448,1257,647,1149,1386,7972,15780,9232,17381,15082,7766,13787,16637,95664,81741,0,,,
3576,NC,"Craven County, NC HUD Metro FMR Area",1p3c,1767,1025,1611,1593,867,1273,2011,10148,21204,12302,19337,19113,10403,15277,24136,121772,81741,0,,,
3576,NC,"Craven County, NC HUD Metro FMR Area",1p4c,1767,1255,1683,1670,938,1273,2263,10849,21204,15061,20197,20039,11259,15277,27151,130189,81741,0,,,
3576,NC,"Craven County, NC HUD Metro FMR Area",2p0c,1002,652,1259,1170,514,0,968,5565,12024,7827,15104,14041,6163,0,11616,66776,81741,0,,,
3576,NC,"Craven County, NC HUD Metro FMR Area",2p1c,1315,809,1387,1506,660,745,1273,7695,15780,9712,16649,18072,7914,8942,15274,92343,81741,0,,,
3576,NC,"Craven County, NC HUD Metro FMR Area",2p2c,1315,1029,1544,1842,728,1149,1391,8998,15780,12350,18533,22102,8734,13787,16693,107979,81741,0,,,
3576,NC,"Craven County, NC HUD Metro FMR Area",2p3c,1767,1256,1612,2178,938,1273,1840,10863,21204,15067,19338,26133,11261,15277,22080,130360,81741,0,,,
3576,NC,"Craven County, NC HUD Metro FMR Area",2p4c,1767,1537,1666,2255,1026,1273,2108,11631,21204,18441,19988,27059,12309,15277,25294,139573,81741,0,,,
3577,NC,"Jones County, NC HUD Metro FMR Area",1p0c,751,356,1134,585,344,0,774,3944,9012,4269,13613,7021,4123,0,9292,47330,69736,0,,,
3577,NC,"Jones County, NC HUD Metro FMR Area",1p1c,930,522,1388,921,451,640,892,5744,11160,6261,16659,11051,5409,7683,10700,68923,69736,0,,,
3577,NC,"Jones County, NC HUD Metro FMR Area",1p2c,930,769,1535,1257,528,987,1084,7090,11160,9232,18422,15082,6331,11846,13004,85078,69736,0,,,
3577,NC,"Jones County, NC HUD Metro FMR Area",1p3c,1303,1025,1642,1593,723,1094,1563,8943,15636,12302,19704,19113,8674,13127,18756,107312,69736,0,,,
3577,NC,"Jones County, NC HUD Metro FMR Area",1p4c,1303,1255,1793,1670,794,1094,1876,9785,15636,15061,21515,20039,9531,13127,22510,117419,69736,0,,,
3577,NC,"Jones County, NC HUD Metro FMR Area",2p0c,756,652,1329,1170,437,0,884,5228,9072,7827,15943,14041,5247,0,10607,62737,69736,0,,,
3577,NC,"Jones County, NC HUD Metro FMR Area",2p1c,930,809,1466,1506,540,640,1095,6986,11160,9712,17594,18072,6480,7683,13136,83837,69736,0,,,
3577,NC,"Jones County, NC HUD Metro FMR Area",2p2c,930,1029,1566,1842,608,987,1151,8113,11160,12350,18789,22102,7299,11846,13807,97355,69736,0,,,
3577,NC,"Jones County, NC HUD Metro FMR Area",2p3c,1303,1256,1711,2178,794,1094,1489,9824,15636,15067,20533,26133,9532,13127,17865,117892,69736,0,,,
3577,NC,"Jones County, NC HUD Metro FMR Area",2p4c,1303,1537,1773,2255,882,1094,1748,10592,15636,18441,21277,27059,10580,13127,20981,127101,69736,0,,,
3578,NC,"Pamlico County, NC HUD Metro FMR Area",1p0c,900,356,1121,585,390,0,835,4186,10800,4269,13448,7021,4679,0,10017,50234,85611,0,,,
3578,NC,"Pamlico County, NC HUD Metro FMR Area",1p1c,1188,522,1388,921,531,437,937,5923,14256,6261,16654,11051,6370,5243,11243,71077,85611,0,,,
3578,NC,"Pamlico County, NC HUD Metro FMR Area",1p2c,1188,769,1542,1257,608,674,1099,7136,14256,9232,18502,15082,7292,8084,13189,85637,85611,0,,,
3578,NC,"Pamlico County, NC HUD Metro FMR Area",1p3c,1431,1025,1722,1593,763,747,1506,8787,17172,12302,20668,19113,9151,8958,18075,105438,85611,0,,,
3578,NC,"Pamlico County, NC HUD Metro FMR Area",1p4c,1431,1255,1806,1670,834,747,1777,9520,17172,15061,21673,20039,10008,8958,21324,114235,85611,0,,,
3578,NC,"Pamlico County, NC HUD Metro FMR Area",2p0c,906,652,1327,1170,484,0,949,5488,10872,7827,15922,14041,5806,0,11386,65854,85611,0,,,
3578,NC,"Pamlico County, NC HUD Metro FMR Area",2p1c,1188,809,1470,1506,620,437,1141,7172,14256,9712,17645,18072,7441,5243,13696,86064,85611,0,,,
3578,NC,"Pamlico County, NC HUD Metro FMR Area",2p2c,1188,1029,1643,1842,688,674,1185,8249,14256,12350,19715,22102,8260,8084,14220,98988,85611,0,,,
3578,NC,"Pamlico County, NC HUD Metro FMR Area",2p3c,1431,1256,1720,2178,834,747,1408,9573,17172,15067,20645,26133,10009,8958,16891,114876,85611,0,,,
3578,NC,"Pamlico County, NC HUD Metro FMR Area",2p4c,1431,1537,1784,2255,921,747,1655,10329,17172,18441,21406,27059,11057,8958,19858,123951,85611,0,,,
3579,CT,"Milford-Ansonia-Seymour, CT HUD Metro FMR Area",1p0c,1299,389,1036,661,524,0,1069,4978,15588,4662,12433,7935,6287,0,12833,59737,,0,,,
3579,CT,"Milford-Ansonia-Seymour, CT HUD Metro FMR Area",1p1c,1895,570,1288,1053,765,1445,2053,9069,22740,6836,15460,12630,9182,17338,24641,108828,,0,,,
3579,CT,"Milford-Ansonia-Seymour, CT HUD Metro FMR Area",1p2c,1895,840,1417,1444,849,2104,2607,11155,22740,10080,16998,17326,10190,25246,31285,133865,,0,,,
3579,CT,"Milford-Ansonia-Seymour, CT HUD Metro FMR Area",1p3c,2283,1119,1562,1835,1056,2307,3218,13381,27396,13432,18744,22022,12676,27679,38617,160566,,0,,,
3579,CT,"Milford-Ansonia-Seymour, CT HUD Metro FMR Area",1p4c,2283,1371,1623,1918,1134,2307,3441,14077,27396,16446,19479,23018,13612,27679,41297,168927,,0,,,
3579,CT,"Milford-Ansonia-Seymour, CT HUD Metro FMR Area",2p0c,1569,712,1246,1322,708,0,1308,6866,18828,8546,14951,15869,8499,0,15697,82391,,0,,,
3579,CT,"Milford-Ansonia-Seymour, CT HUD Metro FMR Area",2p1c,1895,884,1367,1714,863,1445,2081,10249,22740,10604,16409,20565,10352,17338,24973,122982,,0,,,
3579,CT,"Milford-Ansonia-Seymour, CT HUD Metro FMR Area",2p2c,1895,1124,1508,2105,937,2104,2573,12246,22740,13485,18095,25261,11247,25246,30879,146954,,0,,,
3579,CT,"Milford-Ansonia-Seymour, CT HUD Metro FMR Area",2p3c,2283,1371,1566,2496,1134,2307,3130,14287,27396,16451,18786,29957,13613,27679,37563,171446,,0,,,
3579,CT,"Milford-Ansonia-Seymour, CT HUD Metro FMR Area",2p4c,2283,1678,1611,2579,1230,2307,3425,15112,27396,20136,19326,30953,14757,27679,41101,181349,,0,,,
3580,CT,"New Haven-Meriden, CT HUD Metro FMR Area",1p0c,1421,389,1036,661,562,0,1152,5220,17052,4662,12433,7935,6741,0,13821,62644,,0,,,
3580,CT,"New Haven-Meriden, CT HUD Metro FMR Area",1p1c,1867,570,1288,1053,757,1445,2032,9011,22404,6836,15460,12630,9078,17338,24381,108127,,0,,,
3580,CT,"New Haven-Meriden, CT HUD Metro FMR Area",1p2c,1867,840,1417,1444,840,2104,2585,11097,22404,10080,16998,17326,10085,25246,31020,133160,,0,,,
3580,CT,"New Haven-Meriden, CT HUD Metro FMR Area",1p3c,2319,1119,1562,1835,1068,2307,3241,13450,27828,13432,18744,22022,12810,27679,38886,161401,,0,,,
3580,CT,"New Haven-Meriden, CT HUD Metro FMR Area",1p4c,2319,1371,1623,1918,1146,2307,3464,14147,27828,16446,19479,23018,13746,27679,41563,169759,,0,,,
3580,CT,"New Haven-Meriden, CT HUD Metro FMR Area",2p0c,1529,712,1246,1322,696,0,1291,6796,18348,8546,14951,15869,8350,0,15489,81554,,0,,,
3580,CT,"New Haven-Meriden, CT HUD Metro FMR Area",2p1c,1867,884,1367,1714,854,1445,2062,10192,22404,10604,16409,20565,10248,17338,24740,122308,,0,,,
3580,CT,"New Haven-Meriden, CT HUD Metro FMR Area",2p2c,1867,1124,1508,2105,929,2104,2553,12189,22404,13485,18095,25261,11143,25246,30632,146266,,0,,,
3580,CT,"New Haven-Meriden, CT HUD Metro FMR Area",2p3c,2319,1371,1566,2496,1146,2307,3157,14361,27828,16451,18786,29957,13747,27679,37878,172327,,0,,,
3580,CT,"New Haven-Meriden, CT HUD Metro FMR Area",2p4c,2319,1678,1611,2579,1241,2307,3451,15186,27828,20136,19326,30953,14891,27679,41415,182229,,0,,,
3581,CT,"Waterbury, CT HUD Metro FMR Area",1p0c,991,389,1036,661,428,0,878,4383,11892,4662,12433,7935,5139,0,10539,52600,,0,,,
3581,CT,"Waterbury, CT HUD Metro FMR Area",1p1c,1445,570,1288,1053,626,1445,1706,8132,17340,6836,15460,12630,7506,17338,20472,97582,,0,,,
3581,CT,"Waterbury, CT HUD Metro FMR Area",1p2c,1445,840,1417,1444,709,2104,2273,10231,17340,10080,16998,17326,8513,25246,27271,122775,,0,,,
3581,CT,"Waterbury, CT HUD Metro FMR Area",1p3c,1891,1119,1562,1835,935,2307,2972,12621,22692,13432,18744,22022,11216,27679,35669,151453,,0,,,
3581,CT,"Waterbury, CT HUD Metro FMR Area",1p4c,1891,1371,1623,1918,1013,2307,3199,13321,22692,16446,19479,23018,12151,27679,38387,159853,,0,,,
3581,CT,"Waterbury, CT HUD Metro FMR Area",2p0c,1191,712,1246,1322,591,0,1126,6189,14292,8546,14951,15869,7091,0,13516,74265,,0,,,
3581,CT,"Waterbury, CT HUD Metro FMR Area",2p1c,1445,884,1367,1714,723,1445,1752,9330,17340,10604,16409,20565,8676,17338,21028,111960,,0,,,
3581,CT,"Waterbury, CT HUD Metro FMR Area",2p2c,1445,1124,1508,2105,798,2104,2256,11339,17340,13485,18095,25261,9570,25246,27070,136068,,0,,,
3581,CT,"Waterbury, CT HUD Metro FMR Area",2p3c,1891,1371,1566,2496,1013,2307,2844,13487,22692,16451,18786,29957,12153,27679,34125,161843,,0,,,
3581,CT,"Waterbury, CT HUD Metro FMR Area",2p4c,1891,1678,1611,2579,1108,2307,3140,14313,22692,20136,19326,30953,13297,27679,37675,171758,,0,,,
3582,LA,"New Orleans-Metairie, LA HUD Metro FMR Area",1p0c,1071,365,955,457,446,0,759,4054,12852,4384,11464,5487,5351,0,9107,48645,84042.39458,1,78,22,91
3582,LA,"New Orleans-Metairie, LA HUD Metro FMR Area",1p1c,1478,536,1171,717,625,717,1004,6248,17736,6429,14057,8599,7503,8607,12044,74974,84042.39458,1,78,22,91
3582,LA,"New Orleans-Metairie, LA HUD Metro FMR Area",1p2c,1478,790,1346,976,704,1373,1393,8060,17736,9480,16154,11712,8450,16471,16721,96724,84042.39458,1,78,22,91
3582,LA,"New Orleans-Metairie, LA HUD Metro FMR Area",1p3c,1889,1053,1431,1235,913,1574,1932,10027,22668,12633,17167,14824,10960,18891,23184,120326,84042.39458,1,78,22,91
3582,LA,"New Orleans-Metairie, LA HUD Metro FMR Area",1p4c,1889,1289,1491,1303,987,1574,2168,10701,22668,15466,17891,15637,11840,18891,26016,128409,84042.39458,1,78,22,91
3582,LA,"New Orleans-Metairie, LA HUD Metro FMR Area",2p0c,1236,670,1132,914,592,0,896,5440,14832,8038,13579,10973,7100,0,10756,65278,84042.39458,1,78,22,91
3582,LA,"New Orleans-Metairie, LA HUD Metro FMR Area",2p1c,1478,831,1301,1174,717,717,1119,7337,17736,9973,15613,14086,8603,8607,13428,88044,84042.39458,1,78,22,91
3582,LA,"New Orleans-Metairie, LA HUD Metro FMR Area",2p2c,1478,1057,1382,1433,787,1373,1241,8750,17736,12682,16578,17198,9444,16471,14890,104999,84042.39458,1,78,22,91
3582,LA,"New Orleans-Metairie, LA HUD Metro FMR Area",2p3c,1889,1289,1439,1693,987,1574,1614,10484,22668,15472,17265,20311,11841,18891,19366,125813,84042.39458,1,78,22,91
3582,LA,"New Orleans-Metairie, LA HUD Metro FMR Area",2p4c,1889,1578,1485,1760,1076,1574,1851,11213,22668,18937,17815,21124,12917,18891,22208,134561,84042.39458,1,78,22,91
3583,LA,"St. James Parish, LA HUD Metro FMR Area",1p0c,704,345,1165,489,326,0,678,3707,8448,4142,13977,5866,3909,0,8140,44482,87612,0,,,
3583,LA,"St. James Parish, LA HUD Metro FMR Area",1p1c,972,506,1424,767,459,710,853,5690,11664,6074,17088,9205,5507,8517,10230,68285,87612,0,,,
3583,LA,"St. James Parish, LA HUD Metro FMR Area",1p2c,972,747,1633,1045,534,1352,1193,7475,11664,8958,19597,12545,6402,16223,14317,89705,87612,0,,,
3583,LA,"St. James Parish, LA HUD Metro FMR Area",1p3c,1362,995,1735,1324,732,1550,1704,9400,16344,11936,20817,15884,8780,18594,20445,112800,87612,0,,,
3583,LA,"St. James Parish, LA HUD Metro FMR Area",1p4c,1362,1218,1808,1394,801,1550,1953,10085,16344,14614,21694,16726,9612,18594,23437,121019,87612,0,,,
3583,LA,"St. James Parish, LA HUD Metro FMR Area",2p0c,741,633,1367,978,427,0,776,4921,8892,7594,16403,11732,5119,0,9308,59048,87612,0,,,
3583,LA,"St. James Parish, LA HUD Metro FMR Area",2p1c,972,785,1568,1256,546,710,1003,6840,11664,9423,18814,15071,6547,8517,12041,82077,87612,0,,,
3583,LA,"St. James Parish, LA HUD Metro FMR Area",2p2c,972,999,1663,1534,612,1352,1118,8249,11664,11983,19959,18411,7342,16223,13411,98992,87612,0,,,
3583,LA,"St. James Parish, LA HUD Metro FMR Area",2p3c,1362,1218,1731,1813,801,1550,1433,9907,16344,14619,20777,21750,9613,18594,17191,118888,87612,0,,,
3583,LA,"St. James Parish, LA HUD Metro FMR Area",2p4c,1362,1491,1786,1883,886,1550,1652,10609,16344,17893,21432,22591,10630,18594,19820,127305,87612,0,,,
3584,NJ,"Bergen-Passaic, NJ HUD Metro FMR Area",1p0c,1556,395,1034,487,606,0,1014,5092,18672,4740,12402,5848,7269,0,12170,61102,132939.0995,1,22,96,9
3584,NJ,"Bergen-Passaic, NJ HUD Metro FMR Area",1p1c,2072,579,1239,754,823,1554,1684,8706,24864,6951,14872,9050,9878,18642,20209,104467,132939.0995,1,22,96,9
3584,NJ,"Bergen-Passaic, NJ HUD Metro FMR Area",1p2c,2072,854,1342,1021,909,2282,2163,10643,24864,10251,16107,12252,10902,27389,25952,127716,132939.0995,1,22,96,9
3584,NJ,"Bergen-Passaic, NJ HUD Metro FMR Area",1p3c,2550,1138,1465,1288,1145,2507,2807,12900,30600,13659,17584,15453,13741,30080,33684,154801,132939.0995,1,22,96,9
3584,NJ,"Bergen-Passaic, NJ HUD Metro FMR Area",1p4c,2550,1394,1514,1356,1224,2507,3009,13553,30600,16723,18162,16266,14693,30080,36112,162636,132939.0995,1,22,96,9
3584,NJ,"Bergen-Passaic, NJ HUD Metro FMR Area",2p0c,1807,724,1206,975,786,0,1091,6589,21684,8691,14470,11697,9431,0,13092,79063,132939.0995,1,22,96,9
3584,NJ,"Bergen-Passaic, NJ HUD Metro FMR Area",2p1c,2072,899,1304,1242,922,1554,1662,9654,24864,10783,15647,14898,11067,18642,19948,115850,132939.0995,1,22,96,9
3584,NJ,"Bergen-Passaic, NJ HUD Metro FMR Area",2p2c,2072,1143,1424,1508,998,2282,2059,11486,24864,13713,17083,18100,11977,27389,24707,137831,132939.0995,1,22,96,9
3584,NJ,"Bergen-Passaic, NJ HUD Metro FMR Area",2p3c,2550,1394,1469,1775,1225,2507,2599,13519,30600,16729,17628,21302,14694,30080,31193,162226,132939.0995,1,22,96,9
3584,NJ,"Bergen-Passaic, NJ HUD Metro FMR Area",2p4c,2550,1706,1504,1843,1322,2507,2846,14278,30600,20476,18051,22115,15858,30080,34152,171331,132939.0995,1,22,96,9
3585,NJ,"Jersey City, NJ HUD Metro FMR Area",1p0c,1999,354,899,465,731,0,1205,5653,23988,4246,10792,5580,8766,0,14465,67838,99378,1,24,16,53
3585,NJ,"Jersey City, NJ HUD Metro FMR Area",1p1c,2299,519,985,720,875,1580,1656,8633,27588,6227,11817,8635,10499,18959,19876,103600,99378,1,24,16,53
3585,NJ,"Jersey City, NJ HUD Metro FMR Area",1p2c,2299,765,1009,974,951,2350,2080,10428,27588,9182,12103,11690,11416,28195,24960,125134,99378,1,24,16,53
3585,NJ,"Jersey City, NJ HUD Metro FMR Area",1p3c,2822,1020,1045,1229,1193,2586,2707,12601,33864,12235,12543,14744,14313,31036,32479,151214,99378,1,24,16,53
3585,NJ,"Jersey City, NJ HUD Metro FMR Area",1p4c,2822,1248,1041,1295,1264,2586,2868,13125,33864,14980,12495,15539,15165,31036,34420,157499,99378,1,24,16,53
3585,NJ,"Jersey City, NJ HUD Metro FMR Area",2p0c,2029,649,968,930,831,0,1064,6471,24348,7785,11617,11161,9976,0,12768,77655,99378,1,24,16,53
3585,NJ,"Jersey City, NJ HUD Metro FMR Area",2p1c,2299,805,989,1185,964,1580,1577,9399,27588,9659,11868,14215,11564,18959,18929,112783,99378,1,24,16,53
3585,NJ,"Jersey City, NJ HUD Metro FMR Area",2p2c,2299,1024,1023,1439,1032,2350,1914,11080,27588,12283,12281,17270,12379,28195,22965,132961,99378,1,24,16,53
3585,NJ,"Jersey City, NJ HUD Metro FMR Area",2p3c,2822,1249,1018,1694,1264,2586,2436,13068,33864,14985,12213,20325,15166,31036,29227,156817,99378,1,24,16,53
3585,NJ,"Jersey City, NJ HUD Metro FMR Area",2p4c,2822,1529,1010,1760,1351,2586,2660,13718,33864,18342,12125,21120,16208,31036,31917,164613,99378,1,24,16,53
3586,NJ,"Middlesex-Somerset-Hunterdon, NJ HUD Metro FMR Area",1p0c,1540,372,1094,468,594,0,1009,5077,18480,4469,13123,5613,7125,0,12109,60919,143399.5317,1,18,98,7
3586,NJ,"Middlesex-Somerset-Hunterdon, NJ HUD Metro FMR Area",1p1c,2176,546,1363,724,845,1577,1798,9029,26112,6553,16355,8686,10142,18926,21574,108348,143399.5317,1,18,98,7
3586,NJ,"Middlesex-Somerset-Hunterdon, NJ HUD Metro FMR Area",1p2c,2176,805,1557,980,926,2323,2333,11100,26112,9664,18689,11759,11107,27880,27994,133205,143399.5317,1,18,98,7
3586,NJ,"Middlesex-Somerset-Hunterdon, NJ HUD Metro FMR Area",1p3c,2622,1073,1648,1236,1147,2553,2895,13174,31464,12877,19771,14831,13767,30635,34737,158083,143399.5317,1,18,98,7
3586,NJ,"Middlesex-Somerset-Hunterdon, NJ HUD Metro FMR Area",1p4c,2622,1314,1710,1302,1222,2553,3093,13816,31464,15766,20520,15628,14664,30635,37115,165792,143399.5317,1,18,98,7
3586,NJ,"Middlesex-Somerset-Hunterdon, NJ HUD Metro FMR Area",2p0c,1731,683,1318,936,749,0,1068,6485,20772,8193,15817,11227,8993,0,12821,77823,143399.5317,1,18,98,7
3586,NJ,"Middlesex-Somerset-Hunterdon, NJ HUD Metro FMR Area",2p1c,2176,847,1506,1192,939,1577,1783,10019,26112,10166,18076,14299,11263,18926,21390,120233,143399.5317,1,18,98,7
3586,NJ,"Middlesex-Somerset-Hunterdon, NJ HUD Metro FMR Area",2p2c,2176,1077,1592,1448,1010,2323,2168,11794,26112,12928,19105,17372,12121,27880,26014,141532,143399.5317,1,18,98,7
3586,NJ,"Middlesex-Somerset-Hunterdon, NJ HUD Metro FMR Area",2p3c,2622,1314,1651,1704,1222,2553,2680,13746,31464,15771,19813,20445,14665,30635,32158,164951,143399.5317,1,18,98,7
3586,NJ,"Middlesex-Somerset-Hunterdon, NJ HUD Metro FMR Area",2p4c,2622,1609,1697,1770,1314,2553,2918,14482,31464,19304,20359,21242,15762,30635,35018,173783,143399.5317,1,18,98,7
3587,NJ,"Monmouth-Ocean, NJ HUD Metro FMR Area",1p0c,1474,390,1087,465,579,0,972,4967,17688,4680,13044,5580,6945,0,11665,59602,132421.9972,1,21,94,10
3587,NJ,"Monmouth-Ocean, NJ HUD Metro FMR Area",1p1c,2040,572,1348,720,811,1547,1693,8730,24480,6862,16177,8635,9731,18560,20318,104763,132421.9972,1,21,94,10
3587,NJ,"Monmouth-Ocean, NJ HUD Metro FMR Area",1p2c,2040,843,1481,974,895,2282,2185,10701,24480,10119,17776,11690,10742,27386,26214,128407,132421.9972,1,21,94,10
3587,NJ,"Monmouth-Ocean, NJ HUD Metro FMR Area",1p3c,2717,1124,1633,1229,1192,2508,2952,13355,32604,13484,19592,14744,14309,30101,35428,160263,132421.9972,1,21,94,10
3587,NJ,"Monmouth-Ocean, NJ HUD Metro FMR Area",1p4c,2717,1376,1697,1295,1271,2508,3157,14021,32604,16509,20360,15539,15248,30101,37888,168249,132421.9972,1,21,94,10
3587,NJ,"Monmouth-Ocean, NJ HUD Metro FMR Area",2p0c,1654,715,1301,930,736,0,1046,6381,19848,8579,15609,11161,8826,0,12548,76571,132421.9972,1,21,94,10
3587,NJ,"Monmouth-Ocean, NJ HUD Metro FMR Area",2p1c,2040,887,1427,1185,909,1547,1664,9658,24480,10645,17127,14215,10905,18560,19968,115900,132421.9972,1,21,94,10
3587,NJ,"Monmouth-Ocean, NJ HUD Metro FMR Area",2p2c,2040,1128,1574,1439,984,2282,2070,11517,24480,13537,18882,17270,11803,27386,24842,138200,132421.9972,1,21,94,10
3587,NJ,"Monmouth-Ocean, NJ HUD Metro FMR Area",2p3c,2717,1376,1634,1694,1271,2508,2753,13953,32604,16514,19604,20325,15250,30101,33033,167431,132421.9972,1,21,94,10
3587,NJ,"Monmouth-Ocean, NJ HUD Metro FMR Area",2p4c,2717,1684,1681,1760,1367,2508,3004,14721,32604,20213,20169,21120,16398,30101,36042,176648,132421.9972,1,21,94,10
3588,NY,"Nassau-Suffolk, NY HUD Metro FMR Area",1p0c,1848,398,1161,671,697,0,1574,6349,22176,4772,13935,8055,8366,0,18889,76192,156326.3149,1,5,92,3
3588,NY,"Nassau-Suffolk, NY HUD Metro FMR Area",1p1c,2586,583,1476,1129,984,1485,2779,11022,31032,6997,17707,13549,11807,17824,33350,132265,156326.3149,1,5,92,3
3588,NY,"Nassau-Suffolk, NY HUD Metro FMR Area",1p2c,2586,860,1606,1169,1070,2753,3492,13535,31032,10318,19276,14027,12838,33033,41901,162425,156326.3149,1,5,92,3
3588,NY,"Nassau-Suffolk, NY HUD Metro FMR Area",1p3c,3352,1146,1691,1209,1396,3143,4169,16105,40224,13749,20290,14506,16757,37712,50023,193260,156326.3149,1,5,92,3
3588,NY,"Nassau-Suffolk, NY HUD Metro FMR Area",1p4c,3352,1403,1749,1249,1476,3143,4508,16879,40224,16833,20986,14984,17715,37712,54092,202545,156326.3149,1,5,92,3
3588,NY,"Nassau-Suffolk, NY HUD Metro FMR Area",2p0c,2241,729,1430,1343,922,0,1695,8360,26892,8748,17160,16110,11065,0,20340,100315,156326.3149,1,5,92,3
3588,NY,"Nassau-Suffolk, NY HUD Metro FMR Area",2p1c,2586,905,1555,1890,1084,1485,2800,12305,31032,10854,18661,22679,13004,17824,33603,147657,156326.3149,1,5,92,3
3588,NY,"Nassau-Suffolk, NY HUD Metro FMR Area",2p2c,2586,1150,1635,1930,1160,2753,3376,14590,31032,13803,19625,23157,13920,33033,40515,175085,156326.3149,1,5,92,3
3588,NY,"Nassau-Suffolk, NY HUD Metro FMR Area",2p3c,3352,1403,1690,1970,1476,3143,4200,17234,40224,16839,20285,23635,17716,37712,50395,206807,156326.3149,1,5,92,3
3588,NY,"Nassau-Suffolk, NY HUD Metro FMR Area",2p4c,3352,1718,1733,2010,1574,3143,4511,18040,40224,20611,20792,24114,18887,37712,54137,216477,156326.3149,1,5,92,3
3589,NY,"New York, NY HUD Metro FMR Area",1p0c,2406,426,693,748,879,0,1786,6939,28872,5109,8315,8981,10550,0,21435,83262,104334.0274,1,6,3,40
3589,NY,"New York, NY HUD Metro FMR Area",1p1c,2780,624,806,1260,1057,1338,2533,10398,33360,7492,9674,15123,12683,16051,30398,124781,104334.0274,1,6,3,40
3589,NY,"New York, NY HUD Metro FMR Area",1p2c,2780,921,881,1300,1149,2496,3220,12747,33360,11048,10566,15601,13787,29955,38640,152958,104334.0274,1,6,3,40
3589,NY,"New York, NY HUD Metro FMR Area",1p3c,3465,1227,906,1340,1457,2853,3810,15056,41580,14721,10866,16080,17480,34233,45717,180677,104334.0274,1,6,3,40
3589,NY,"New York, NY HUD Metro FMR Area",1p4c,3465,1502,917,1380,1542,2853,4000,15659,41580,18024,11008,16558,18505,34233,47995,187904,104334.0274,1,6,3,40
3589,NY,"New York, NY HUD Metro FMR Area",2p0c,2511,781,790,1497,1022,0,1673,8273,30132,9367,9477,17961,12263,0,20073,99273,104334.0274,1,6,3,40
3589,NY,"New York, NY HUD Metro FMR Area",2p1c,2780,969,861,2110,1164,1338,2632,11852,33360,11622,10333,25318,13966,16051,31580,142229,104334.0274,1,6,3,40
3589,NY,"New York, NY HUD Metro FMR Area",2p2c,2780,1232,884,2150,1246,2496,3170,13957,33360,14779,10606,25796,14946,29955,38041,167483,104334.0274,1,6,3,40
3589,NY,"New York, NY HUD Metro FMR Area",2p3c,3465,1503,894,2190,1542,2853,3829,16275,41580,18030,10728,26274,18507,34233,45946,195299,104334.0274,1,6,3,40
3589,NY,"New York, NY HUD Metro FMR Area",2p4c,3465,1839,899,2229,1647,2853,4126,17058,41580,22068,10791,26752,19761,34233,49506,204692,104334.0274,1,6,3,40
3590,NJ,"Newark, NJ HUD Metro FMR Area",1p0c,1551,405,1075,472,607,0,1038,5147,18612,4854,12900,5665,7285,0,12451,61768,125232.3732,1,19,75,14
3590,NJ,"Newark, NJ HUD Metro FMR Area",1p1c,2140,593,1294,731,849,1512,1736,8855,25680,7118,15527,8766,10183,18147,20835,106255,125232.3732,1,19,75,14
3590,NJ,"Newark, NJ HUD Metro FMR Area",1p2c,2140,875,1403,989,936,2241,2223,10806,25680,10496,16833,11866,11232,26891,26675,129673,125232.3732,1,19,75,14
3590,NJ,"Newark, NJ HUD Metro FMR Area",1p3c,2695,1166,1530,1247,1199,2465,2904,13206,32340,13986,18361,14967,14383,29582,34853,158471,125232.3732,1,19,75,14
3590,NJ,"Newark, NJ HUD Metro FMR Area",1p4c,2695,1427,1581,1314,1280,2465,3110,13871,32340,17123,18966,15768,15357,29582,37316,166452,125232.3732,1,19,75,14
3590,NJ,"Newark, NJ HUD Metro FMR Area",2p0c,1768,742,1258,944,779,0,1089,6579,21216,8899,15090,11329,9350,0,13069,78953,125232.3732,1,19,75,14
3590,NJ,"Newark, NJ HUD Metro FMR Area",2p1c,2140,920,1361,1203,950,1512,1708,9794,25680,11041,16333,14430,11401,18147,20490,117523,125232.3732,1,19,75,14
3590,NJ,"Newark, NJ HUD Metro FMR Area",2p2c,2140,1170,1485,1461,1028,2241,2112,11636,25680,14041,17815,17531,12332,26891,25340,139630,125232.3732,1,19,75,14
3590,NJ,"Newark, NJ HUD Metro FMR Area",2p3c,2695,1427,1532,1719,1280,2465,2708,13827,32340,17129,18385,20632,15359,29582,32496,165923,125232.3732,1,19,75,14
3590,NJ,"Newark, NJ HUD Metro FMR Area",2p4c,2695,1747,1569,1786,1379,2465,2961,14602,32340,20966,18825,21432,16550,29582,35529,175224,125232.3732,1,19,75,14
3591,PA,"Pike County, PA HUD Metro FMR Area",1p0c,1270,360,1153,483,506,0,917,4689,15240,4316,13834,5800,6071,0,11006,56268,92712,0,,,
3591,PA,"Pike County, PA HUD Metro FMR Area",1p1c,1657,527,1491,768,678,859,1293,7274,19884,6328,17894,9218,8138,10308,15517,87287,92712,0,,,
3591,PA,"Pike County, PA HUD Metro FMR Area",1p2c,1657,778,1644,1053,756,1691,1749,9328,19884,9332,19724,12636,9071,20294,20991,111932,92712,0,,,
3591,PA,"Pike County, PA HUD Metro FMR Area",1p3c,2152,1036,1748,1338,990,1947,2347,11558,25824,12435,20974,16054,11878,23367,28158,138690,92712,0,,,
3591,PA,"Pike County, PA HUD Metro FMR Area",1p4c,2152,1269,1822,1408,1062,1947,2590,12249,25824,15224,21863,16893,12744,23367,31075,146991,92712,0,,,
3591,PA,"Pike County, PA HUD Metro FMR Area",2p0c,1279,659,1433,967,602,0,1047,5987,15348,7912,17199,11600,7222,0,12566,71847,92712,0,,,
3591,PA,"Pike County, PA HUD Metro FMR Area",2p1c,1657,818,1577,1252,768,859,1349,8280,19884,9817,18925,15018,9221,10308,16190,99363,92712,0,,,
3591,PA,"Pike County, PA HUD Metro FMR Area",2p2c,1657,1040,1675,1536,837,1691,1633,10070,19884,12484,20097,18436,10049,20294,19594,120838,92712,0,,,
3591,PA,"Pike County, PA HUD Metro FMR Area",2p3c,2152,1269,1744,1821,1062,1947,2115,12110,25824,15229,20926,21854,12746,23367,25376,145321,92712,0,,,
3591,PA,"Pike County, PA HUD Metro FMR Area",2p4c,2152,1553,1799,1891,1150,1947,2361,12853,25824,18641,21583,22693,13805,23367,28328,154241,92712,0,,,
3592,MI,"Niles-Benton Harbor, MI MSA",1p0c,790,343,1059,469,352,0,665,3678,9480,4119,12710,5631,4222,0,7975,44138,82029,0,,,
3592,MI,"Niles-Benton Harbor, MI MSA",1p1c,1152,503,1307,736,514,578,829,5619,13824,6041,15686,8826,6167,6941,9947,67432,82029,0,,,
3592,MI,"Niles-Benton Harbor, MI MSA",1p2c,1152,742,1506,1002,588,1097,1059,7146,13824,8908,18071,12021,7058,13158,12712,85752,82029,0,,,
3592,MI,"Niles-Benton Harbor, MI MSA",1p3c,1488,989,1605,1268,769,1256,1426,8800,17856,11870,19254,15216,9229,15071,17108,105604,82029,0,,,
3592,MI,"Niles-Benton Harbor, MI MSA",1p4c,1488,1211,1675,1335,838,1256,1633,9436,17856,14532,20105,16017,10056,15071,19597,113234,82029,0,,,
3592,MI,"Niles-Benton Harbor, MI MSA",2p0c,878,629,1256,939,468,0,823,4993,10536,7552,15072,11262,5616,0,9878,59916,82029,0,,,
3592,MI,"Niles-Benton Harbor, MI MSA",2p1c,1152,781,1447,1205,600,578,1034,6796,13824,9370,17359,14457,7201,6941,12404,81557,82029,0,,,
3592,MI,"Niles-Benton Harbor, MI MSA",2p2c,1152,993,1539,1471,666,1097,1082,8000,13824,11916,18466,17652,7992,13158,12988,95996,82029,0,,,
3592,MI,"Niles-Benton Harbor, MI MSA",2p3c,1488,1211,1605,1737,838,1256,1290,9425,17856,14537,19259,20847,10057,15071,15474,113103,82029,0,,,
3592,MI,"Niles-Benton Harbor, MI MSA",2p4c,1488,1483,1658,1804,922,1256,1472,10083,17856,17793,19896,21648,11068,15071,17659,120991,82029,0,,,
3593,FL,"North Port-Sarasota-Bradenton, FL MSA",1p0c,1266,399,951,474,517,0,687,4293,15192,4783,11412,5684,6202,0,8238,51511,96664.48403,1,53,29,60
3593,FL,"North Port-Sarasota-Bradenton, FL MSA",1p1c,1846,585,1181,743,755,889,988,6986,22152,7014,14169,8914,9055,10671,11857,83833,96664.48403,1,53,29,60
3593,FL,"North Port-Sarasota-Bradenton, FL MSA",1p2c,1846,862,1364,1012,841,1550,1283,8758,22152,10343,16370,12145,10089,18604,15396,105098,96664.48403,1,53,29,60
3593,FL,"North Port-Sarasota-Bradenton, FL MSA",1p3c,2425,1149,1455,1281,1110,1754,1811,10984,29100,13782,17464,15375,13314,21045,21730,131811,96664.48403,1,53,29,60
3593,FL,"North Port-Sarasota-Bradenton, FL MSA",1p4c,2425,1406,1520,1350,1190,1754,2032,11677,29100,16874,18245,16203,14274,21045,24389,140129,96664.48403,1,53,29,60
3593,FL,"North Port-Sarasota-Bradenton, FL MSA",2p0c,1580,731,1137,947,717,0,859,5972,18960,8769,13646,11368,8609,0,10308,71660,96664.48403,1,53,29,60
3593,FL,"North Port-Sarasota-Bradenton, FL MSA",2p1c,1846,907,1314,1217,855,889,1054,8082,22152,10880,15773,14598,10256,10671,12652,96981,96664.48403,1,53,29,60
3593,FL,"North Port-Sarasota-Bradenton, FL MSA",2p2c,1846,1153,1401,1486,931,1550,1188,9555,22152,13836,16811,17829,11173,18604,14252,114657,96664.48403,1,53,29,60
3593,FL,"North Port-Sarasota-Bradenton, FL MSA",2p3c,2425,1407,1462,1755,1190,1754,1574,11566,29100,16880,17548,21059,14275,21045,18885,138792,96664.48403,1,53,29,60
3593,FL,"North Port-Sarasota-Bradenton, FL MSA",2p4c,2425,1722,1512,1824,1287,1754,1799,12323,29100,20661,18142,21887,15449,21045,21592,147875,96664.48403,1,53,29,60
3594,CT,"Norwich-New London, CT HUD Metro FMR Area",1p0c,1114,390,1117,609,467,0,963,4661,13368,4685,13402,7307,5605,0,11561,55928,,0,,,
3594,CT,"Norwich-New London, CT HUD Metro FMR Area",1p1c,1625,573,1399,969,682,1191,1714,8152,19500,6870,16785,11627,8187,14296,20562,97827,,0,,,
3594,CT,"Norwich-New London, CT HUD Metro FMR Area",1p2c,1625,844,1541,1329,767,1774,2225,10105,19500,10130,18489,15947,9199,21292,26698,121256,,0,,,
3594,CT,"Norwich-New London, CT HUD Metro FMR Area",1p3c,2107,1125,1700,1689,1003,1954,2938,12516,25284,13499,20405,20267,12041,23444,35258,150197,,0,,,
3594,CT,"Norwich-New London, CT HUD Metro FMR Area",1p4c,2107,1377,1768,1768,1082,1954,3167,13223,25284,16527,21212,21217,12981,23444,38007,158672,,0,,,
3594,CT,"Norwich-New London, CT HUD Metro FMR Area",2p0c,1326,716,1347,1218,634,0,1198,6438,15912,8589,16159,14614,7607,0,14380,77260,,0,,,
3594,CT,"Norwich-New London, CT HUD Metro FMR Area",2p1c,1625,888,1482,1578,780,1191,1735,9279,19500,10657,17784,18934,9363,14296,20820,111352,,0,,,
3594,CT,"Norwich-New London, CT HUD Metro FMR Area",2p2c,1625,1129,1637,1938,855,1774,2183,11141,19500,13552,19641,23254,10262,21292,26193,133693,,0,,,
3594,CT,"Norwich-New London, CT HUD Metro FMR Area",2p3c,2107,1378,1700,2298,1082,1954,2774,13293,25284,16533,20405,27573,12983,23444,33289,159511,,0,,,
3594,CT,"Norwich-New London, CT HUD Metro FMR Area",2p4c,2107,1686,1750,2377,1178,1954,3072,14123,25284,20236,21001,28524,14133,23444,36860,169481,,0,,,
3595,CT,"Colchester-Lebanon, CT HUD Metro FMR Area",1p0c,1232,390,1117,609,504,0,1041,4893,14784,4685,13402,7307,6045,0,12488,58711,,0,,,
3595,CT,"Colchester-Lebanon, CT HUD Metro FMR Area",1p1c,1797,573,1399,969,736,1191,1846,8510,21564,6870,16785,11627,8828,14296,22147,102116,,0,,,
3595,CT,"Colchester-Lebanon, CT HUD Metro FMR Area",1p2c,1797,844,1541,1329,820,1774,2361,10467,21564,10130,18489,15947,9840,21292,28335,125598,,0,,,
3595,CT,"Colchester-Lebanon, CT HUD Metro FMR Area",1p3c,2373,1125,1700,1689,1086,1954,3106,13033,28476,13499,20405,20267,13032,23444,37271,156393,,0,,,
3595,CT,"Colchester-Lebanon, CT HUD Metro FMR Area",1p4c,2373,1377,1768,1768,1164,1954,3332,13736,28476,16527,21212,21217,13972,23444,39989,164837,,0,,,
3595,CT,"Colchester-Lebanon, CT HUD Metro FMR Area",2p0c,1370,716,1347,1218,648,0,1222,6519,16440,8589,16159,14614,7771,0,14661,78233,,0,,,
3595,CT,"Colchester-Lebanon, CT HUD Metro FMR Area",2p1c,1797,888,1482,1578,834,1191,1854,9624,21564,10657,17784,18934,10004,14296,22248,115486,,0,,,
3595,CT,"Colchester-Lebanon, CT HUD Metro FMR Area",2p2c,1797,1129,1637,1938,909,1774,2292,11476,21564,13552,19641,23254,10902,21292,27505,137710,,0,,,
3595,CT,"Colchester-Lebanon, CT HUD Metro FMR Area",2p3c,2373,1378,1700,2298,1165,1954,2969,13836,28476,16533,20405,27573,13974,23444,35625,166030,,0,,,
3595,CT,"Colchester-Lebanon, CT HUD Metro FMR Area",2p4c,2373,1686,1750,2377,1260,1954,3266,14666,28476,20236,21001,28524,15124,23444,39188,175992,,0,,,
3596,FL,"Ocala, FL MSA",1p0c,1014,354,1011,471,425,0,605,3880,12168,4246,12133,5654,5096,0,7265,46562,69787,0,,,
3596,FL,"Ocala, FL MSA",1p1c,1323,519,1224,739,572,720,681,5778,15876,6227,14693,8866,6862,8638,8175,69337,69787,0,,,
3596,FL,"Ocala, FL MSA",1p2c,1323,765,1353,1007,648,1354,845,7294,15876,9182,16233,12079,7780,16243,10139,87531,69787,0,,,
3596,FL,"Ocala, FL MSA",1p3c,1691,1020,1448,1274,842,1549,1196,9019,20292,12235,17378,15291,10099,18582,14350,108227,69787,0,,,
3596,FL,"Ocala, FL MSA",1p4c,1691,1248,1519,1343,913,1549,1394,9656,20292,14980,18230,16116,10951,18582,16724,115876,69787,0,,,
3596,FL,"Ocala, FL MSA",2p0c,1094,649,1175,942,541,0,685,5086,13128,7785,14098,11307,6493,0,8216,61027,69787,0,,,
3596,FL,"Ocala, FL MSA",2p1c,1323,805,1295,1210,661,720,806,6820,15876,9659,15542,14520,7928,8638,9675,81838,69787,0,,,
3596,FL,"Ocala, FL MSA",2p2c,1323,1024,1384,1478,729,1354,846,8137,15876,12283,16611,17732,8743,16243,10151,97639,69787,0,,,
3596,FL,"Ocala, FL MSA",2p3c,1691,1249,1450,1745,913,1549,1038,9634,20292,14985,17402,20945,10953,18582,12451,115610,69787,0,,,
3596,FL,"Ocala, FL MSA",2p4c,1691,1529,1572,1814,1000,1549,1227,10381,20292,18342,18861,21770,11995,18582,14727,124569,69787,0,,,
3597,NJ,"Ocean City, NJ MSA",1p0c,1192,412,1062,465,498,0,806,4434,14304,4939,12740,5580,5974,0,9672,53209,106504,0,,,
3597,NJ,"Ocean City, NJ MSA",1p1c,1591,604,1383,720,681,1426,1358,7762,19092,7242,16601,8635,8176,17108,16291,93145,106504,0,,,
3597,NJ,"Ocean City, NJ MSA",1p2c,1591,890,1528,974,770,2121,1823,9697,19092,10679,18330,11690,9243,25449,21877,116360,106504,0,,,
3597,NJ,"Ocean City, NJ MSA",1p3c,2127,1186,1625,1229,1029,2335,2502,12032,25524,14230,19494,14744,12343,28015,30029,144378,106504,0,,,
3597,NJ,"Ocean City, NJ MSA",1p4c,2127,1452,1759,1295,1111,2335,2794,12873,25524,17422,21112,15539,13334,28015,33533,154479,106504,0,,,
3597,NJ,"Ocean City, NJ MSA",2p0c,1213,755,1328,930,611,0,906,5742,14556,9054,15931,11161,7330,0,10877,68909,106504,0,,,
3597,NJ,"Ocean City, NJ MSA",2p1c,1591,936,1464,1185,785,1426,1389,8776,19092,11234,17573,14215,9415,17108,16669,105306,106504,0,,,
3597,NJ,"Ocean City, NJ MSA",2p2c,1591,1191,1556,1439,864,2121,1717,10478,19092,14286,18673,17270,10363,25449,20605,125738,106504,0,,,
3597,NJ,"Ocean City, NJ MSA",2p3c,2127,1452,1687,1694,1111,2335,2321,12727,25524,17428,20242,20325,13336,28015,27850,152720,106504,0,,,
3597,NJ,"Ocean City, NJ MSA",2p4c,2127,1778,1739,1760,1212,2335,2611,13562,25524,21332,20873,21120,14548,28015,31337,162748,106504,0,,,
3598,TX,"Odessa, TX MSA",1p0c,1286,310,1078,461,495,0,692,4322,15432,3715,12937,5531,5945,0,8309,51869,83095,0,,,
3598,TX,"Odessa, TX MSA",1p1c,1669,454,1355,723,659,710,837,6406,20028,5448,16260,8670,7910,8517,10043,76875,83095,0,,,
3598,TX,"Odessa, TX MSA",1p2c,1669,670,1474,984,726,1379,1036,7937,20028,8034,17684,11809,8713,16547,12431,95245,83095,0,,,
3598,TX,"Odessa, TX MSA",1p3c,2011,892,1555,1246,901,1585,1361,9550,24132,10706,18656,14948,10816,19018,16327,114602,83095,0,,,
3598,TX,"Odessa, TX MSA",1p4c,2011,1092,1612,1314,964,1585,1537,10114,24132,13108,19341,15764,11562,19018,18440,121364,83095,0,,,
3598,TX,"Odessa, TX MSA",2p0c,1295,568,1308,922,578,0,751,5421,15540,6812,15695,11062,6940,0,9009,65056,83095,0,,,
3598,TX,"Odessa, TX MSA",2p1c,1669,704,1422,1183,737,710,907,7332,20028,8452,17062,14201,8842,8517,10883,87984,83095,0,,,
3598,TX,"Odessa, TX MSA",2p2c,1669,896,1499,1445,796,1379,961,8645,20028,10748,17990,17340,9555,16547,11534,103742,83095,0,,,
3598,TX,"Odessa, TX MSA",2p3c,2011,1093,1554,1707,964,1585,1144,10056,24132,13112,18643,20479,11563,19018,13728,120674,83095,0,,,
3598,TX,"Odessa, TX MSA",2p4c,2011,1337,1597,1775,1040,1585,1300,10644,24132,16049,19163,21295,12475,19018,15594,127726,83095,0,,,
3599,UT,"Ogden-Clearfield, UT HUD Metro FMR Area",1p0c,1158,351,1197,502,469,0,971,4647,13896,4211,14358,6024,5622,0,11657,55768,111551.6192,1,45,89,28
3599,UT,"Ogden-Clearfield, UT HUD Metro FMR Area",1p1c,1532,515,1454,772,635,852,1313,7073,18384,6175,17450,9267,7625,10224,15754,84878,111551.6192,1,45,89,28
3599,UT,"Ogden-Clearfield, UT HUD Metro FMR Area",1p2c,1532,759,1585,1042,711,1682,1824,9135,18384,9106,19017,12509,8535,20181,21888,109620,111551.6192,1,45,89,28
3599,UT,"Ogden-Clearfield, UT HUD Metro FMR Area",1p3c,2055,1011,1672,1313,952,1937,2526,11466,24660,12134,20063,15752,11423,23245,30309,137586,111551.6192,1,45,89,28
3599,UT,"Ogden-Clearfield, UT HUD Metro FMR Area",1p4c,2055,1238,1803,1362,1022,1937,2808,12225,24660,14856,21632,16342,12268,23245,33701,146704,111551.6192,1,45,89,28
3599,UT,"Ogden-Clearfield, UT HUD Metro FMR Area",2p0c,1237,643,1399,1004,584,0,1042,5909,14844,7720,16790,12048,7006,0,12504,70912,111551.6192,1,45,89,28
3599,UT,"Ogden-Clearfield, UT HUD Metro FMR Area",2p1c,1532,798,1525,1274,724,852,1376,8081,18384,9579,18294,15291,8682,10224,16513,96966,111551.6192,1,45,89,28
3599,UT,"Ogden-Clearfield, UT HUD Metro FMR Area",2p2c,1532,1015,1608,1544,791,1682,1684,9856,18384,12181,19293,18533,9490,20181,20211,118274,111551.6192,1,45,89,28
3599,UT,"Ogden-Clearfield, UT HUD Metro FMR Area",2p3c,2055,1238,1736,1815,1023,1937,2298,12101,24660,14861,20826,21776,12270,23245,27573,145212,111551.6192,1,45,89,28
3599,UT,"Ogden-Clearfield, UT HUD Metro FMR Area",2p4c,2055,1516,1783,1864,1109,1937,2547,12810,24660,18189,21395,22366,13303,23245,30558,153717,111551.6192,1,45,89,28
3600,UT,"Box Elder County, UT HUD Metro FMR Area",1p0c,694,341,1243,524,321,0,764,3887,8328,4096,14911,6286,3857,0,9162,46641,90848,0,,,
3600,UT,"Box Elder County, UT HUD Metro FMR Area",1p1c,1012,501,1497,806,470,852,996,6133,12144,6007,17961,9669,5635,10224,11956,73597,90848,0,,,
3600,UT,"Box Elder County, UT HUD Metro FMR Area",1p2c,1012,738,1702,1088,543,1682,1510,8275,12144,8858,20420,13053,6520,20181,18121,99297,90848,0,,,
3600,UT,"Box Elder County, UT HUD Metro FMR Area",1p3c,1418,984,1799,1370,746,1937,2100,10353,17016,11803,21588,16436,8948,23245,25201,124237,90848,0,,,
3600,UT,"Box Elder County, UT HUD Metro FMR Area",1p4c,1418,1204,1869,1419,814,1937,2336,10997,17016,14451,22422,17026,9770,23245,28030,131959,90848,0,,,
3600,UT,"Box Elder County, UT HUD Metro FMR Area",2p0c,870,626,1429,1048,464,0,890,5327,10440,7510,17143,12572,5573,0,10685,63923,90848,0,,,
3600,UT,"Box Elder County, UT HUD Metro FMR Area",2p1c,1012,777,1627,1330,555,852,1182,7334,12144,9318,19518,15956,6663,10224,14180,88003,90848,0,,,
3600,UT,"Box Elder County, UT HUD Metro FMR Area",2p2c,1012,987,1719,1612,621,1682,1417,9049,12144,11849,20624,19339,7449,20181,17000,108586,90848,0,,,
3600,UT,"Box Elder County, UT HUD Metro FMR Area",2p3c,1418,1205,1784,1894,814,1937,1874,10925,17016,14456,21409,22722,9771,23245,22482,131101,90848,0,,,
3600,UT,"Box Elder County, UT HUD Metro FMR Area",2p4c,1418,1475,1836,1943,898,1937,2112,11618,17016,17694,22036,23312,10776,23245,25341,139420,90848,0,,,
3601,OK,"Oklahoma City, OK HUD Metro FMR Area",1p0c,886,349,1057,437,383,0,743,3855,10632,4185,12680,5246,4600,0,8917,46261,88901.86617,1,82,45,81
3601,OK,"Oklahoma City, OK HUD Metro FMR Area",1p1c,1180,511,1360,685,525,958,993,6212,14160,6137,16323,8215,6302,11497,11913,74547,88901.86617,1,82,45,81
3601,OK,"Oklahoma City, OK HUD Metro FMR Area",1p2c,1180,754,1495,932,601,1585,1293,7839,14160,9049,17936,11184,7206,19014,15513,94062,88901.86617,1,82,45,81
3601,OK,"Oklahoma City, OK HUD Metro FMR Area",1p3c,1575,1005,1586,1179,801,1777,1816,9740,18900,12058,19037,14153,9612,21327,21790,116877,88901.86617,1,82,45,81
3601,OK,"Oklahoma City, OK HUD Metro FMR Area",1p4c,1575,1230,1651,1246,871,1777,2062,10413,18900,14764,19817,14948,10452,21327,24743,124950,88901.86617,1,82,45,81
3601,OK,"Oklahoma City, OK HUD Metro FMR Area",2p0c,961,639,1313,874,497,0,852,5136,11532,7672,15757,10493,5962,0,10219,61635,88901.86617,1,82,45,81
3601,OK,"Oklahoma City, OK HUD Metro FMR Area",2p1c,1180,793,1441,1122,613,958,1138,7244,14160,9520,17290,13462,7352,11497,13650,86931,88901.86617,1,82,45,81
3601,OK,"Oklahoma City, OK HUD Metro FMR Area",2p2c,1180,1009,1528,1369,680,1585,1233,8583,14160,12106,18332,16430,8155,19014,14799,102996,88901.86617,1,82,45,81
3601,OK,"Oklahoma City, OK HUD Metro FMR Area",2p3c,1575,1231,1589,1617,871,1777,1598,10257,18900,14769,19066,19399,10453,21327,19176,123089,88901.86617,1,82,45,81
3601,OK,"Oklahoma City, OK HUD Metro FMR Area",2p4c,1575,1506,1637,1683,957,1777,1827,10963,18900,18077,19649,20195,11480,21327,21925,131552,88901.86617,1,82,45,81
3602,OK,"Grady County, OK HUD Metro FMR Area",1p0c,645,333,1194,519,304,0,704,3699,7740,3992,14330,6226,3643,0,8453,44385,89635,0,,,
3602,OK,"Grady County, OK HUD Metro FMR Area",1p1c,940,488,1462,815,443,936,935,6020,11280,5854,17549,9781,5320,11228,11223,72236,89635,0,,,
3602,OK,"Grady County, OK HUD Metro FMR Area",1p2c,940,719,1677,1111,515,1547,1273,7783,11280,8633,20118,13336,6182,18568,15280,93398,89635,0,,,
3602,OK,"Grady County, OK HUD Metro FMR Area",1p3c,1232,959,1781,1408,680,1736,1740,9534,14784,11504,21370,16892,8162,20826,20876,114412,89635,0,,,
3602,OK,"Grady County, OK HUD Metro FMR Area",1p4c,1232,1174,1855,1480,747,1736,1986,10210,14784,14085,22265,17759,8963,20826,23832,122514,89635,0,,,
3602,OK,"Grady County, OK HUD Metro FMR Area",2p0c,717,610,1401,1038,412,0,816,4994,8604,7319,16810,12452,4944,0,9796,59925,89635,0,,,
3602,OK,"Grady County, OK HUD Metro FMR Area",2p1c,940,757,1606,1334,527,936,1135,7235,11280,9082,19276,16007,6322,11228,13622,86816,89635,0,,,
3602,OK,"Grady County, OK HUD Metro FMR Area",2p2c,940,962,1704,1630,591,1547,1259,8633,11280,11549,20448,19563,7088,18568,15106,103601,89635,0,,,
3602,OK,"Grady County, OK HUD Metro FMR Area",2p3c,1232,1174,1774,1927,747,1736,1564,10152,14784,14089,21283,23118,8964,20826,18765,121829,89635,0,,,
3602,OK,"Grady County, OK HUD Metro FMR Area",2p4c,1232,1437,1829,1999,829,1736,1789,10851,14784,17245,21949,23985,9944,20826,21473,130207,89635,0,,,
3603,OK,"Lincoln County, OK HUD Metro FMR Area",1p0c,786,331,1211,437,347,0,743,3855,9432,3969,14532,5246,4161,0,8916,46257,71694,0,,,
3603,OK,"Lincoln County, OK HUD Metro FMR Area",1p1c,910,485,1473,685,433,888,866,5740,10920,5821,17680,8215,5197,10651,10391,68876,71694,0,,,
3603,OK,"Lincoln County, OK HUD Metro FMR Area",1p2c,910,715,1621,932,505,1468,1092,7242,10920,8583,19447,11184,6055,17614,13100,86903,71694,0,,,
3603,OK,"Lincoln County, OK HUD Metro FMR Area",1p3c,1244,953,1798,1179,682,1646,1569,9072,14928,11437,21578,14153,8186,19756,18825,108863,71694,0,,,
3603,OK,"Lincoln County, OK HUD Metro FMR Area",1p4c,1244,1167,1877,1246,749,1646,1811,9739,14928,14003,22524,14948,8982,19756,21732,116873,71694,0,,,
3603,OK,"Lincoln County, OK HUD Metro FMR Area",2p0c,791,606,1408,874,434,0,795,4909,9492,7277,16893,10493,5206,0,9543,58905,71694,0,,,
3603,OK,"Lincoln County, OK HUD Metro FMR Area",2p1c,910,752,1546,1122,516,888,1015,6749,10920,9029,18549,13462,6194,10651,12179,80983,71694,0,,,
3603,OK,"Lincoln County, OK HUD Metro FMR Area",2p2c,910,957,1716,1369,580,1468,1118,8118,10920,11482,20596,16430,6955,17614,13420,97417,71694,0,,,
3603,OK,"Lincoln County, OK HUD Metro FMR Area",2p3c,1244,1167,1790,1617,749,1646,1386,9599,14928,14008,21476,19399,8984,19756,16636,115187,71694,0,,,
3603,OK,"Lincoln County, OK HUD Metro FMR Area",2p4c,1244,1429,1849,1683,830,1646,1601,10283,14928,17145,22193,20195,9958,19756,19217,123392,71694,0,,,
3604,WA,"Olympia-Tumwater, WA MSA",1p0c,1393,386,1090,388,552,0,748,4556,16716,4627,13079,4652,6626,0,8975,54675,111908,0,,,
3604,WA,"Olympia-Tumwater, WA MSA",1p1c,1843,565,1423,615,748,1262,1162,7618,22116,6785,17078,7382,8973,15143,13938,91416,111908,0,,,
3604,WA,"Olympia-Tumwater, WA MSA",1p2c,1843,834,1573,843,831,2233,1592,9749,22116,10005,18871,10113,9973,26800,19107,116985,111908,0,,,
3604,WA,"Olympia-Tumwater, WA MSA",1p3c,2526,1111,1673,1070,1129,2532,2219,12261,30312,13332,20079,12843,13550,30387,26629,147132,111908,0,,,
3604,WA,"Olympia-Tumwater, WA MSA",1p4c,2526,1360,1812,1141,1207,2532,2436,13014,30312,16323,21747,13696,14479,30387,29226,156170,111908,0,,,
3604,WA,"Olympia-Tumwater, WA MSA",2p0c,1585,707,1363,775,712,0,866,6008,19020,8483,16354,9304,8539,0,10393,72092,111908,0,,,
3604,WA,"Olympia-Tumwater, WA MSA",2p1c,1843,877,1504,1003,845,1262,1129,8463,22116,10525,18051,12034,10134,15143,13551,101555,111908,0,,,
3604,WA,"Olympia-Tumwater, WA MSA",2p2c,1843,1115,1599,1230,919,2233,1389,10328,22116,13385,19187,14764,11022,26800,16663,123938,111908,0,,,
3604,WA,"Olympia-Tumwater, WA MSA",2p3c,2526,1361,1733,1458,1207,2532,1924,12741,30312,16329,20801,17495,14481,30387,23088,152892,111908,0,,,
3604,WA,"Olympia-Tumwater, WA MSA",2p4c,2526,1666,1788,1529,1301,2532,2147,13489,30312,19986,21452,18348,15616,30387,25768,161869,111908,0,,,
3605,IA,"Omaha-Council Bluffs, NE-IA HUD Metro FMR Area",1p0c,990,359,1069,513,419,0,837,4188,11880,4311,12833,6157,5027,0,10044,50251,107070.055,1,54,85,33
3605,IA,"Omaha-Council Bluffs, NE-IA HUD Metro FMR Area",1p1c,1261,527,1320,806,555,988,1205,6662,15132,6322,15838,9666,6661,11860,14462,79941,107070.055,1,54,85,33
3605,IA,"Omaha-Council Bluffs, NE-IA HUD Metro FMR Area",1p2c,1261,777,1448,1098,633,1840,1756,8813,15132,9322,17377,13176,7592,22085,21068,105752,107070.055,1,54,85,33
3605,IA,"Omaha-Council Bluffs, NE-IA HUD Metro FMR Area",1p3c,1675,1035,1534,1391,841,2103,2439,11018,20100,12422,18404,16686,10097,25231,29273,132213,107070.055,1,54,85,33
3605,IA,"Omaha-Council Bluffs, NE-IA HUD Metro FMR Area",1p4c,1675,1267,1659,1460,914,2103,2724,11802,20100,15208,19908,17525,10962,25231,32685,141619,107070.055,1,54,85,33
3605,IA,"Omaha-Council Bluffs, NE-IA HUD Metro FMR Area",2p0c,1052,659,1276,1026,531,0,952,5496,12624,7903,15311,12313,6373,0,11423,65947,107070.055,1,54,85,33
3605,IA,"Omaha-Council Bluffs, NE-IA HUD Metro FMR Area",2p1c,1261,817,1398,1319,645,988,1301,7729,15132,9806,16775,15823,7743,11860,15607,92746,107070.055,1,54,85,33
3605,IA,"Omaha-Council Bluffs, NE-IA HUD Metro FMR Area",2p2c,1261,1039,1479,1611,714,1840,1596,9541,15132,12471,17746,19332,8570,22085,19153,114489,107070.055,1,54,85,33
3605,IA,"Omaha-Council Bluffs, NE-IA HUD Metro FMR Area",2p3c,1675,1268,1601,1904,914,2103,2140,11603,20100,15213,19207,22842,10964,25231,25678,139236,107070.055,1,54,85,33
3605,IA,"Omaha-Council Bluffs, NE-IA HUD Metro FMR Area",2p4c,1675,1552,1647,1973,1002,2103,2408,12359,20100,18621,19760,23681,12022,25231,28894,148310,107070.055,1,54,85,33
3606,NE,"Omaha-Council Bluffs, NE-IA HUD Metro FMR Area",1p0c,990,359,1069,513,419,0,803,4153,11880,4311,12833,6157,5027,0,9630,49837,107070.055,,,,
3606,NE,"Omaha-Council Bluffs, NE-IA HUD Metro FMR Area",1p1c,1261,527,1320,806,555,988,1077,6534,15132,6322,15838,9666,6661,11860,12922,78402,107070.055,,,,
3606,NE,"Omaha-Council Bluffs, NE-IA HUD Metro FMR Area",1p2c,1261,777,1448,1098,633,1840,1587,8644,15132,9322,17377,13176,7592,22085,19042,103727,107070.055,,,,
3606,NE,"Omaha-Council Bluffs, NE-IA HUD Metro FMR Area",1p3c,1675,1035,1534,1391,841,2103,2225,10803,20100,12422,18404,16686,10097,25231,26697,129637,107070.055,,,,
3606,NE,"Omaha-Council Bluffs, NE-IA HUD Metro FMR Area",1p4c,1675,1267,1659,1460,914,2103,2523,11601,20100,15208,19908,17525,10962,25231,30277,139211,107070.055,,,,
3606,NE,"Omaha-Council Bluffs, NE-IA HUD Metro FMR Area",2p0c,1052,659,1276,1026,531,0,871,5415,12624,7903,15311,12313,6373,0,10457,64981,107070.055,,,,
3606,NE,"Omaha-Council Bluffs, NE-IA HUD Metro FMR Area",2p1c,1261,817,1398,1319,645,988,1176,7604,15132,9806,16775,15823,7743,11860,14114,91253,107070.055,,,,
3606,NE,"Omaha-Council Bluffs, NE-IA HUD Metro FMR Area",2p2c,1261,1039,1479,1611,714,1840,1449,9394,15132,12471,17746,19332,8570,22085,17389,112725,107070.055,,,,
3606,NE,"Omaha-Council Bluffs, NE-IA HUD Metro FMR Area",2p3c,1675,1268,1601,1904,914,2103,1984,11447,20100,15213,19207,22842,10964,25231,23804,137362,107070.055,,,,
3606,NE,"Omaha-Council Bluffs, NE-IA HUD Metro FMR Area",2p4c,1675,1552,1647,1973,1002,2103,2252,12203,20100,18621,19760,23681,12022,25231,27020,146436,107070.055,,,,
3607,NE,"Saunders County, NE HUD Metro FMR Area",1p0c,772,368,1222,525,354,0,763,4004,9264,4419,14665,6298,4248,0,9158,48053,109378,0,,,
3607,NE,"Saunders County, NE HUD Metro FMR Area",1p1c,983,540,1583,824,473,824,963,6190,11796,6480,18998,9892,5674,9885,11558,74284,109378,0,,,
3607,NE,"Saunders County, NE HUD Metro FMR Area",1p2c,983,796,1743,1124,552,1622,1448,8268,11796,9556,20914,13486,6629,19467,17372,99220,109378,0,,,
3607,NE,"Saunders County, NE HUD Metro FMR Area",1p3c,1226,1061,1850,1423,710,1868,1963,10101,14712,12734,22200,17080,8521,22415,23554,121216,109378,0,,,
3607,NE,"Saunders County, NE HUD Metro FMR Area",1p4c,1226,1299,1926,1494,784,1868,2216,10813,14712,15591,23108,17930,9408,22415,26597,129760,109378,0,,,
3607,NE,"Saunders County, NE HUD Metro FMR Area",2p0c,854,675,1518,1050,475,0,880,5452,10248,8102,18216,12596,5697,0,10564,65423,109378,0,,,
3607,NE,"Saunders County, NE HUD Metro FMR Area",2p1c,983,838,1668,1349,565,824,1105,7333,11796,10053,20018,16190,6783,9885,13265,87991,109378,0,,,
3607,NE,"Saunders County, NE HUD Metro FMR Area",2p2c,983,1065,1768,1649,636,1622,1340,9064,11796,12784,21221,19784,7631,19467,16080,108763,109378,0,,,
3607,NE,"Saunders County, NE HUD Metro FMR Area",2p3c,1226,1300,1839,1948,784,1868,1704,10669,14712,15596,22065,23378,9410,22415,20450,128026,109378,0,,,
3607,NE,"Saunders County, NE HUD Metro FMR Area",2p4c,1226,1591,1971,2019,875,1868,2015,11564,14712,19089,23654,24227,10494,22415,24180,138772,109378,0,,,
3608,FL,"Orlando-Kissimmee-Sanford, FL MSA",1p0c,1636,372,1041,492,623,0,882,5045,19632,4460,12488,5901,7480,0,10580,60541,89343.31552,1,51,13,79
3608,FL,"Orlando-Kissimmee-Sanford, FL MSA",1p1c,1958,545,1253,772,777,842,1043,7189,23496,6540,15041,9262,9325,10098,12510,86272,89343.31552,1,51,13,79
3608,FL,"Orlando-Kissimmee-Sanford, FL MSA",1p2c,1958,804,1428,1052,857,1499,1338,8937,23496,9644,17139,12622,10289,17987,16060,107238,89343.31552,1,51,13,79
3608,FL,"Orlando-Kissimmee-Sanford, FL MSA",1p3c,2486,1071,1511,1332,1104,1701,1826,11031,29832,12850,18130,15983,13252,20414,21909,132371,89343.31552,1,51,13,79
3608,FL,"Orlando-Kissimmee-Sanford, FL MSA",1p4c,2486,1311,1569,1402,1179,1701,2034,11683,29832,15733,18833,16827,14147,20414,24411,140197,89343.31552,1,51,13,79
3608,FL,"Orlando-Kissimmee-Sanford, FL MSA",2p0c,1727,681,1209,984,748,0,917,6265,20724,8176,14505,11802,8973,0,11000,75180,89343.31552,1,51,13,79
3608,FL,"Orlando-Kissimmee-Sanford, FL MSA",2p1c,1958,845,1379,1264,870,842,1086,8244,23496,10145,16545,15163,10445,10098,13034,98925,89343.31552,1,51,13,79
3608,FL,"Orlando-Kissimmee-Sanford, FL MSA",2p2c,1958,1075,1458,1544,942,1499,1225,9700,23496,12901,17491,18524,11300,17987,14697,116395,89343.31552,1,51,13,79
3608,FL,"Orlando-Kissimmee-Sanford, FL MSA",2p3c,2486,1312,1513,1824,1179,1701,1583,11598,29832,15738,18159,21884,14148,20414,18999,139176,89343.31552,1,51,13,79
3608,FL,"Orlando-Kissimmee-Sanford, FL MSA",2p4c,2486,1605,1558,1894,1270,1701,1796,12310,29832,19264,18698,22728,15243,20414,21547,147725,89343.31552,1,51,13,79
3609,WI,"Oshkosh-Neenah, WI MSA",1p0c,791,364,1015,444,359,0,686,3659,9492,4373,12184,5329,4305,0,8226,43909,95175,0,,,
3609,WI,"Oshkosh-Neenah, WI MSA",1p1c,1055,534,1304,695,494,1312,1132,6525,12660,6413,15644,8343,5922,15741,13580,78302,95175,0,,,
3609,WI,"Oshkosh-Neenah, WI MSA",1p2c,1055,788,1430,946,572,2351,1709,8852,12660,9457,17161,11357,6867,28212,20505,106219,95175,0,,,
3609,WI,"Oshkosh-Neenah, WI MSA",1p3c,1411,1050,1516,1198,764,2671,2296,10905,16932,12601,18190,14371,9169,32049,27548,130861,95175,0,,,
3609,WI,"Oshkosh-Neenah, WI MSA",1p4c,1411,1286,1576,1262,837,2671,2550,11594,16932,15428,18915,15149,10047,32049,30602,139122,95175,0,,,
3609,WI,"Oshkosh-Neenah, WI MSA",2p0c,812,668,1258,888,460,0,726,4811,9744,8018,15091,10658,5514,0,8708,57732,95175,0,,,
3609,WI,"Oshkosh-Neenah, WI MSA",2p1c,1055,829,1378,1139,585,1312,1178,7477,12660,9948,16540,13672,7019,15741,14140,89720,95175,0,,,
3609,WI,"Oshkosh-Neenah, WI MSA",2p2c,1055,1054,1460,1391,655,2351,1509,9474,12660,12651,17519,16686,7858,28212,18103,113689,95175,0,,,
3609,WI,"Oshkosh-Neenah, WI MSA",2p3c,1411,1286,1517,1642,837,2671,1979,11343,16932,15433,18206,19700,10048,32049,23749,136118,95175,0,,,
3609,WI,"Oshkosh-Neenah, WI MSA",2p4c,1411,1574,1628,1707,927,2671,2292,12209,16932,18890,19541,20478,11122,32049,27499,146510,95175,0,,,
3610,KY,"Owensboro, KY MSA",1p0c,854,313,1073,487,362,0,786,3874,10248,3750,12871,5843,4346,0,9426,46484,83352.48721,0,,,
3610,KY,"Owensboro, KY MSA",1p1c,1128,458,1315,764,493,596,923,5678,13536,5499,15782,9169,5910,7155,11081,68133,83352.48721,0,,,
3610,KY,"Owensboro, KY MSA",1p2c,1128,676,1509,1041,560,1217,1198,7330,13536,8110,18113,12495,6720,14605,14375,87955,83352.48721,0,,,
3610,KY,"Owensboro, KY MSA",1p3c,1494,901,1604,1318,743,1408,1651,9119,17928,10806,19245,15821,8921,16898,19812,109431,83352.48721,0,,,
3610,KY,"Owensboro, KY MSA",1p4c,1494,1103,1671,1388,806,1408,1885,9755,17928,13230,20053,16660,9674,16898,22617,117059,83352.48721,0,,,
3610,KY,"Owensboro, KY MSA",2p0c,860,573,1263,974,445,0,898,5013,10320,6876,15158,11686,5339,0,10776,60154,83352.48721,0,,,
3610,KY,"Owensboro, KY MSA",2p1c,1128,711,1451,1251,571,596,1114,6821,13536,8531,17410,15012,6851,7155,13362,81857,83352.48721,0,,,
3610,KY,"Owensboro, KY MSA",2p2c,1128,904,1540,1528,631,1217,1213,8161,13536,10849,18482,18338,7571,14605,14557,97937,83352.48721,0,,,
3610,KY,"Owensboro, KY MSA",2p3c,1494,1103,1604,1805,806,1408,1500,9721,17928,13235,19243,21664,9675,16898,18005,116648,83352.48721,0,,,
3610,KY,"Owensboro, KY MSA",2p4c,1494,1350,1655,1875,883,1408,1713,10378,17928,16199,19855,22503,10596,16898,20557,124535,83352.48721,0,,,
3611,CA,"Oxnard-Thousand Oaks-Ventura, CA MSA",1p0c,1871,381,1206,557,699,0,1449,6162,22452,4569,14477,6678,8389,0,17382,73947,122868,1,4,10,16
3611,CA,"Oxnard-Thousand Oaks-Ventura, CA MSA",1p1c,2569,558,1519,885,971,1517,2433,10452,30828,6700,18224,10621,11652,18200,29193,125419,122868,1,4,10,16
3611,CA,"Oxnard-Thousand Oaks-Ventura, CA MSA",1p2c,2569,823,1739,1214,1053,3650,3852,14900,30828,9881,20871,14565,12639,43798,46221,178803,122868,1,4,10,16
3611,CA,"Oxnard-Thousand Oaks-Ventura, CA MSA",1p3c,3505,1097,1844,1542,1429,4306,5689,19412,42060,13166,22124,18508,17146,51674,68266,232943,122868,1,4,10,16
3611,CA,"Oxnard-Thousand Oaks-Ventura, CA MSA",1p4c,3505,1343,1916,1626,1505,4306,6088,20289,42060,16120,22989,19510,18063,51674,73052,243468,122868,1,4,10,16
3611,CA,"Oxnard-Thousand Oaks-Ventura, CA MSA",2p0c,2147,698,1451,1113,883,0,1329,7622,25764,8377,17413,13357,10600,0,15949,91460,122868,1,4,10,16
3611,CA,"Oxnard-Thousand Oaks-Ventura, CA MSA",2p1c,2569,866,1664,1442,1067,1517,2296,11420,30828,10394,19962,17300,12798,18200,27552,137034,122868,1,4,10,16
3611,CA,"Oxnard-Thousand Oaks-Ventura, CA MSA",2p2c,2569,1102,1762,1770,1140,3650,3687,15679,30828,13218,21143,21243,13675,43798,44245,188150,122868,1,4,10,16
3611,CA,"Oxnard-Thousand Oaks-Ventura, CA MSA",2p3c,3505,1344,1830,2099,1505,4306,5088,19677,42060,16125,21955,25186,18065,51674,61057,236122,122868,1,4,10,16
3611,CA,"Oxnard-Thousand Oaks-Ventura, CA MSA",2p4c,3505,1645,1882,2182,1599,4306,5397,20516,42060,19737,22581,26188,19186,51674,64767,246193,122868,1,4,10,16
3612,FL,"Palm Bay-Melbourne-Titusville, FL MSA",1p0c,1203,374,1016,448,490,0,668,4199,14436,4489,12196,5379,5876,0,8018,50393,92294,1,74,36,70
3612,FL,"Palm Bay-Melbourne-Titusville, FL MSA",1p1c,1635,549,1239,702,678,786,843,6432,19620,6582,14866,8426,8135,9429,10121,77180,92294,1,74,36,70
3612,FL,"Palm Bay-Melbourne-Titusville, FL MSA",1p2c,1635,809,1421,956,759,1419,1077,8077,19620,9706,17052,11474,9105,17033,12929,96919,92294,1,74,36,70
3612,FL,"Palm Bay-Melbourne-Titusville, FL MSA",1p3c,2224,1078,1511,1210,1025,1614,1576,10238,26688,12933,18127,14522,12301,19373,18907,122852,92294,1,74,36,70
3612,FL,"Palm Bay-Melbourne-Titusville, FL MSA",1p4c,2224,1320,1575,1277,1100,1614,1782,10892,26688,15835,18899,15327,13202,19373,21380,130705,92294,1,74,36,70
3612,FL,"Palm Bay-Melbourne-Titusville, FL MSA",2p0c,1408,686,1190,896,650,0,790,5621,16896,8229,14285,10757,7801,0,9479,67447,92294,1,74,36,70
3612,FL,"Palm Bay-Melbourne-Titusville, FL MSA",2p1c,1635,851,1367,1150,772,786,940,7500,19620,10210,16399,13805,9261,9429,11280,90005,92294,1,74,36,70
3612,FL,"Palm Bay-Melbourne-Titusville, FL MSA",2p2c,1635,1082,1452,1404,844,1419,1010,8846,19620,12984,17420,16853,10123,17033,12124,106157,92294,1,74,36,70
3612,FL,"Palm Bay-Melbourne-Titusville, FL MSA",2p3c,2224,1320,1513,1658,1100,1614,1336,10765,26688,15840,18150,19901,13204,19373,16026,129182,92294,1,74,36,70
3612,FL,"Palm Bay-Melbourne-Titusville, FL MSA",2p4c,2224,1616,1562,1726,1192,1614,1549,11482,26688,19388,18738,20706,14305,19373,18585,137784,92294,1,74,36,70
3613,FL,"Panama City, FL MSA",1p0c,1367,363,1047,480,537,0,742,4535,16404,4350,12561,5756,6444,0,8906,54421,81161,0,,,
3613,FL,"Panama City, FL MSA",1p1c,1609,532,1266,752,665,837,868,6528,19308,6379,15187,9029,7975,10038,10417,78333,81161,0,,,
3613,FL,"Panama City, FL MSA",1p2c,1609,784,1385,1025,743,1343,1031,7921,19308,9407,16622,12302,8915,16121,12371,95046,81161,0,,,
3613,FL,"Panama City, FL MSA",1p3c,2137,1045,1533,1298,988,1499,1501,10001,25644,12535,18398,15576,11853,17993,18017,120016,81161,0,,,
3613,FL,"Panama City, FL MSA",1p4c,2137,1279,1596,1367,1061,1499,1703,10642,25644,15346,19151,16409,12726,17993,20432,127701,81161,0,,,
3613,FL,"Panama City, FL MSA",2p0c,1375,665,1214,959,633,0,794,5640,16500,7975,14571,11511,7599,0,9525,67681,81161,0,,,
3613,FL,"Panama City, FL MSA",2p1c,1609,825,1328,1232,756,837,946,7532,19308,9895,15936,14784,9067,10038,11354,90383,81161,0,,,
3613,FL,"Panama City, FL MSA",2p2c,1609,1049,1472,1505,825,1343,1000,8802,19308,12584,17660,18058,9902,16121,11994,105626,81161,0,,,
3613,FL,"Panama City, FL MSA",2p3c,2137,1279,1531,1778,1061,1499,1274,10559,25644,15352,18372,21331,12728,17993,15293,126713,81161,0,,,
3613,FL,"Panama City, FL MSA",2p4c,2137,1566,1579,1847,1150,1499,1483,11261,25644,18790,18946,22164,13796,17993,17794,135127,81161,0,,,
3614,WV,"Parkersburg-Vienna, WV MSA",1p0c,771,318,1008,818,338,0,798,4051,9252,3819,12095,9815,4058,0,9570,48609,74340.00134,0,,,
3614,WV,"Parkersburg-Vienna, WV MSA",1p1c,933,467,1218,1293,435,805,1047,6199,11196,5601,14621,15518,5215,9664,12568,74382,74340.00134,0,,,
3614,WV,"Parkersburg-Vienna, WV MSA",1p2c,933,688,1337,1768,503,1523,1561,8315,11196,8259,16048,21221,6040,18281,18733,99778,74340.00134,0,,,
3614,WV,"Parkersburg-Vienna, WV MSA",1p3c,1252,917,1423,2244,673,1744,2166,10419,15024,11005,17074,26924,8081,20932,25989,125030,74340.00134,0,,,
3614,WV,"Parkersburg-Vienna, WV MSA",1p4c,1252,1123,1550,2338,737,1744,2455,11199,15024,13474,18597,28055,8848,20932,29462,134392,74340.00134,0,,,
3614,WV,"Parkersburg-Vienna, WV MSA",2p0c,776,584,1172,1636,422,0,1033,5622,9312,7002,14060,19629,5065,0,12400,67468,74340.00134,0,,,
3614,WV,"Parkersburg-Vienna, WV MSA",2p1c,933,724,1284,2111,514,805,1352,7724,11196,8688,15411,25332,6173,9664,16227,92691,74340.00134,0,,,
3614,WV,"Parkersburg-Vienna, WV MSA",2p2c,933,921,1365,2586,576,1523,1652,9556,11196,11048,16380,31035,6906,18281,19821,114667,74340.00134,0,,,
3614,WV,"Parkersburg-Vienna, WV MSA",2p3c,1252,1123,1488,3062,737,1744,2192,11599,15024,13478,17858,36738,8849,20932,26307,139188,74340.00134,0,,,
3614,WV,"Parkersburg-Vienna, WV MSA",2p4c,1252,1375,1538,3156,816,1744,2450,12330,15024,16498,18452,37870,9787,20932,29398,147960,74340.00134,0,,,
3615,FL,"Pensacola-Ferry Pass-Brent, FL MSA",1p0c,1219,360,1054,505,490,0,692,4321,14628,4325,12649,6058,5884,0,8305,51850,87778.67935,0,,,
3615,FL,"Pensacola-Ferry Pass-Brent, FL MSA",1p1c,1605,529,1293,793,662,773,866,6521,19260,6343,15517,9513,7949,9272,10396,78248,87778.67935,0,,,
3615,FL,"Pensacola-Ferry Pass-Brent, FL MSA",1p2c,1605,779,1485,1081,740,1407,1119,8216,19260,9353,17818,12967,8884,16887,13428,98596,87778.67935,0,,,
3615,FL,"Pensacola-Ferry Pass-Brent, FL MSA",1p3c,2147,1039,1578,1369,989,1603,1604,10327,25764,12463,18935,16422,11868,19230,19244,123926,87778.67935,0,,,
3615,FL,"Pensacola-Ferry Pass-Brent, FL MSA",1p4c,2147,1272,1644,1440,1061,1603,1808,10974,25764,15259,19732,17277,12737,19230,21692,131690,87778.67935,0,,,
3615,FL,"Pensacola-Ferry Pass-Brent, FL MSA",2p0c,1361,661,1243,1010,628,0,807,5710,16332,7930,14917,12116,7533,0,9689,68517,87778.67935,0,,,
3615,FL,"Pensacola-Ferry Pass-Brent, FL MSA",2p1c,1605,820,1428,1298,753,773,968,7645,19260,9839,17138,15571,9034,9272,11620,91734,87778.67935,0,,,
3615,FL,"Pensacola-Ferry Pass-Brent, FL MSA",2p2c,1605,1043,1516,1585,822,1407,1057,9036,19260,12512,18196,19025,9864,16887,12685,108429,87778.67935,0,,,
3615,FL,"Pensacola-Ferry Pass-Brent, FL MSA",2p3c,2147,1272,1579,1873,1062,1603,1380,10915,25764,15264,18947,22480,12738,19230,16562,130985,87778.67935,0,,,
3615,FL,"Pensacola-Ferry Pass-Brent, FL MSA",2p4c,2147,1557,1629,1945,1150,1603,1590,11620,25764,18683,19551,23335,13800,19230,19078,139441,87778.67935,0,,,
3616,IL,"Fulton County, IL HUD Metro FMR Area",1p0c,659,337,1130,645,309,0,784,3863,7908,4039,13558,7742,3709,0,9402,46358,74828,0,,,
3616,IL,"Fulton County, IL HUD Metro FMR Area",1p1c,870,494,1390,1017,423,840,1016,6050,10440,5922,16678,12201,5080,10082,12196,72599,74828,0,,,
3616,IL,"Fulton County, IL HUD Metro FMR Area",1p2c,870,728,1599,1388,496,1119,1234,7433,10440,8733,19187,16660,5953,13424,14805,89200,74828,0,,,
3616,IL,"Fulton County, IL HUD Metro FMR Area",1p3c,1200,970,1703,1760,674,1204,1661,9171,14400,11637,20438,21118,8084,14452,19928,110057,74828,0,,,
3616,IL,"Fulton County, IL HUD Metro FMR Area",1p4c,1200,1187,1778,1840,741,1204,1900,9851,14400,14247,21337,22074,8894,14452,22802,118206,74828,0,,,
3616,IL,"Fulton County, IL HUD Metro FMR Area",2p0c,663,617,1331,1290,397,0,962,5260,7956,7404,15967,15484,4769,0,11541,63121,74828,0,,,
3616,IL,"Fulton County, IL HUD Metro FMR Area",2p1c,870,766,1531,1662,508,840,1271,7447,10440,9187,18367,19943,6094,10082,15252,89364,74828,0,,,
3616,IL,"Fulton County, IL HUD Metro FMR Area",2p2c,870,974,1628,2034,572,1119,1299,8495,10440,11683,19535,24402,6868,13424,15589,101940,74828,0,,,
3616,IL,"Fulton County, IL HUD Metro FMR Area",2p3c,1200,1188,1697,2405,741,1204,1592,10028,14400,14252,20369,28860,8896,14452,19100,120330,74828,0,,,
3616,IL,"Fulton County, IL HUD Metro FMR Area",2p4c,1200,1454,1754,2485,824,1204,1813,10733,14400,17445,21042,29816,9887,14452,21753,128795,74828,0,,,
3617,IL,"Peoria, IL HUD Metro FMR Area",1p0c,718,353,1052,590,332,0,772,3817,8616,4230,12627,7074,3988,0,9265,45800,93807.08804,0,,,
3617,IL,"Peoria, IL HUD Metro FMR Area",1p1c,1003,517,1363,928,472,960,1103,6345,12036,6203,16357,11133,5663,11517,13231,76138,93807.08804,0,,,
3617,IL,"Peoria, IL HUD Metro FMR Area",1p2c,1003,762,1502,1266,548,1277,1314,7672,12036,9147,18025,15191,6577,15324,15762,92062,93807.08804,0,,,
3617,IL,"Peoria, IL HUD Metro FMR Area",1p3c,1300,1016,1597,1604,719,1375,1718,9329,15600,12188,19163,19250,8627,16496,20619,111944,93807.08804,0,,,
3617,IL,"Peoria, IL HUD Metro FMR Area",1p4c,1300,1244,1664,1680,790,1375,1959,10011,15600,14922,19968,20157,9476,16496,23512,120131,93807.08804,0,,,
3617,IL,"Peoria, IL HUD Metro FMR Area",2p0c,790,646,1313,1179,446,0,986,5360,9480,7755,15752,14148,5351,0,11837,64322,93807.08804,0,,,
3617,IL,"Peoria, IL HUD Metro FMR Area",2p1c,1003,802,1445,1517,560,960,1307,7594,12036,9622,17337,18207,6724,11517,15688,91131,93807.08804,0,,,
3617,IL,"Peoria, IL HUD Metro FMR Area",2p2c,1003,1020,1534,1855,628,1277,1339,8657,12036,12236,18413,22265,7536,15324,16067,103878,93807.08804,0,,,
3617,IL,"Peoria, IL HUD Metro FMR Area",2p3c,1300,1244,1598,2194,790,1375,1622,10122,15600,14927,19170,26324,9478,16496,19466,121461,93807.08804,0,,,
3617,IL,"Peoria, IL HUD Metro FMR Area",2p4c,1300,1523,1716,2269,876,1375,1883,10942,15600,18271,20596,27231,10516,16496,22590,131300,93807.08804,0,,,
3618,DE,"Philadelphia-Camden-Wilmington, PA-NJ-DE-MD MSA",1p0c,1372,388,1028,374,546,0,991,4699,16464,4653,12330,4487,6556,0,11892,56382,112895.3518,1,29,73,24
3618,DE,"Philadelphia-Camden-Wilmington, PA-NJ-DE-MD MSA",1p1c,1802,569,1262,588,736,1216,1556,7729,21624,6823,15142,7055,8832,14594,18671,92742,112895.3518,1,29,73,24
3618,DE,"Philadelphia-Camden-Wilmington, PA-NJ-DE-MD MSA",1p2c,1802,838,1381,802,820,2200,2126,9969,21624,10061,16566,9624,9837,26398,25514,119625,112895.3518,1,29,73,24
3618,DE,"Philadelphia-Camden-Wilmington, PA-NJ-DE-MD MSA",1p3c,2171,1117,1515,1016,1021,2503,2761,12104,26052,13407,18182,12193,12251,30030,33135,145250,112895.3518,1,29,73,24
3618,DE,"Philadelphia-Camden-Wilmington, PA-NJ-DE-MD MSA",1p4c,2171,1368,1571,1077,1099,2503,2960,12749,26052,16414,18853,12929,13185,30030,35524,152988,112895.3518,1,29,73,24
3618,DE,"Philadelphia-Camden-Wilmington, PA-NJ-DE-MD MSA",2p0c,1512,711,1221,748,690,0,1073,5954,18144,8530,14647,8974,8282,0,12875,71452,112895.3518,1,29,73,24
3618,DE,"Philadelphia-Camden-Wilmington, PA-NJ-DE-MD MSA",2p1c,1802,882,1334,962,833,1216,1457,8486,21624,10584,16003,11542,10000,14594,17479,101826,112895.3518,1,29,73,24
3618,DE,"Philadelphia-Camden-Wilmington, PA-NJ-DE-MD MSA",2p2c,1802,1122,1464,1176,908,2200,1847,10518,21624,13460,17569,14111,10892,26398,22166,126220,112895.3518,1,29,73,24
3618,DE,"Philadelphia-Camden-Wilmington, PA-NJ-DE-MD MSA",2p3c,2171,1368,1517,1390,1099,2503,2326,12373,26052,16420,18203,16680,13186,30030,27910,148481,112895.3518,1,29,73,24
3618,DE,"Philadelphia-Camden-Wilmington, PA-NJ-DE-MD MSA",2p4c,2171,1675,1558,1451,1194,2503,2602,13153,26052,20098,18693,17416,14328,30030,31219,157836,112895.3518,1,29,73,24
3619,MD,"Philadelphia-Camden-Wilmington, PA-NJ-DE-MD MSA",1p0c,1372,388,1028,374,546,0,971,4679,16464,4653,12330,4487,6556,0,11655,56145,112895.3518,,,,
3619,MD,"Philadelphia-Camden-Wilmington, PA-NJ-DE-MD MSA",1p1c,1802,569,1262,588,736,1216,1471,7644,21624,6823,15142,7055,8832,14594,17653,91724,112895.3518,,,,
3619,MD,"Philadelphia-Camden-Wilmington, PA-NJ-DE-MD MSA",1p2c,1802,838,1381,802,820,2200,1991,9833,21624,10061,16566,9624,9837,26398,23888,117999,112895.3518,,,,
3619,MD,"Philadelphia-Camden-Wilmington, PA-NJ-DE-MD MSA",1p3c,2171,1117,1515,1016,1021,2503,2565,11908,26052,13407,18182,12193,12251,30030,30779,142894,112895.3518,,,,
3619,MD,"Philadelphia-Camden-Wilmington, PA-NJ-DE-MD MSA",1p4c,2171,1368,1571,1077,1099,2503,2803,12592,26052,16414,18853,12929,13185,30030,33636,151100,112895.3518,,,,
3619,MD,"Philadelphia-Camden-Wilmington, PA-NJ-DE-MD MSA",2p0c,1512,711,1221,748,690,0,1084,5965,18144,8530,14647,8974,8282,0,13009,71585,112895.3518,,,,
3619,MD,"Philadelphia-Camden-Wilmington, PA-NJ-DE-MD MSA",2p1c,1802,882,1334,962,833,1216,1439,8468,21624,10584,16003,11542,10000,14594,17273,101620,112895.3518,,,,
3619,MD,"Philadelphia-Camden-Wilmington, PA-NJ-DE-MD MSA",2p2c,1802,1122,1464,1176,908,2200,1813,10484,21624,13460,17569,14111,10892,26398,21753,125807,112895.3518,,,,
3619,MD,"Philadelphia-Camden-Wilmington, PA-NJ-DE-MD MSA",2p3c,2171,1368,1517,1390,1099,2503,2256,12304,26052,16420,18203,16680,13186,30030,27075,147646,112895.3518,,,,
3619,MD,"Philadelphia-Camden-Wilmington, PA-NJ-DE-MD MSA",2p4c,2171,1675,1558,1451,1194,2503,2509,13060,26052,20098,18693,17416,14328,30030,30102,156720,112895.3518,,,,
3620,NJ,"Philadelphia-Camden-Wilmington, PA-NJ-DE-MD MSA",1p0c,1372,388,1028,374,546,0,830,4538,16464,4653,12330,4487,6556,0,9962,54451,112895.3518,,,,
3620,NJ,"Philadelphia-Camden-Wilmington, PA-NJ-DE-MD MSA",1p1c,1802,569,1262,588,736,1216,1244,7416,21624,6823,15142,7055,8832,14594,14926,88997,112895.3518,,,,
3620,NJ,"Philadelphia-Camden-Wilmington, PA-NJ-DE-MD MSA",1p2c,1802,838,1381,802,820,2200,1801,9644,21624,10061,16566,9624,9837,26398,21617,115728,112895.3518,,,,
3620,NJ,"Philadelphia-Camden-Wilmington, PA-NJ-DE-MD MSA",1p3c,2171,1117,1515,1016,1021,2503,2389,11732,26052,13407,18182,12193,12251,30030,28666,140780,112895.3518,,,,
3620,NJ,"Philadelphia-Camden-Wilmington, PA-NJ-DE-MD MSA",1p4c,2171,1368,1571,1077,1099,2503,2646,12435,26052,16414,18853,12929,13185,30030,31755,149219,112895.3518,,,,
3620,NJ,"Philadelphia-Camden-Wilmington, PA-NJ-DE-MD MSA",2p0c,1512,711,1221,748,690,0,918,5799,18144,8530,14647,8974,8282,0,11014,69590,112895.3518,,,,
3620,NJ,"Philadelphia-Camden-Wilmington, PA-NJ-DE-MD MSA",2p1c,1802,882,1334,962,833,1216,1269,8298,21624,10584,16003,11542,10000,14594,15233,99580,112895.3518,,,,
3620,NJ,"Philadelphia-Camden-Wilmington, PA-NJ-DE-MD MSA",2p2c,1802,1122,1464,1176,908,2200,1669,10340,21624,13460,17569,14111,10892,26398,20028,124082,112895.3518,,,,
3620,NJ,"Philadelphia-Camden-Wilmington, PA-NJ-DE-MD MSA",2p3c,2171,1368,1517,1390,1099,2503,2122,12169,26052,16420,18203,16680,13186,30030,25458,146029,112895.3518,,,,
3620,NJ,"Philadelphia-Camden-Wilmington, PA-NJ-DE-MD MSA",2p4c,2171,1675,1558,1451,1194,2503,2389,12940,26052,20098,18693,17416,14328,30030,28665,155282,112895.3518,,,,
3621,PA,"Philadelphia-Camden-Wilmington, PA-NJ-DE-MD MSA",1p0c,1372,388,1028,374,546,0,888,4596,16464,4653,12330,4487,6556,0,10659,55149,112895.3518,,,,
3621,PA,"Philadelphia-Camden-Wilmington, PA-NJ-DE-MD MSA",1p1c,1802,569,1262,588,736,1216,1382,7555,21624,6823,15142,7055,8832,14594,16587,90657,112895.3518,,,,
3621,PA,"Philadelphia-Camden-Wilmington, PA-NJ-DE-MD MSA",1p2c,1802,838,1381,802,820,2200,1890,9733,21624,10061,16566,9624,9837,26398,22684,116795,112895.3518,,,,
3621,PA,"Philadelphia-Camden-Wilmington, PA-NJ-DE-MD MSA",1p3c,2171,1117,1515,1016,1021,2503,2418,11761,26052,13407,18182,12193,12251,30030,29015,141130,112895.3518,,,,
3621,PA,"Philadelphia-Camden-Wilmington, PA-NJ-DE-MD MSA",1p4c,2171,1368,1571,1077,1099,2503,2660,12448,26052,16414,18853,12929,13185,30030,31914,149379,112895.3518,,,,
3621,PA,"Philadelphia-Camden-Wilmington, PA-NJ-DE-MD MSA",2p0c,1512,711,1221,748,690,0,1030,5911,18144,8530,14647,8974,8282,0,12359,70935,112895.3518,,,,
3621,PA,"Philadelphia-Camden-Wilmington, PA-NJ-DE-MD MSA",2p1c,1802,882,1334,962,833,1216,1378,8407,21624,10584,16003,11542,10000,14594,16537,100883,112895.3518,,,,
3621,PA,"Philadelphia-Camden-Wilmington, PA-NJ-DE-MD MSA",2p2c,1802,1122,1464,1176,908,2200,1737,10408,21624,13460,17569,14111,10892,26398,20841,124895,112895.3518,,,,
3621,PA,"Philadelphia-Camden-Wilmington, PA-NJ-DE-MD MSA",2p3c,2171,1368,1517,1390,1099,2503,2140,12188,26052,16420,18203,16680,13186,30030,25685,146256,112895.3518,,,,
3621,PA,"Philadelphia-Camden-Wilmington, PA-NJ-DE-MD MSA",2p4c,2171,1675,1558,1451,1194,2503,2390,12941,26052,20098,18693,17416,14328,30030,28678,155295,112895.3518,,,,
3622,AZ,"Phoenix-Mesa-Scottsdale, AZ MSA",1p0c,1530,343,1021,402,582,0,905,4783,18360,4116,12250,4824,6978,0,10860,57390,99685.16121,1,39,33,50
3622,AZ,"Phoenix-Mesa-Scottsdale, AZ MSA",1p1c,1950,503,1258,638,762,1043,1247,7401,23400,6036,15100,7658,9139,12514,14962,88809,99685.16121,1,39,33,50
3622,AZ,"Phoenix-Mesa-Scottsdale, AZ MSA",1p2c,1950,742,1448,874,836,1919,1712,9480,23400,8901,17372,10491,10029,23025,20540,113759,99685.16121,1,39,33,50
3622,AZ,"Phoenix-Mesa-Scottsdale, AZ MSA",1p3c,2624,988,1541,1110,1122,2188,2402,11975,31488,11861,18489,13325,13459,26259,28819,143700,99685.16121,1,39,33,50
3622,AZ,"Phoenix-Mesa-Scottsdale, AZ MSA",1p4c,2624,1210,1607,1183,1190,2188,2623,12625,31488,14522,19287,14191,14285,26259,31471,151503,99685.16121,1,39,33,50
3622,AZ,"Phoenix-Mesa-Scottsdale, AZ MSA",2p0c,1679,629,1207,804,717,0,959,5995,20148,7547,14487,9649,8599,0,11509,71938,99685.16121,1,39,33,50
3622,AZ,"Phoenix-Mesa-Scottsdale, AZ MSA",2p1c,1950,780,1389,1040,848,1043,1251,8301,23400,9364,16673,12482,10172,12514,15009,99615,99685.16121,1,39,33,50
3622,AZ,"Phoenix-Mesa-Scottsdale, AZ MSA",2p2c,1950,992,1477,1276,914,1919,1518,10046,23400,11908,17724,15316,10962,23025,18215,120550,99685.16121,1,39,33,50
3622,AZ,"Phoenix-Mesa-Scottsdale, AZ MSA",2p3c,2624,1211,1539,1512,1191,2188,2082,12347,31488,14527,18471,18149,14286,26259,24982,148163,99685.16121,1,39,33,50
3622,AZ,"Phoenix-Mesa-Scottsdale, AZ MSA",2p4c,2624,1482,1589,1585,1275,2188,2324,13066,31488,17781,19069,19015,15297,26259,27888,156797,99685.16121,1,39,33,50
3623,AR,"Pine Bluff, AR MSA",1p0c,633,305,1048,481,291,0,624,3382,7596,3662,12575,5770,3495,0,7488,40587,61957.57794,0,,,
3623,AR,"Pine Bluff, AR MSA",1p1c,878,448,1271,754,412,671,773,5205,10536,5370,15246,9052,4938,8050,9270,62463,61957.57794,0,,,
3623,AR,"Pine Bluff, AR MSA",1p2c,878,660,1402,1028,478,1224,945,6614,10536,7919,16818,12334,5730,14689,11340,79367,61957.57794,0,,,
3623,AR,"Pine Bluff, AR MSA",1p3c,1141,879,1498,1301,627,1394,1352,8194,13692,10552,17979,15616,7527,16732,16224,98323,61957.57794,0,,,
3623,AR,"Pine Bluff, AR MSA",1p4c,1141,1077,1570,1371,689,1394,1580,8821,13692,12920,18834,16450,8262,16732,18958,105847,61957.57794,0,,,
3623,AR,"Pine Bluff, AR MSA",2p0c,684,560,1220,962,386,0,681,4492,8208,6714,14642,11540,4633,0,8172,53908,61957.57794,0,,,
3623,AR,"Pine Bluff, AR MSA",2p1c,878,694,1343,1235,488,671,870,6179,10536,8331,16118,14822,5858,8050,10436,74150,61957.57794,0,,,
3623,AR,"Pine Bluff, AR MSA",2p2c,878,883,1434,1509,547,1224,945,7419,10536,10594,17203,18104,6560,14689,11340,89026,61957.57794,0,,,
3623,AR,"Pine Bluff, AR MSA",2p3c,1141,1077,1500,1782,689,1394,1105,8688,13692,12924,17998,21386,8264,16732,13261,104256,61957.57794,0,,,
3623,AR,"Pine Bluff, AR MSA",2p4c,1141,1318,1625,1852,764,1394,1333,9426,13692,15819,19494,22220,9162,16732,15997,113115,61957.57794,0,,,
3624,PA,"Pittsburgh, PA HUD Metro FMR Area",1p0c,998,378,986,335,427,0,716,3839,11976,4532,11829,4016,5125,0,8593,46072,102077.0452,1,72,83,46
3624,PA,"Pittsburgh, PA HUD Metro FMR Area",1p1c,1280,554,1280,531,569,1010,962,6186,15360,6645,15362,6366,6832,12119,11546,74231,102077.0452,1,72,83,46
3624,PA,"Pittsburgh, PA HUD Metro FMR Area",1p2c,1280,817,1412,726,651,1990,1393,8268,15360,9800,16945,8717,7811,23874,16710,99217,102077.0452,1,72,83,46
3624,PA,"Pittsburgh, PA HUD Metro FMR Area",1p3c,1632,1088,1502,922,845,2291,1863,10143,19584,13058,18021,11067,10134,27491,22358,121713,102077.0452,1,72,83,46
3624,PA,"Pittsburgh, PA HUD Metro FMR Area",1p4c,1632,1332,1565,981,920,2291,2101,10823,19584,15987,18781,11775,11044,27491,25214,129877,102077.0452,1,72,83,46
3624,PA,"Pittsburgh, PA HUD Metro FMR Area",2p0c,1068,692,1234,669,547,0,832,5042,12816,8308,14803,8032,6559,0,9982,60500,102077.0452,1,72,83,46
3624,PA,"Pittsburgh, PA HUD Metro FMR Area",2p1c,1280,859,1359,865,664,1010,1086,7123,15360,10309,16309,10383,7969,12119,13028,85477,102077.0452,1,72,83,46
3624,PA,"Pittsburgh, PA HUD Metro FMR Area",2p2c,1280,1092,1444,1061,737,1990,1282,8886,15360,13109,17329,12733,8839,23874,15382,106627,102077.0452,1,72,83,46
3624,PA,"Pittsburgh, PA HUD Metro FMR Area",2p3c,1632,1333,1504,1257,921,2291,1608,10545,19584,15993,18046,15083,11046,27491,19294,126536,102077.0452,1,72,83,46
3624,PA,"Pittsburgh, PA HUD Metro FMR Area",2p4c,1632,1631,1616,1316,1013,2291,1869,11369,19584,19575,19392,15791,12158,27491,22433,136425,102077.0452,1,72,83,46
3625,PA,"Armstrong County, PA HUD Metro FMR Area",1p0c,700,331,1107,388,320,0,634,3479,8400,3969,13278,4653,3840,0,7610,41751,82849,0,,,
3625,PA,"Armstrong County, PA HUD Metro FMR Area",1p1c,1021,485,1356,615,468,886,834,5664,12252,5821,16268,7385,5611,10630,10002,67968,82849,0,,,
3625,PA,"Armstrong County, PA HUD Metro FMR Area",1p2c,1021,715,1493,843,539,1799,1163,7573,12252,8583,17914,10117,6469,21583,13952,90870,82849,0,,,
3625,PA,"Armstrong County, PA HUD Metro FMR Area",1p3c,1298,953,1657,1071,699,2079,1585,9343,15576,11437,19885,12848,8387,24953,19024,112111,82849,0,,,
3625,PA,"Armstrong County, PA HUD Metro FMR Area",1p4c,1298,1167,1729,1134,765,2079,1806,9978,15576,14003,20751,13603,9183,24953,21670,119739,82849,0,,,
3625,PA,"Armstrong County, PA HUD Metro FMR Area",2p0c,778,606,1297,776,430,0,738,4624,9336,7277,15560,9307,5158,0,8850,55487,82849,0,,,
3625,PA,"Armstrong County, PA HUD Metro FMR Area",2p1c,1021,752,1426,1003,551,886,968,6607,12252,9029,17110,12038,6607,10630,11617,79284,82849,0,,,
3625,PA,"Armstrong County, PA HUD Metro FMR Area",2p2c,1021,957,1584,1231,614,1799,1145,8350,12252,11482,19009,14770,7369,21583,13739,100204,82849,0,,,
3625,PA,"Armstrong County, PA HUD Metro FMR Area",2p3c,1298,1167,1652,1459,765,2079,1386,9807,15576,14008,19818,17502,9185,24953,16636,117678,82849,0,,,
3625,PA,"Armstrong County, PA HUD Metro FMR Area",2p4c,1298,1429,1706,1521,847,2079,1583,10463,15576,17145,20470,18257,10159,24953,18995,125555,82849,0,,,
3626,MA,"Pittsfield, MA HUD Metro FMR Area",1p0c,1077,408,1082,429,461,0,865,4322,12924,4892,12987,5148,5532,0,10376,51859,95050,0,,,
3626,MA,"Pittsfield, MA HUD Metro FMR Area",1p1c,1571,598,1358,660,673,1167,1407,7435,18852,7174,16300,7923,8080,14007,16883,89219,95050,0,,,
3626,MA,"Pittsfield, MA HUD Metro FMR Area",1p2c,1571,882,1500,891,762,2194,1984,9783,18852,10579,17995,10697,9138,26329,23803,117394,95050,0,,,
3626,MA,"Pittsfield, MA HUD Metro FMR Area",1p3c,2016,1175,1658,1123,991,2510,2683,12155,24192,14097,19897,13472,11888,30120,32195,145861,95050,0,,,
3626,MA,"Pittsfield, MA HUD Metro FMR Area",1p4c,2016,1438,1726,1163,1073,2510,2934,12859,24192,17260,20715,13950,12870,30120,35204,154310,95050,0,,,
3626,MA,"Pittsfield, MA HUD Metro FMR Area",2p0c,1234,747,1309,858,615,0,1059,5823,14808,8969,15707,10297,7382,0,12706,69870,95050,0,,,
3626,MA,"Pittsfield, MA HUD Metro FMR Area",2p1c,1571,927,1443,1089,776,1167,1456,8430,18852,11129,17321,13071,9308,14007,17473,101161,95050,0,,,
3626,MA,"Pittsfield, MA HUD Metro FMR Area",2p2c,1571,1179,1597,1321,854,2194,1885,10601,18852,14153,19162,15846,10247,26329,22621,127208,95050,0,,,
3626,MA,"Pittsfield, MA HUD Metro FMR Area",2p3c,2016,1439,1661,1552,1073,2510,2430,12681,24192,17265,19933,18620,12871,30120,29164,152166,95050,0,,,
3626,MA,"Pittsfield, MA HUD Metro FMR Area",2p4c,2016,1761,1712,1592,1173,2510,2678,13440,24192,21133,20538,19098,14072,30120,32130,161284,95050,0,,,
3627,MA,"Berkshire County, MA (part) HUD Metro FMR Area",1p0c,1148,408,1082,429,483,0,895,4445,13776,4892,12987,5148,5796,0,10742,53342,95050,0,,,
3627,MA,"Berkshire County, MA (part) HUD Metro FMR Area",1p1c,1674,598,1358,660,705,1167,1478,7641,20088,7174,16300,7923,8464,14007,17730,91686,95050,0,,,
3627,MA,"Berkshire County, MA (part) HUD Metro FMR Area",1p2c,1674,882,1500,891,793,2194,2062,9996,20088,10579,17995,10697,9521,26329,24742,119952,95050,0,,,
3627,MA,"Berkshire County, MA (part) HUD Metro FMR Area",1p3c,2028,1175,1658,1123,994,2510,2692,12180,24336,14097,19897,13472,11932,30120,32307,146162,95050,0,,,
3627,MA,"Berkshire County, MA (part) HUD Metro FMR Area",1p4c,2028,1438,1726,1163,1076,2510,2941,12882,24336,17260,20715,13950,12914,30120,35291,154586,95050,0,,,
3627,MA,"Berkshire County, MA (part) HUD Metro FMR Area",2p0c,1276,747,1309,858,628,0,1077,5896,15312,8969,15707,10297,7539,0,12923,70747,95050,0,,,
3627,MA,"Berkshire County, MA (part) HUD Metro FMR Area",2p1c,1674,927,1443,1089,808,1167,1501,8610,20088,11129,17321,13071,9692,14007,18006,103314,95050,0,,,
3627,MA,"Berkshire County, MA (part) HUD Metro FMR Area",2p2c,1674,1179,1597,1321,886,2194,1954,10804,20088,14153,19162,15846,10631,26329,23443,129651,95050,0,,,
3627,MA,"Berkshire County, MA (part) HUD Metro FMR Area",2p3c,2028,1439,1661,1552,1076,2510,2439,12705,24336,17265,19933,18620,12916,30120,29266,152457,95050,0,,,
3627,MA,"Berkshire County, MA (part) HUD Metro FMR Area",2p4c,2028,1761,1712,1592,1176,2510,2686,13465,24336,21133,20538,19098,14117,30120,32232,161575,95050,0,,,
3628,ID,"Power County, ID HUD Metro FMR Area",1p0c,676,367,1234,407,324,0,711,3719,8112,4408,14809,4882,3887,0,8531,44629,70143,0,,,
3628,ID,"Power County, ID HUD Metro FMR Area",1p1c,986,539,1506,646,473,571,768,5489,11832,6464,18069,7751,5680,6850,9221,65866,70143,0,,,
3628,ID,"Power County, ID HUD Metro FMR Area",1p2c,986,794,1656,885,553,1121,951,6946,11832,9531,19877,10619,6633,13449,11414,83355,70143,0,,,
3628,ID,"Power County, ID HUD Metro FMR Area",1p3c,1382,1058,1836,1124,758,1290,1451,8899,16584,12701,22032,13487,9092,15479,17413,106788,70143,0,,,
3628,ID,"Power County, ID HUD Metro FMR Area",1p4c,1382,1296,1916,1196,831,1290,1721,9632,16584,15550,22990,14357,9977,15479,20652,115589,70143,0,,,
3628,ID,"Power County, ID HUD Metro FMR Area",2p0c,752,673,1433,814,443,0,742,4857,9024,8081,17201,9765,5311,0,8905,58286,70143,0,,,
3628,ID,"Power County, ID HUD Metro FMR Area",2p1c,986,836,1574,1053,566,571,903,6488,11832,10027,18891,12633,6786,6850,10832,77850,70143,0,,,
3628,ID,"Power County, ID HUD Metro FMR Area",2p2c,986,1063,1746,1292,636,1121,988,7832,11832,12751,20956,15501,7632,13449,11860,93981,70143,0,,,
3628,ID,"Power County, ID HUD Metro FMR Area",2p3c,1382,1296,1820,1531,832,1290,1259,9410,16584,15555,21845,18369,9978,15479,15103,112914,70143,0,,,
3628,ID,"Power County, ID HUD Metro FMR Area",2p4c,1382,1587,1880,1603,922,1290,1496,10160,16584,19039,22565,19239,11060,15479,17957,121923,70143,0,,,
3629,ID,"Pocatello, ID HUD Metro FMR Area",1p0c,781,367,1070,407,357,0,701,3683,9372,4408,12836,4882,4278,0,8416,44193,85065,0,,,
3629,ID,"Pocatello, ID HUD Metro FMR Area",1p1c,1139,539,1285,646,521,571,761,5462,13668,6464,15423,7751,6250,6850,9136,65542,85065,0,,,
3629,ID,"Pocatello, ID HUD Metro FMR Area",1p2c,1139,794,1404,885,600,1121,926,6869,13668,9531,16851,10619,7203,13449,11109,82429,85065,0,,,
3629,ID,"Pocatello, ID HUD Metro FMR Area",1p3c,1596,1058,1553,1124,824,1290,1449,8894,19152,12701,18632,13487,9889,15479,17392,106732,85065,0,,,
3629,ID,"Pocatello, ID HUD Metro FMR Area",1p4c,1596,1296,1616,1196,898,1290,1709,9601,19152,15550,19389,14357,10774,15479,20506,115206,85065,0,,,
3629,ID,"Pocatello, ID HUD Metro FMR Area",2p0c,868,673,1230,814,479,0,724,4788,10416,8081,14762,9765,5743,0,8686,57453,85065,0,,,
3629,ID,"Pocatello, ID HUD Metro FMR Area",2p1c,1139,836,1344,1053,613,571,892,6447,13668,10027,16126,12633,7357,6850,10704,77363,85065,0,,,
3629,ID,"Pocatello, ID HUD Metro FMR Area",2p2c,1139,1063,1488,1292,684,1121,968,7754,13668,12751,17858,15501,8202,13449,11615,93043,85065,0,,,
3629,ID,"Pocatello, ID HUD Metro FMR Area",2p3c,1596,1296,1548,1531,898,1290,1262,9421,19152,15555,18577,18369,10776,15479,15149,113057,85065,0,,,
3629,ID,"Pocatello, ID HUD Metro FMR Area",2p4c,1596,1587,1597,1603,988,1290,1495,10155,19152,19039,19159,19239,11857,15479,17937,121862,85065,0,,,
3630,ME,"Portland, ME HUD Metro FMR Area",1p0c,1379,403,1069,518,553,0,1082,5004,16548,4832,12828,6217,6638,0,12982,60045,118777.0312,0,,,
3630,ME,"Portland, ME HUD Metro FMR Area",1p1c,2011,591,1342,824,808,1307,1884,8766,24132,7086,16106,9885,9692,15682,22603,105186,118777.0312,0,,,
3630,ME,"Portland, ME HUD Metro FMR Area",1p2c,2011,871,1471,1129,895,2119,2476,10972,24132,10449,17650,13553,10737,25433,29713,131666,118777.0312,0,,,
3630,ME,"Portland, ME HUD Metro FMR Area",1p3c,2464,1160,1556,1435,1125,2369,3122,13232,29568,13924,18668,17220,13503,28433,37468,158785,118777.0312,0,,,
3630,ME,"Portland, ME HUD Metro FMR Area",1p4c,2464,1421,1616,1508,1206,2369,3379,13963,29568,17047,19391,18090,14473,28433,40552,167555,118777.0312,0,,,
3630,ME,"Portland, ME HUD Metro FMR Area",2p0c,1563,738,1290,1036,715,0,1162,6504,18756,8859,15485,12434,8574,0,13942,78050,118777.0312,0,,,
3630,ME,"Portland, ME HUD Metro FMR Area",2p1c,2011,916,1413,1342,909,1307,1793,9690,24132,10992,16954,16102,10905,15682,21510,116277,118777.0312,0,,,
3630,ME,"Portland, ME HUD Metro FMR Area",2p2c,2011,1165,1493,1648,986,2119,2242,11664,24132,13979,17915,19770,11832,25433,26901,139962,118777.0312,0,,,
3630,ME,"Portland, ME HUD Metro FMR Area",2p3c,2464,1421,1550,1953,1206,2369,2809,13772,29568,17053,18595,23437,14475,28433,33702,165263,118777.0312,0,,,
3630,ME,"Portland, ME HUD Metro FMR Area",2p4c,2464,1739,1595,2026,1305,2369,3126,14625,29568,20873,19139,24308,15661,28433,37515,175496,118777.0312,0,,,
3631,ME,"York-Kittery-South Berwick, ME HUD Metro FMR Area",1p0c,1352,391,1123,518,541,0,1084,5010,16224,4696,13478,6217,6495,0,13007,60118,103046,0,,,
3631,ME,"York-Kittery-South Berwick, ME HUD Metro FMR Area",1p1c,1971,574,1372,824,790,1132,1755,8418,23652,6887,16463,9885,9481,13586,21064,101018,103046,0,,,
3631,ME,"York-Kittery-South Berwick, ME HUD Metro FMR Area",1p2c,1971,846,1570,1129,875,2041,2435,10867,23652,10155,18835,13553,10496,24495,29215,130402,103046,0,,,
3631,ME,"York-Kittery-South Berwick, ME HUD Metro FMR Area",1p3c,2552,1128,1664,1435,1142,2321,3195,13437,30624,13532,19970,17220,13709,27852,38334,161241,103046,0,,,
3631,ME,"York-Kittery-South Berwick, ME HUD Metro FMR Area",1p4c,2552,1381,1731,1508,1221,2321,3449,14163,30624,16568,20776,18090,14652,27852,41390,169952,103046,0,,,
3631,ME,"York-Kittery-South Berwick, ME HUD Metro FMR Area",2p0c,1528,718,1315,1036,697,0,1145,6439,18336,8610,15777,12434,8366,0,13741,77263,103046,0,,,
3631,ME,"York-Kittery-South Berwick, ME HUD Metro FMR Area",2p1c,1971,890,1505,1342,888,1132,1704,9432,23652,10683,18058,16102,10660,13586,20444,113185,103046,0,,,
3631,ME,"York-Kittery-South Berwick, ME HUD Metro FMR Area",2p2c,1971,1132,1594,1648,963,2041,2199,11548,23652,13585,19125,19770,11561,24495,26388,138577,103046,0,,,
3631,ME,"York-Kittery-South Berwick, ME HUD Metro FMR Area",2p3c,2552,1381,1657,1953,1221,2321,2881,13966,30624,16573,19880,23437,14653,27852,34567,167587,103046,0,,,
3631,ME,"York-Kittery-South Berwick, ME HUD Metro FMR Area",2p4c,2552,1691,1707,2026,1317,2321,3194,14808,30624,20286,20482,24308,15806,27852,38333,177691,103046,0,,,
3632,ME,"Cumberland County, ME (part) HUD Metro FMR Area",1p0c,1197,404,1063,518,497,0,954,4633,14364,4846,12761,6217,5964,0,11444,55596,120394,0,,,
3632,ME,"Cumberland County, ME (part) HUD Metro FMR Area",1p1c,1745,592,1339,824,726,1325,1690,8240,20940,7107,16069,9885,8708,15898,20275,98880,120394,0,,,
3632,ME,"Cumberland County, ME (part) HUD Metro FMR Area",1p2c,1745,873,1461,1129,813,2127,2252,10401,20940,10480,17529,13553,9755,25529,27024,124809,120394,0,,,
3632,ME,"Cumberland County, ME (part) HUD Metro FMR Area",1p3c,2191,1164,1545,1435,1042,2374,2925,12675,26292,13964,18535,17220,12498,28493,35100,152102,120394,0,,,
3632,ME,"Cumberland County, ME (part) HUD Metro FMR Area",1p4c,2191,1425,1604,1508,1123,2374,3185,13409,26292,17097,19249,18090,13471,28493,38217,160909,120394,0,,,
3632,ME,"Cumberland County, ME (part) HUD Metro FMR Area",2p0c,1330,740,1288,1036,643,0,1057,6094,15960,8885,15455,12434,7714,0,12685,73133,120394,0,,,
3632,ME,"Cumberland County, ME (part) HUD Metro FMR Area",2p1c,1745,919,1403,1342,827,1325,1617,9178,20940,11024,16841,16102,9924,15898,19406,110134,120394,0,,,
3632,ME,"Cumberland County, ME (part) HUD Metro FMR Area",2p2c,1745,1168,1483,1648,905,2127,2042,11117,20940,14019,17791,19770,10854,25529,24501,133404,120394,0,,,
3632,ME,"Cumberland County, ME (part) HUD Metro FMR Area",2p3c,2191,1425,1539,1953,1123,2374,2620,13225,26292,17103,18463,23437,13473,28493,31437,158698,120394,0,,,
3632,ME,"Cumberland County, ME (part) HUD Metro FMR Area",2p4c,2191,1744,1583,2026,1222,2374,2914,14054,26292,20933,19000,24308,14662,28493,34964,168653,120394,0,,,
3633,ME,"Sagadahoc County, ME HUD Metro FMR Area",1p0c,1037,422,1117,518,453,0,889,4436,12444,5066,13401,6217,5436,0,10668,53232,95557,0,,,
3633,ME,"Sagadahoc County, ME HUD Metro FMR Area",1p1c,1435,619,1436,824,638,955,1336,7242,17220,7428,17235,9885,7653,11457,16028,86906,95557,0,,,
3633,ME,"Sagadahoc County, ME HUD Metro FMR Area",1p2c,1435,913,1582,1129,729,1665,1818,9270,17220,10954,18981,13553,8747,19974,21814,111242,95557,0,,,
3633,ME,"Sagadahoc County, ME HUD Metro FMR Area",1p3c,2011,1216,1682,1435,1002,1883,2627,11856,24132,14596,20186,17220,12024,22594,31518,142270,95557,0,,,
3633,ME,"Sagadahoc County, ME HUD Metro FMR Area",1p4c,2011,1489,1754,1508,1087,1883,2914,12646,24132,17870,21046,18090,13041,22594,34973,151746,95557,0,,,
3633,ME,"Sagadahoc County, ME HUD Metro FMR Area",2p0c,1168,774,1377,1036,603,0,1030,5988,14016,9287,16527,12434,7235,0,12359,71858,95557,0,,,
3633,ME,"Sagadahoc County, ME HUD Metro FMR Area",2p1c,1435,960,1514,1342,744,955,1376,8325,17220,11523,18162,16102,8924,11457,16514,99902,95557,0,,,
3633,ME,"Sagadahoc County, ME HUD Metro FMR Area",2p2c,1435,1221,1607,1648,825,1665,1674,10074,17220,14653,19284,19770,9896,19974,20091,120888,95557,0,,,
3633,ME,"Sagadahoc County, ME HUD Metro FMR Area",2p3c,2011,1490,1673,1953,1087,1883,2319,12415,24132,17876,20081,23437,13042,22594,27822,148984,95557,0,,,
3633,ME,"Sagadahoc County, ME HUD Metro FMR Area",2p4c,2011,1823,1726,2026,1191,1883,2652,13312,24132,21880,20717,24308,14286,22594,31829,159745,95557,0,,,
3634,ME,"York County, ME (part) HUD Metro FMR Area",1p0c,1162,391,1123,518,482,0,952,4629,13944,4696,13478,6217,5787,0,11429,55552,103046,0,,,
3634,ME,"York County, ME (part) HUD Metro FMR Area",1p1c,1616,574,1372,824,680,1132,1499,7697,19392,6887,16463,9885,8159,13586,17993,92365,103046,0,,,
3634,ME,"York County, ME (part) HUD Metro FMR Area",1p2c,1616,846,1570,1129,765,2041,2136,10103,19392,10155,18835,13553,9174,24495,25627,121230,103046,0,,,
3634,ME,"York County, ME (part) HUD Metro FMR Area",1p3c,2134,1128,1664,1435,1013,2321,2894,12589,25608,13532,19970,17220,12152,27852,34730,151064,103046,0,,,
3634,ME,"York County, ME (part) HUD Metro FMR Area",1p4c,2134,1381,1731,1508,1091,2321,3153,13319,25608,16568,20776,18090,13094,27852,37834,159822,103046,0,,,
3634,ME,"York County, ME (part) HUD Metro FMR Area",2p0c,1312,718,1315,1036,630,0,1048,6058,15744,8610,15777,12434,7561,0,12574,72700,103046,0,,,
3634,ME,"York County, ME (part) HUD Metro FMR Area",2p1c,1616,890,1505,1342,778,1132,1489,8752,19392,10683,18058,16102,9337,13586,17866,105025,103046,0,,,
3634,ME,"York County, ME (part) HUD Metro FMR Area",2p2c,1616,1132,1594,1648,853,2041,1935,10819,19392,13585,19125,19770,10238,24495,23219,129825,103046,0,,,
3634,ME,"York County, ME (part) HUD Metro FMR Area",2p3c,2134,1381,1657,1953,1091,2321,2579,13117,25608,16573,19880,23437,13096,27852,30951,157398,103046,0,,,
3634,ME,"York County, ME (part) HUD Metro FMR Area",2p4c,2134,1691,1707,2026,1187,2321,2869,13934,25608,20286,20482,24308,14249,27852,34427,167211,103046,0,,,
3635,OR,"Portland-Vancouver-Hillsboro, OR-WA MSA",1p0c,1628,409,1051,461,632,0,1417,5597,19536,4902,12606,5533,7587,0,17001,67165,115022.3792,1,20,63,22
3635,OR,"Portland-Vancouver-Hillsboro, OR-WA MSA",1p1c,1997,599,1310,702,806,1374,2183,8970,23964,7188,15718,8423,9672,16489,26191,107645,115022.3792,1,20,63,22
3635,OR,"Portland-Vancouver-Hillsboro, OR-WA MSA",1p2c,1997,883,1443,943,894,1994,2711,10865,23964,10600,17319,11313,10731,23922,32535,130384,115022.3792,1,20,63,22
3635,OR,"Portland-Vancouver-Hillsboro, OR-WA MSA",1p3c,2739,1177,1532,1184,1216,2184,3540,13572,32868,14124,18388,14203,14590,26209,42483,162865,115022.3792,1,20,63,22
3635,OR,"Portland-Vancouver-Hillsboro, OR-WA MSA",1p4c,2739,1441,1658,1238,1298,2184,3801,14358,32868,17293,19897,14854,15574,26209,45607,172301,115022.3792,1,20,63,22
3635,OR,"Portland-Vancouver-Hillsboro, OR-WA MSA",2p0c,1750,749,1261,922,776,0,1496,6953,21000,8987,15126,11066,9310,0,17947,83436,115022.3792,1,20,63,22
3635,OR,"Portland-Vancouver-Hillsboro, OR-WA MSA",2p1c,1997,929,1388,1163,909,1374,2173,9932,23964,11150,16652,13956,10902,16489,26074,119188,115022.3792,1,20,63,22
3635,OR,"Portland-Vancouver-Hillsboro, OR-WA MSA",2p2c,1997,1182,1472,1404,987,1994,2572,11607,23964,14180,17666,16846,11843,23922,30861,139280,115022.3792,1,20,63,22
3635,OR,"Portland-Vancouver-Hillsboro, OR-WA MSA",2p3c,2739,1442,1594,1645,1298,2184,3419,14320,32868,17299,19132,19736,15575,26209,41027,171845,115022.3792,1,20,63,22
3635,OR,"Portland-Vancouver-Hillsboro, OR-WA MSA",2p4c,2739,1765,1642,1699,1398,2184,3723,15150,32868,21174,19706,20387,16778,26209,44675,181798,115022.3792,1,20,63,22
3636,WA,"Portland-Vancouver-Hillsboro, OR-WA MSA",1p0c,1628,409,1051,461,632,0,888,5069,19536,4902,12606,5533,7587,0,10659,60823,115022.3792,,,,
3636,WA,"Portland-Vancouver-Hillsboro, OR-WA MSA",1p1c,1997,599,1310,702,806,1374,1303,8090,23964,7188,15718,8423,9672,16489,15631,97085,115022.3792,,,,
3636,WA,"Portland-Vancouver-Hillsboro, OR-WA MSA",1p2c,1997,883,1443,943,894,1994,1591,9745,23964,10600,17319,11313,10731,23922,19093,116942,115022.3792,,,,
3636,WA,"Portland-Vancouver-Hillsboro, OR-WA MSA",1p3c,2739,1177,1532,1184,1216,2184,2214,12246,32868,14124,18388,14203,14590,26209,26572,146954,115022.3792,,,,
3636,WA,"Portland-Vancouver-Hillsboro, OR-WA MSA",1p4c,2739,1441,1658,1238,1298,2184,2428,12986,32868,17293,19897,14854,15574,26209,29135,155830,115022.3792,,,,
3636,WA,"Portland-Vancouver-Hillsboro, OR-WA MSA",2p0c,1750,749,1261,922,776,0,943,6401,21000,8987,15126,11066,9310,0,11321,76810,115022.3792,,,,
3636,WA,"Portland-Vancouver-Hillsboro, OR-WA MSA",2p1c,1997,929,1388,1163,909,1374,1267,9026,23964,11150,16652,13956,10902,16489,15198,108312,115022.3792,,,,
3636,WA,"Portland-Vancouver-Hillsboro, OR-WA MSA",2p2c,1997,1182,1472,1404,987,1994,1423,10458,23964,14180,17666,16846,11843,23922,17077,125496,115022.3792,,,,
3636,WA,"Portland-Vancouver-Hillsboro, OR-WA MSA",2p3c,2739,1442,1594,1645,1298,2184,1960,12862,32868,17299,19132,19736,15575,26209,23520,154338,115022.3792,,,,
3636,WA,"Portland-Vancouver-Hillsboro, OR-WA MSA",2p4c,2739,1765,1642,1699,1398,2184,2184,13610,32868,21174,19706,20387,16778,26209,26203,163325,115022.3792,,,,
3637,FL,"Port St. Lucie, FL MSA",1p0c,1311,377,1017,498,524,0,718,4445,15732,4524,12204,5976,6289,0,8620,53345,86528.56509,0,,,
3637,FL,"Port St. Lucie, FL MSA",1p1c,1624,553,1238,782,676,863,895,6631,19488,6634,14861,9381,8110,10357,10737,79568,86528.56509,0,,,
3637,FL,"Port St. Lucie, FL MSA",1p2c,1624,815,1362,1066,757,1346,1065,8035,19488,9783,16340,12786,9088,16152,12779,96415,86528.56509,0,,,
3637,FL,"Port St. Lucie, FL MSA",1p3c,2259,1086,1513,1349,1039,1495,1611,10352,27108,13035,18152,16191,12463,17935,19337,124223,86528.56509,0,,,
3637,FL,"Port St. Lucie, FL MSA",1p4c,2259,1330,1578,1420,1114,1495,1822,11018,27108,15960,18939,17040,13371,17935,21859,132213,86528.56509,0,,,
3637,FL,"Port St. Lucie, FL MSA",2p0c,1363,691,1191,996,638,0,802,5681,16356,8294,14293,11951,7653,0,9621,68168,86528.56509,0,,,
3637,FL,"Port St. Lucie, FL MSA",2p1c,1624,858,1307,1280,771,863,975,7677,19488,10291,15688,15356,9246,10357,11696,92123,86528.56509,0,,,
3637,FL,"Port St. Lucie, FL MSA",2p2c,1624,1091,1453,1564,843,1346,1038,8958,19488,13087,17436,18762,10114,16152,12453,107491,86528.56509,0,,,
3637,FL,"Port St. Lucie, FL MSA",2p3c,2259,1330,1514,1847,1114,1495,1391,10951,27108,15965,18173,22167,13373,17935,16689,131410,86528.56509,0,,,
3637,FL,"Port St. Lucie, FL MSA",2p4c,2259,1628,1564,1918,1207,1495,1607,11678,27108,19541,18769,23016,14483,17935,19286,140138,86528.56509,0,,,
3638,NY,"Poughkeepsie-Newburgh-Middletown, NY MSA",1p0c,1308,366,1136,657,520,0,1145,5133,15696,4397,13637,7883,6238,0,13744,61596,117230.5289,1,13,42,21
3638,NY,"Poughkeepsie-Newburgh-Middletown, NY MSA",1p1c,1907,537,1412,1105,759,1288,2008,9016,22884,6448,16944,13257,9107,15452,24099,108191,117230.5289,1,13,42,21
3638,NY,"Poughkeepsie-Newburgh-Middletown, NY MSA",1p2c,1907,792,1551,1145,838,2428,2648,11309,22884,9509,18607,13735,10057,29139,31776,135708,117230.5289,1,13,42,21
3638,NY,"Poughkeepsie-Newburgh-Middletown, NY MSA",1p3c,2433,1056,1707,1185,1083,2779,3298,13541,29196,12671,20489,14214,12998,33351,39577,162496,117230.5289,1,13,42,21
3638,NY,"Poughkeepsie-Newburgh-Middletown, NY MSA",1p4c,2433,1293,1773,1224,1157,2779,3510,14169,29196,15513,21277,14692,13881,33351,42115,170025,117230.5289,1,13,42,21
3638,NY,"Poughkeepsie-Newburgh-Middletown, NY MSA",2p0c,1492,672,1360,1314,672,0,1301,6810,17904,8062,16319,15766,8062,0,15608,81721,117230.5289,1,13,42,21
3638,NY,"Poughkeepsie-Newburgh-Middletown, NY MSA",2p1c,1907,834,1492,1849,851,1288,2021,10241,22884,10003,17900,22189,10210,15452,24252,122890,117230.5289,1,13,42,21
3638,NY,"Poughkeepsie-Newburgh-Middletown, NY MSA",2p2c,1907,1060,1643,1889,921,2428,2578,12427,22884,12721,19721,22668,11054,29139,30933,149120,117230.5289,1,13,42,21
3638,NY,"Poughkeepsie-Newburgh-Middletown, NY MSA",2p3c,2433,1293,1705,1929,1157,2779,3133,14429,29196,15519,20463,23146,13883,33351,37596,173153,117230.5289,1,13,42,21
3638,NY,"Poughkeepsie-Newburgh-Middletown, NY MSA",2p4c,2433,1583,1753,1969,1247,2779,3396,15160,29196,18995,21040,23624,14962,33351,40748,181916,117230.5289,1,13,42,21
3639,AZ,"Prescott Valley-Prescott, AZ MSA",1p0c,1101,366,1070,613,456,0,798,4404,13212,4396,12835,7360,5467,0,9579,52849,82717,0,,,
3639,AZ,"Prescott Valley-Prescott, AZ MSA",1p1c,1606,537,1348,976,665,887,1186,7206,19272,6447,16180,11711,7985,10646,14234,86475,82717,0,,,
3639,AZ,"Prescott Valley-Prescott, AZ MSA",1p2c,1606,792,1569,1339,745,1724,1715,9489,19272,9506,18830,16062,8935,20683,20578,113867,82717,0,,,
3639,AZ,"Prescott Valley-Prescott, AZ MSA",1p3c,2216,1056,1685,1701,1016,1981,2447,12102,26592,12668,20224,20413,12189,23772,29369,145227,82717,0,,,
3639,AZ,"Prescott Valley-Prescott, AZ MSA",1p4c,2216,1292,1770,1789,1089,1981,2683,12820,26592,15509,21236,21465,13071,23772,32200,153845,82717,0,,,
3639,AZ,"Prescott Valley-Prescott, AZ MSA",2p0c,1293,672,1284,1227,610,0,973,6058,15516,8060,15405,14720,7320,0,11679,72699,82717,0,,,
3639,AZ,"Prescott Valley-Prescott, AZ MSA",2p1c,1606,833,1493,1589,757,887,1285,8451,19272,10000,17916,19071,9088,10646,15419,101412,82717,0,,,
3639,AZ,"Prescott Valley-Prescott, AZ MSA",2p2c,1606,1060,1600,1952,828,1724,1624,10393,19272,12717,19203,23422,9932,20683,19490,124719,82717,0,,,
3639,AZ,"Prescott Valley-Prescott, AZ MSA",2p3c,2216,1293,1678,2314,1089,1981,2239,12811,26592,15515,20132,27773,13073,23772,26872,153728,82717,0,,,
3639,AZ,"Prescott Valley-Prescott, AZ MSA",2p4c,2216,1583,1740,2402,1179,1981,2510,13611,26592,18990,20883,28825,14152,23772,30114,163327,82717,0,,,
3640,MA,"Providence-Fall River, RI-MA HUD Metro FMR Area",1p0c,1233,386,964,381,503,0,868,4334,14796,4628,11571,4567,6031,0,10411,52004,107235.9912,1,37,66,32
3640,MA,"Providence-Fall River, RI-MA HUD Metro FMR Area",1p1c,1614,566,1237,600,677,1276,1377,7346,19368,6786,14845,7199,8120,15315,16520,88154,107235.9912,1,37,66,32
3640,MA,"Providence-Fall River, RI-MA HUD Metro FMR Area",1p2c,1614,834,1356,819,760,2198,1867,9449,19368,10007,16276,9831,9120,26379,22403,113384,107235.9912,1,37,66,32
3640,MA,"Providence-Fall River, RI-MA HUD Metro FMR Area",1p3c,1945,1111,1437,1039,949,2482,2382,11345,23340,13335,17245,12462,11387,29783,28582,136134,107235.9912,1,37,66,32
3640,MA,"Providence-Fall River, RI-MA HUD Metro FMR Area",1p4c,1945,1361,1542,1096,1026,2482,2663,12115,23340,16327,18506,13152,12315,29783,31959,145382,107235.9912,1,37,66,32
3640,MA,"Providence-Fall River, RI-MA HUD Metro FMR Area",2p0c,1319,707,1195,761,629,0,1009,5619,15828,8485,14334,9134,7548,0,12103,67431,107235.9912,1,37,66,32
3640,MA,"Providence-Fall River, RI-MA HUD Metro FMR Area",2p1c,1614,877,1309,980,774,1276,1409,8239,19368,10527,15703,11765,9282,15315,16905,98866,107235.9912,1,37,66,32
3640,MA,"Providence-Fall River, RI-MA HUD Metro FMR Area",2p2c,1614,1116,1385,1200,848,2198,1709,10070,19368,13387,16625,14397,10170,26379,20509,120835,107235.9912,1,37,66,32
3640,MA,"Providence-Fall River, RI-MA HUD Metro FMR Area",2p3c,1945,1361,1488,1419,1026,2482,2143,11864,23340,16332,17851,17029,12317,29783,25721,142373,107235.9912,1,37,66,32
3640,MA,"Providence-Fall River, RI-MA HUD Metro FMR Area",2p4c,1945,1666,1544,1477,1121,2482,2415,12649,23340,19990,18532,17719,13453,29783,28974,151791,107235.9912,1,37,66,32
3641,RI,"Providence-Fall River, RI-MA HUD Metro FMR Area",1p0c,1233,386,964,381,503,0,797,4263,14796,4628,11571,4567,6031,0,9560,51153,107235.9912,,,,
3641,RI,"Providence-Fall River, RI-MA HUD Metro FMR Area",1p1c,1614,566,1237,600,677,1276,1233,7203,19368,6786,14845,7199,8120,15315,14800,86433,107235.9912,,,,
3641,RI,"Providence-Fall River, RI-MA HUD Metro FMR Area",1p2c,1614,834,1356,819,760,2198,1690,9272,19368,10007,16276,9831,9120,26379,20282,111262,107235.9912,,,,
3641,RI,"Providence-Fall River, RI-MA HUD Metro FMR Area",1p3c,1945,1111,1437,1039,949,2482,2192,11154,23340,13335,17245,12462,11387,29783,26301,133853,107235.9912,,,,
3641,RI,"Providence-Fall River, RI-MA HUD Metro FMR Area",1p4c,1945,1361,1542,1096,1026,2482,2428,11880,23340,16327,18506,13152,12315,29783,29138,142560,107235.9912,,,,
3641,RI,"Providence-Fall River, RI-MA HUD Metro FMR Area",2p0c,1319,707,1195,761,629,0,882,5492,15828,8485,14334,9134,7548,0,10581,65909,107235.9912,,,,
3641,RI,"Providence-Fall River, RI-MA HUD Metro FMR Area",2p1c,1614,877,1309,980,774,1276,1240,8070,19368,10527,15703,11765,9282,15315,14879,96840,107235.9912,,,,
3641,RI,"Providence-Fall River, RI-MA HUD Metro FMR Area",2p2c,1614,1116,1385,1200,848,2198,1506,9867,19368,13387,16625,14397,10170,26379,18077,118404,107235.9912,,,,
3641,RI,"Providence-Fall River, RI-MA HUD Metro FMR Area",2p3c,1945,1361,1488,1419,1026,2482,1895,11616,23340,16332,17851,17029,12317,29783,22737,139389,107235.9912,,,,
3641,RI,"Providence-Fall River, RI-MA HUD Metro FMR Area",2p4c,1945,1666,1544,1477,1121,2482,2143,12377,23340,19990,18532,17719,13453,29783,25710,148527,107235.9912,,,,
3642,MA,"Taunton-Mansfield-Norton, MA HUD Metro FMR Area",1p0c,1302,367,997,409,518,0,914,4508,15624,4408,11967,4913,6219,0,10965,54095,107459,0,,,
3642,MA,"Taunton-Mansfield-Norton, MA HUD Metro FMR Area",1p1c,1899,539,1274,630,757,1369,1627,8094,22788,6464,15292,7560,9082,16425,19522,97133,107459,0,,,
3642,MA,"Taunton-Mansfield-Norton, MA HUD Metro FMR Area",1p2c,1899,794,1396,851,836,2433,2222,10431,22788,9531,16746,10208,10034,29200,26663,125171,107459,0,,,
3642,MA,"Taunton-Mansfield-Norton, MA HUD Metro FMR Area",1p3c,2405,1058,1478,1071,1075,2761,2906,12755,28860,12701,17733,12855,12903,33131,34870,153054,107459,0,,,
3642,MA,"Taunton-Mansfield-Norton, MA HUD Metro FMR Area",1p4c,2405,1296,1536,1111,1149,2761,3027,13285,28860,15550,18429,13334,13788,33131,36324,159416,107459,0,,,
3642,MA,"Taunton-Mansfield-Norton, MA HUD Metro FMR Area",2p0c,1447,673,1229,819,658,0,1079,5906,17364,8081,14744,9825,7900,0,12953,70867,107459,0,,,
3642,MA,"Taunton-Mansfield-Norton, MA HUD Metro FMR Area",2p1c,1899,836,1344,1039,849,1369,1575,8911,22788,10027,16132,12473,10188,16425,18902,106935,107459,0,,,
3642,MA,"Taunton-Mansfield-Norton, MA HUD Metro FMR Area",2p2c,1899,1063,1423,1260,920,2433,2029,11026,22788,12751,17070,15121,11034,29200,24346,132310,107459,0,,,
3642,MA,"Taunton-Mansfield-Norton, MA HUD Metro FMR Area",2p3c,2405,1296,1477,1481,1149,2761,2604,13173,28860,15555,17729,17768,13790,33131,31242,158075,107459,0,,,
3642,MA,"Taunton-Mansfield-Norton, MA HUD Metro FMR Area",2p4c,2405,1587,1585,1521,1239,2761,2858,13955,28860,19039,19019,18246,14871,33131,34296,167464,107459,0,,,
3643,MA,"Easton-Raynham, MA HUD Metro FMR Area",1p0c,1820,367,997,409,679,0,1252,5525,21840,4408,11967,4913,8149,0,15027,66304,107459,0,,,
3643,MA,"Easton-Raynham, MA HUD Metro FMR Area",1p1c,2403,539,1274,630,913,1369,1987,9115,28836,6464,15292,7560,10960,16425,23843,109380,107459,0,,,
3643,MA,"Easton-Raynham, MA HUD Metro FMR Area",1p2c,2403,794,1396,851,993,2433,2610,11480,28836,9531,16746,10208,11912,29200,31322,137755,107459,0,,,
3643,MA,"Easton-Raynham, MA HUD Metro FMR Area",1p3c,2895,1058,1478,1071,1227,2761,3144,13635,34740,12701,17733,12855,14729,33131,37725,163615,107459,0,,,
3643,MA,"Easton-Raynham, MA HUD Metro FMR Area",1p4c,2895,1296,1536,1111,1301,2761,3327,14227,34740,15550,18429,13334,15614,33131,39922,170719,107459,0,,,
3643,MA,"Easton-Raynham, MA HUD Metro FMR Area",2p0c,1832,673,1229,819,778,0,1245,6576,21984,8081,14744,9825,9334,0,14942,78911,107459,0,,,
3643,MA,"Easton-Raynham, MA HUD Metro FMR Area",2p1c,2403,836,1344,1039,1006,1369,1884,9880,28836,10027,16132,12473,12066,16425,22602,118561,107459,0,,,
3643,MA,"Easton-Raynham, MA HUD Metro FMR Area",2p2c,2403,1063,1423,1260,1076,2433,2382,12040,28836,12751,17070,15121,12912,29200,28588,144478,107459,0,,,
3643,MA,"Easton-Raynham, MA HUD Metro FMR Area",2p3c,2895,1296,1477,1481,1301,2761,2927,14139,34740,15555,17729,17768,15615,33131,35125,169664,107459,0,,,
3643,MA,"Easton-Raynham, MA HUD Metro FMR Area",2p4c,2895,1587,1585,1521,1391,2761,3205,14944,34740,19039,19019,18246,16697,33131,38459,179332,107459,0,,,
3644,MA,"New Bedford, MA HUD Metro FMR Area",1p0c,1081,367,997,409,450,0,817,4122,12972,4408,11967,4913,5396,0,9804,49459,107459,0,,,
3644,MA,"New Bedford, MA HUD Metro FMR Area",1p1c,1448,539,1274,630,617,1369,1329,7206,17376,6464,15292,7560,7402,16425,15952,86470,107459,0,,,
3644,MA,"New Bedford, MA HUD Metro FMR Area",1p2c,1448,794,1396,851,696,2433,1888,9506,17376,9531,16746,10208,8354,29200,22657,114073,107459,0,,,
3644,MA,"New Bedford, MA HUD Metro FMR Area",1p3c,1745,1058,1478,1071,870,2761,2394,11378,20940,12701,17733,12855,10445,33131,28731,136536,107459,0,,,
3644,MA,"New Bedford, MA HUD Metro FMR Area",1p4c,1745,1296,1536,1111,944,2761,2628,12021,20940,15550,18429,13334,11329,33131,31538,144251,107459,0,,,
3644,MA,"New Bedford, MA HUD Metro FMR Area",2p0c,1177,673,1229,819,575,0,963,5435,14124,8081,14744,9825,6894,0,11557,65225,107459,0,,,
3644,MA,"New Bedford, MA HUD Metro FMR Area",2p1c,1448,836,1344,1039,709,1369,1381,8126,17376,10027,16132,12473,8508,16425,16570,97511,107459,0,,,
3644,MA,"New Bedford, MA HUD Metro FMR Area",2p2c,1448,1063,1423,1260,780,2433,1731,10137,17376,12751,17070,15121,9354,29200,20774,121646,107459,0,,,
3644,MA,"New Bedford, MA HUD Metro FMR Area",2p3c,1745,1296,1477,1481,944,2761,2134,11839,20940,15555,17729,17768,11331,33131,25613,142067,107459,0,,,
3644,MA,"New Bedford, MA HUD Metro FMR Area",2p4c,1745,1587,1585,1521,1034,2761,2413,12646,20940,19039,19019,18246,12413,33131,28959,151747,107459,0,,,
3645,RI,"Westerly-Hopkinton-New Shoreham, RI HUD Metro FMR Area",1p0c,1284,408,1121,373,525,0,872,4583,15408,4892,13447,4480,6303,0,10464,54994,128241,0,,,
3645,RI,"Westerly-Hopkinton-New Shoreham, RI HUD Metro FMR Area",1p1c,1576,598,1438,592,675,1259,1313,7450,18912,7174,17253,7108,8099,15103,15753,89403,128241,0,,,
3645,RI,"Westerly-Hopkinton-New Shoreham, RI HUD Metro FMR Area",1p2c,1576,882,1577,811,763,2152,1792,9552,18912,10579,18918,9736,9156,25818,21501,114622,128241,0,,,
3645,RI,"Westerly-Hopkinton-New Shoreham, RI HUD Metro FMR Area",1p3c,1970,1175,1670,1030,976,2426,2336,11584,23640,14097,20041,12364,11716,29115,28037,139011,128241,0,,,
3645,RI,"Westerly-Hopkinton-New Shoreham, RI HUD Metro FMR Area",1p4c,1970,1438,1805,1092,1058,2426,2626,12416,23640,17260,21659,13106,12698,29115,31511,148990,128241,0,,,
3645,RI,"Westerly-Hopkinton-New Shoreham, RI HUD Metro FMR Area",2p0c,1292,747,1383,747,633,0,940,5743,15504,8969,16594,8961,7598,0,11285,68912,128241,0,,,
3645,RI,"Westerly-Hopkinton-New Shoreham, RI HUD Metro FMR Area",2p1c,1576,927,1515,966,777,1259,1298,8318,18912,11129,18180,11588,9327,15103,15578,99817,128241,0,,,
3645,RI,"Westerly-Hopkinton-New Shoreham, RI HUD Metro FMR Area",2p2c,1576,1179,1604,1185,856,2152,1594,10145,18912,14153,19243,14216,10266,25818,19131,121739,128241,0,,,
3645,RI,"Westerly-Hopkinton-New Shoreham, RI HUD Metro FMR Area",2p3c,1970,1439,1735,1404,1058,2426,2061,12092,23640,17265,20816,16844,12700,29115,24728,145109,128241,0,,,
3645,RI,"Westerly-Hopkinton-New Shoreham, RI HUD Metro FMR Area",2p4c,1970,1761,1786,1466,1158,2426,2320,12887,23640,21133,21426,17587,13901,29115,27842,154644,128241,0,,,
3646,RI,"Newport-Middleton-Portsmouth, RI HUD Metro FMR Area",1p0c,1666,420,1003,373,648,0,1071,5181,19992,5042,12035,4480,7773,0,12847,62170,133248,0,,,
3646,RI,"Newport-Middleton-Portsmouth, RI HUD Metro FMR Area",1p1c,2200,616,1297,592,874,1334,1713,8626,26400,7394,15560,7108,10492,16010,20552,103517,133248,0,,,
3646,RI,"Newport-Middleton-Portsmouth, RI HUD Metro FMR Area",1p2c,2200,909,1426,811,965,2281,2258,10850,26400,10904,17114,9736,11582,27375,27093,130203,133248,0,,,
3646,RI,"Newport-Middleton-Portsmouth, RI HUD Metro FMR Area",1p3c,2937,1211,1514,1030,1288,2573,3012,13564,35244,14529,18164,12364,15453,30871,36141,162767,133248,0,,,
3646,RI,"Newport-Middleton-Portsmouth, RI HUD Metro FMR Area",1p4c,2937,1482,1639,1092,1372,2573,3230,14326,35244,17789,19668,13106,16465,30871,38765,171909,133248,0,,,
3646,RI,"Newport-Middleton-Portsmouth, RI HUD Metro FMR Area",2p0c,1677,770,1250,747,760,0,1064,6268,20124,9244,15001,8961,9118,0,12764,75212,133248,0,,,
3646,RI,"Newport-Middleton-Portsmouth, RI HUD Metro FMR Area",2p1c,2200,956,1374,966,980,1334,1602,9411,26400,11470,16487,11588,11758,16010,19224,112937,133248,0,,,
3646,RI,"Newport-Middleton-Portsmouth, RI HUD Metro FMR Area",2p2c,2200,1216,1457,1185,1060,2281,2013,11412,26400,14587,17487,14216,12725,27375,24153,136943,133248,0,,,
3646,RI,"Newport-Middleton-Portsmouth, RI HUD Metro FMR Area",2p3c,2937,1483,1579,1404,1372,2573,2766,14113,35244,17795,18952,16844,16467,30871,33187,169361,133248,0,,,
3646,RI,"Newport-Middleton-Portsmouth, RI HUD Metro FMR Area",2p4c,2937,1815,1627,1466,1475,2573,3005,14898,35244,21781,19528,17587,17705,30871,36065,178780,133248,0,,,
3647,UT,"Provo-Orem, UT MSA",1p0c,1164,343,1136,519,468,0,948,4579,13968,4119,13634,6228,5616,0,11380,54945,106117.8026,1,56,80,35
3647,UT,"Provo-Orem, UT MSA",1p1c,1355,503,1434,798,577,852,1187,6706,16260,6041,17205,9580,6924,10224,14241,80475,106117.8026,1,56,80,35
3647,UT,"Provo-Orem, UT MSA",1p2c,1355,742,1560,1078,651,1682,1684,8753,16260,8908,18724,12932,7814,20181,20213,105031,106117.8026,1,56,80,35
3647,UT,"Provo-Orem, UT MSA",1p3c,1899,989,1645,1357,897,1937,2392,11116,22788,11870,19744,16284,10760,23245,28698,133389,106117.8026,1,56,80,35
3647,UT,"Provo-Orem, UT MSA",1p4c,1899,1211,1705,1406,966,1937,2625,11748,22788,14532,20460,16874,11587,23245,31494,140980,106117.8026,1,56,80,35
3647,UT,"Provo-Orem, UT MSA",2p0c,1171,629,1380,1038,559,0,1010,5788,14052,7552,16562,12456,6707,0,12125,69454,106117.8026,1,56,80,35
3647,UT,"Provo-Orem, UT MSA",2p1c,1355,781,1501,1317,663,852,1293,7763,16260,9370,18011,15808,7958,10224,15520,93151,106117.8026,1,56,80,35
3647,UT,"Provo-Orem, UT MSA",2p2c,1355,993,1582,1597,729,1682,1566,9503,16260,11916,18980,19160,8748,20181,18789,114034,106117.8026,1,56,80,35
3647,UT,"Provo-Orem, UT MSA",2p3c,1899,1211,1638,1876,966,1937,2139,11667,22788,14537,19657,22512,11588,23245,25673,140000,106117.8026,1,56,80,35
3647,UT,"Provo-Orem, UT MSA",2p4c,1899,1483,1753,1925,1050,1937,2422,12469,22788,17793,21038,23102,12599,23245,29067,149633,106117.8026,1,56,80,35
3648,CO,"Pueblo, CO MSA",1p0c,863,336,1017,444,372,0,686,3717,10356,4027,12198,5326,4466,0,8230,44603,76912,0,,,
3648,CO,"Pueblo, CO MSA",1p1c,1258,492,1251,705,543,969,965,6184,15096,5905,15009,8460,6520,11631,11584,74205,76912,0,,,
3648,CO,"Pueblo, CO MSA",1p2c,1258,726,1438,966,616,1503,1253,7760,15096,8708,17259,11594,7390,18041,15037,93125,76912,0,,,
3648,CO,"Pueblo, CO MSA",1p3c,1626,967,1530,1227,805,1668,1703,9526,19512,11604,18365,14728,9661,20013,20436,114317,76912,0,,,
3648,CO,"Pueblo, CO MSA",1p4c,1626,1184,1596,1303,872,1668,1945,10194,19512,14207,19154,15630,10469,20013,23343,122328,76912,0,,,
3648,CO,"Pueblo, CO MSA",2p0c,959,615,1201,888,489,0,759,4911,11508,7383,14416,10653,5865,0,9102,58926,76912,0,,,
3648,CO,"Pueblo, CO MSA",2p1c,1258,763,1383,1149,628,969,1108,7258,15096,9160,16592,13786,7531,11631,13295,87092,76912,0,,,
3648,CO,"Pueblo, CO MSA",2p2c,1258,971,1470,1410,692,1503,1184,8488,15096,11649,17642,16920,8304,18041,14208,101860,76912,0,,,
3648,CO,"Pueblo, CO MSA",2p3c,1626,1184,1532,1671,873,1668,1485,10039,19512,14211,18388,20054,10470,20013,17816,120465,76912,0,,,
3648,CO,"Pueblo, CO MSA",2p4c,1626,1450,1582,1746,955,1668,1707,10733,19512,17395,18987,20957,11459,20013,20478,128799,76912,0,,,
3649,FL,"Punta Gorda, FL MSA",1p0c,1153,374,944,517,474,0,651,4113,13836,4489,11323,6207,5689,0,7815,49359,79261,0,,,
3649,FL,"Punta Gorda, FL MSA",1p1c,1461,549,1172,813,624,872,810,6299,17532,6582,14059,9751,7487,10463,9716,75591,79261,0,,,
3649,FL,"Punta Gorda, FL MSA",1p2c,1461,809,1306,1108,705,1404,990,7783,17532,9706,15674,13295,8457,16851,11880,93395,79261,0,,,
3649,FL,"Punta Gorda, FL MSA",1p3c,2047,1078,1405,1403,970,1568,1488,9959,24564,12933,16854,16839,11642,18816,17858,119507,79261,0,,,
3649,FL,"Punta Gorda, FL MSA",1p4c,2047,1320,1540,1475,1045,1568,1729,10724,24564,15835,18481,17705,12543,18816,20742,128686,79261,0,,,
3649,FL,"Punta Gorda, FL MSA",2p0c,1160,686,1126,1035,573,0,729,5308,13920,8229,13517,12414,6877,0,8742,63699,79261,0,,,
3649,FL,"Punta Gorda, FL MSA",2p1c,1461,851,1252,1330,718,872,921,7404,17532,10210,15021,15958,8613,10463,11053,88851,79261,0,,,
3649,FL,"Punta Gorda, FL MSA",2p2c,1461,1082,1343,1625,790,1404,968,8673,17532,12984,16114,19502,9474,16851,11615,104073,79261,0,,,
3649,FL,"Punta Gorda, FL MSA",2p3c,2047,1320,1473,1921,1045,1568,1312,10685,24564,15840,17672,23046,12544,18816,15742,128225,79261,0,,,
3649,FL,"Punta Gorda, FL MSA",2p4c,2047,1616,1529,1993,1137,1568,1530,11420,24564,19388,18353,23912,13646,18816,18365,137045,79261,0,,,
3650,WI,"Racine, WI MSA",1p0c,788,359,1023,463,356,0,691,3679,9456,4304,12270,5555,4272,0,8286,44143,93833,0,,,
3650,WI,"Racine, WI MSA",1p1c,1149,526,1258,725,520,1312,1180,6670,13788,6311,15095,8704,6240,15741,14160,80039,93833,0,,,
3650,WI,"Racine, WI MSA",1p2c,1149,776,1445,988,598,2351,1801,9107,13788,9307,17340,11853,7170,28212,21615,109285,93833,0,,,
3650,WI,"Racine, WI MSA",1p3c,1490,1034,1535,1250,784,2671,2388,11151,17880,12402,18421,15003,9402,32049,28652,133808,93833,0,,,
3650,WI,"Racine, WI MSA",1p4c,1490,1265,1599,1317,855,2671,2643,11840,17880,15184,19189,15798,10265,32049,31713,142077,93833,0,,,
3650,WI,"Racine, WI MSA",2p0c,901,658,1212,926,484,0,759,4939,10812,7891,14545,11109,5807,0,9106,59269,93833,0,,,
3650,WI,"Racine, WI MSA",2p1c,1149,816,1393,1188,610,1312,1238,7706,13788,9790,16717,14259,7320,15741,14860,92475,93833,0,,,
3650,WI,"Racine, WI MSA",2p2c,1149,1038,1479,1451,679,2351,1599,9744,13788,12450,17742,17408,8146,28212,19184,116930,93833,0,,,
3650,WI,"Racine, WI MSA",2p3c,1490,1266,1539,1713,856,2671,2077,11611,17880,15189,18467,20558,10267,32049,24924,139333,93833,0,,,
3650,WI,"Racine, WI MSA",2p4c,1490,1549,1587,1779,944,2671,2349,12369,17880,18591,19046,21352,11323,32049,28184,148425,93833,0,,,
3651,NC,"Raleigh, NC MSA",1p0c,1533,382,1109,451,595,0,1153,5223,18396,4582,13311,5407,7134,0,13841,62671,121749.8295,1,43,97,18
3651,NC,"Raleigh, NC MSA",1p1c,1763,560,1392,706,721,912,1448,7502,21156,6719,16706,8472,8654,10942,17378,90029,121749.8295,1,43,97,18
3651,NC,"Raleigh, NC MSA",1p2c,1763,826,1535,961,804,1414,1789,9092,21156,9908,18417,11537,9645,16969,21467,109099,121749.8295,1,43,97,18
3651,NC,"Raleigh, NC MSA",1p3c,2192,1100,1696,1217,1022,1569,2386,11182,26304,13203,20346,14603,12266,18824,28637,134182,121749.8295,1,43,97,18
3651,NC,"Raleigh, NC MSA",1p4c,2192,1347,1763,1284,1099,1569,2660,11914,26304,16165,21159,15410,13185,18824,31919,142965,121749.8295,1,43,97,18
3651,NC,"Raleigh, NC MSA",2p0c,1592,700,1346,901,712,0,1186,6436,19104,8401,16147,10815,8539,0,14231,77237,121749.8295,1,43,97,18
3651,NC,"Raleigh, NC MSA",2p1c,1763,869,1481,1157,817,912,1466,8465,21156,10423,17776,13880,9804,10942,17594,101576,121749.8295,1,43,97,18
3651,NC,"Raleigh, NC MSA",2p2c,1763,1105,1637,1412,890,1414,1685,9906,21156,13255,19646,16945,10684,16969,20221,118875,121749.8295,1,43,97,18
3651,NC,"Raleigh, NC MSA",2p3c,2192,1348,1701,1668,1099,1569,2137,11712,26304,16170,20413,20010,13187,18824,25641,140549,121749.8295,1,43,97,18
3651,NC,"Raleigh, NC MSA",2p4c,2192,1649,1751,1735,1193,1569,2420,12508,26304,19792,21011,20817,14312,18824,29036,150096,121749.8295,1,43,97,18
3652,SD,"Rapid City, SD HUD Metro FMR Area",1p0c,767,362,1067,628,350,0,581,3755,9204,4339,12801,7539,4205,0,6969,45055,90248,0,,,
3652,SD,"Rapid City, SD HUD Metro FMR Area",1p1c,1119,530,1287,990,512,736,705,5879,13428,6362,15442,11876,6144,8833,8458,70543,90248,0,,,
3652,SD,"Rapid City, SD HUD Metro FMR Area",1p2c,1119,782,1467,1351,590,1547,1017,7872,13428,9382,17598,16213,7082,18566,12200,94469,90248,0,,,
3652,SD,"Rapid City, SD HUD Metro FMR Area",1p3c,1490,1042,1552,1713,786,1797,1447,9826,17880,12501,18625,20550,9433,21561,17359,117910,90248,0,,,
3652,SD,"Rapid City, SD HUD Metro FMR Area",1p4c,1490,1276,1613,1791,859,1797,1650,10475,17880,15306,19357,21491,10303,21561,19802,125700,90248,0,,,
3652,SD,"Rapid City, SD HUD Metro FMR Area",2p0c,856,663,1234,1257,472,0,704,5185,10272,7954,14806,15078,5659,0,8451,62220,90248,0,,,
3652,SD,"Rapid City, SD HUD Metro FMR Area",2p1c,1119,822,1408,1618,603,736,878,7183,13428,9869,16890,19415,7233,8833,10532,86200,90248,0,,,
3652,SD,"Rapid City, SD HUD Metro FMR Area",2p2c,1119,1046,1489,1979,672,1547,1016,8868,13428,12550,17864,23752,8066,18566,12187,106414,90248,0,,,
3652,SD,"Rapid City, SD HUD Metro FMR Area",2p3c,1490,1276,1546,2341,859,1797,1284,10593,17880,15311,18555,28089,10305,21561,15412,127112,90248,0,,,
3652,SD,"Rapid City, SD HUD Metro FMR Area",2p4c,1490,1562,1592,2419,948,1797,1495,11303,17880,18740,19107,29030,11370,21561,17945,135633,90248,0,,,
3653,SD,"Meade County, SD HUD Metro FMR Area",1p0c,751,323,1207,628,334,0,598,3841,9012,3877,14487,7539,4002,0,7172,46088,92367,0,,,
3653,SD,"Meade County, SD HUD Metro FMR Area",1p1c,1095,474,1468,990,487,578,680,5771,13140,5685,17615,11876,5845,6935,8159,69255,92367,0,,,
3653,SD,"Meade County, SD HUD Metro FMR Area",1p2c,1095,699,1677,1351,557,1162,883,7423,13140,8384,20118,16213,6682,13943,10598,89078,92367,0,,,
3653,SD,"Meade County, SD HUD Metro FMR Area",1p3c,1506,931,1777,1713,757,1342,1286,9312,18072,11171,21329,20550,9079,16099,15437,111739,92367,0,,,
3653,SD,"Meade County, SD HUD Metro FMR Area",1p4c,1506,1140,1850,1791,821,1342,1479,9928,18072,13677,22197,21491,9857,16099,17742,119136,92367,0,,,
3653,SD,"Meade County, SD HUD Metro FMR Area",2p0c,835,592,1400,1257,443,0,716,5243,10020,7108,16804,15078,5318,0,8588,62915,92367,0,,,
3653,SD,"Meade County, SD HUD Metro FMR Area",2p1c,1095,735,1600,1618,568,578,850,7044,13140,8819,19196,19415,6818,6935,10203,84526,92367,0,,,
3653,SD,"Meade County, SD HUD Metro FMR Area",2p2c,1095,935,1694,1979,630,1162,901,8396,13140,11215,20325,23752,7562,13943,10814,100751,92367,0,,,
3653,SD,"Meade County, SD HUD Metro FMR Area",2p3c,1506,1140,1761,2341,822,1342,1144,10054,18072,13682,21129,28089,9859,16099,13722,120653,92367,0,,,
3653,SD,"Meade County, SD HUD Metro FMR Area",2p4c,1506,1396,1814,2419,901,1342,1313,10691,18072,16747,21770,29030,10810,16099,15761,128289,92367,0,,,
3654,PA,"Reading, PA MSA",1p0c,928,350,1032,405,397,0,713,3825,11136,4200,12379,4865,4761,0,8553,45894,95578,0,,,
3654,PA,"Reading, PA MSA",1p1c,1353,513,1325,644,579,966,1028,6408,16236,6159,15899,7723,6953,11597,12334,76900,95578,0,,,
3654,PA,"Reading, PA MSA",1p2c,1353,757,1455,882,655,1843,1426,8370,16236,9082,17455,10581,7861,22111,17114,100440,95578,0,,,
3654,PA,"Reading, PA MSA",1p3c,1689,1009,1543,1120,838,2112,1879,10189,20268,12102,18514,13439,10050,25346,22553,122272,95578,0,,,
3654,PA,"Reading, PA MSA",1p4c,1689,1235,1605,1184,908,2112,2107,10840,20268,14817,19262,14210,10893,25346,25287,130082,95578,0,,,
3654,PA,"Reading, PA MSA",2p0c,1075,642,1276,811,533,0,869,5205,12900,7700,15307,9729,6396,0,10429,62462,95578,0,,,
3654,PA,"Reading, PA MSA",2p1c,1353,796,1399,1049,667,966,1143,7373,16236,9554,16788,12588,8007,11597,13712,88481,95578,0,,,
3654,PA,"Reading, PA MSA",2p2c,1353,1013,1483,1287,734,1843,1326,9038,16236,12150,17791,15446,8813,22111,15911,108457,95578,0,,,
3654,PA,"Reading, PA MSA",2p3c,1689,1235,1541,1525,908,2112,1641,10651,20268,14822,18496,18304,10895,25346,19686,127816,95578,0,,,
3654,PA,"Reading, PA MSA",2p4c,1689,1512,1655,1590,994,2112,1895,11446,20268,18142,19854,19074,11925,25346,22739,137350,95578,0,,,
3655,CA,"Redding, CA MSA",1p0c,1151,376,1114,707,474,0,923,4746,13812,4512,13373,8486,5689,0,11074,56946,91000,0,,,
3655,CA,"Redding, CA MSA",1p1c,1613,551,1372,1126,672,1087,1365,7786,19356,6616,16463,13511,8064,13040,16384,93434,91000,0,,,
3655,CA,"Redding, CA MSA",1p2c,1613,813,1517,1545,753,1988,2146,10375,19356,9756,18199,18537,9038,23855,25757,124498,91000,0,,,
3655,CA,"Redding, CA MSA",1p3c,2260,1083,1684,1964,1038,2265,3130,13424,27120,13000,20207,23562,12456,27182,37556,161083,91000,0,,,
3655,CA,"Redding, CA MSA",1p4c,2260,1326,1761,2058,1114,2265,3347,14131,27120,15916,21126,24697,13362,27182,40164,169568,91000,0,,,
3655,CA,"Redding, CA MSA",2p0c,1229,689,1298,1414,596,0,985,6211,14748,8271,15576,16972,7147,0,11822,74536,91000,0,,,
3655,CA,"Redding, CA MSA",2p1c,1613,855,1433,1833,766,1087,1451,9038,19356,10263,17195,21997,9196,13040,17412,108459,91000,0,,,
3655,CA,"Redding, CA MSA",2p2c,1613,1088,1593,2252,839,1988,2046,11418,19356,13051,19115,27022,10062,23855,24556,137017,91000,0,,,
3655,CA,"Redding, CA MSA",2p3c,2260,1327,1664,2671,1114,2265,2918,14218,27120,15922,19966,32048,13363,27182,35012,170614,91000,0,,,
3655,CA,"Redding, CA MSA",2p4c,2260,1624,1721,2765,1206,2265,3207,15049,27120,19488,20656,33183,14471,27182,38489,180588,91000,0,,,
3656,NV,"Reno, NV MSA",1p0c,1181,390,1046,474,488,0,680,4259,14172,4685,12546,5691,5854,0,8159,51107,103216.9692,0,,,
3656,NV,"Reno, NV MSA",1p1c,1722,573,1356,754,712,1066,1056,7238,20664,6870,16271,9043,8548,12791,12667,86854,103216.9692,0,,,
3656,NV,"Reno, NV MSA",1p2c,1722,844,1495,1033,797,1983,1463,9338,20664,10130,17940,12395,9561,23799,17561,112050,103216.9692,0,,,
3656,NV,"Reno, NV MSA",1p3c,2384,1125,1590,1312,1089,2266,2089,11855,28608,13499,19074,15748,13073,27187,25070,142258,103216.9692,0,,,
3656,NV,"Reno, NV MSA",1p4c,2384,1377,1656,1390,1168,2266,2312,12553,28608,16527,19874,16677,14013,27187,27749,150635,103216.9692,0,,,
3656,NV,"Reno, NV MSA",2p0c,1370,716,1302,949,648,0,827,5811,16440,8589,15621,11382,7771,0,9928,69731,103216.9692,0,,,
3656,NV,"Reno, NV MSA",2p1c,1722,888,1434,1228,810,1066,1084,8232,20664,10657,17204,14734,9724,12791,13005,98778,103216.9692,0,,,
3656,NV,"Reno, NV MSA",2p2c,1722,1129,1523,1507,885,1983,1321,10071,20664,13552,18273,18086,10623,23799,15851,120849,103216.9692,0,,,
3656,NV,"Reno, NV MSA",2p3c,2384,1378,1585,1787,1168,2266,1818,12385,28608,16533,19024,21438,14015,27187,21813,148617,103216.9692,0,,,
3656,NV,"Reno, NV MSA",2p4c,2384,1686,1702,1864,1264,2266,2072,13238,28608,20236,20425,22368,15165,27187,24868,158856,103216.9692,0,,,
3657,VA,"Richmond, VA MSA",1p0c,1488,376,1089,389,579,0,1113,5033,17856,4506,13071,4665,6943,0,13353,60393,107055.0965,1,46,74,34
3657,VA,"Richmond, VA MSA",1p1c,1711,551,1347,607,702,942,1414,7275,20532,6607,16168,7286,8426,11305,16973,87297,107055.0965,1,46,74,34
3657,VA,"Richmond, VA MSA",1p2c,1711,812,1479,826,783,1753,1865,9230,20532,9743,17753,9907,9400,21037,22385,110757,107055.0965,1,46,74,34
3657,VA,"Richmond, VA MSA",1p3c,2166,1082,1568,1044,1008,2003,2490,11361,25992,12983,18812,12528,12101,24032,29882,136330,107055.0965,1,46,74,34
3657,VA,"Richmond, VA MSA",1p4c,2166,1325,1696,1107,1084,2003,2794,12174,25992,15895,20353,13281,13005,24032,33525,146083,107055.0965,1,46,74,34
3657,VA,"Richmond, VA MSA",2p0c,1545,688,1303,778,693,0,1145,6152,18540,8260,15634,9331,8321,0,13742,73828,107055.0965,1,46,74,34
3657,VA,"Richmond, VA MSA",2p1c,1711,854,1428,996,796,942,1409,8137,20532,10249,17141,11952,9557,11305,16913,97648,107055.0965,1,46,74,34
3657,VA,"Richmond, VA MSA",2p2c,1711,1086,1512,1214,868,1753,1669,9813,20532,13034,18142,14573,10421,21037,20022,117761,107055.0965,1,46,74,34
3657,VA,"Richmond, VA MSA",2p3c,2166,1325,1637,1433,1084,2003,2197,11844,25992,15901,19639,17194,13006,24032,26363,142125,107055.0965,1,46,74,34
3657,VA,"Richmond, VA MSA",2p4c,2166,1622,1684,1496,1176,2003,2469,12615,25992,19462,20208,17946,14112,24032,29631,151383,107055.0965,1,46,74,34
3658,VA,"King and Queen County, VA HUD Metro FMR Area",1p0c,1152,361,1220,389,470,0,946,4536,13824,4327,14639,4665,5635,0,11347,54437,87278,0,,,
3658,VA,"King and Queen County, VA HUD Metro FMR Area",1p1c,1325,529,1479,607,576,743,1106,6365,15900,6345,17752,7286,6906,8912,13274,76376,87278,0,,,
3658,VA,"King and Queen County, VA HUD Metro FMR Area",1p2c,1325,780,1624,826,654,1463,1482,8153,15900,9357,19491,9907,7842,17557,17784,97837,87278,0,,,
3658,VA,"King and Queen County, VA HUD Metro FMR Area",1p3c,1645,1039,1802,1044,833,1685,2007,10055,19740,12468,21622,12528,10000,20216,24081,120655,87278,0,,,
3658,VA,"King and Queen County, VA HUD Metro FMR Area",1p4c,1645,1272,1879,1107,906,1685,2253,10746,19740,15265,22551,13281,10868,20216,27035,128957,87278,0,,,
3658,VA,"King and Queen County, VA HUD Metro FMR Area",2p0c,1197,661,1419,778,577,0,1017,5648,14364,7933,17026,9331,6923,0,12198,67774,87278,0,,,
3658,VA,"King and Queen County, VA HUD Metro FMR Area",2p1c,1325,820,1555,996,666,743,1196,7301,15900,9843,18660,11952,7992,8912,14352,87611,87278,0,,,
3658,VA,"King and Queen County, VA HUD Metro FMR Area",2p2c,1325,1043,1726,1214,735,1463,1362,8868,15900,12517,20711,14573,8823,17557,16340,106421,87278,0,,,
3658,VA,"King and Queen County, VA HUD Metro FMR Area",2p3c,1645,1273,1798,1433,906,1685,1709,10448,19740,15270,21578,17194,10870,20216,20509,125377,87278,0,,,
3658,VA,"King and Queen County, VA HUD Metro FMR Area",2p4c,1645,1558,1857,1496,994,1685,1958,11192,19740,18691,22283,17946,11932,20216,23501,134309,87278,0,,,
3659,CA,"Riverside-San Bernardino-Ontario, CA MSA",1p0c,1776,335,1161,445,655,0,1246,5618,21312,4014,13929,5342,7863,0,14955,67416,95476.50006,1,31,17,64
3659,CA,"Riverside-San Bernardino-Ontario, CA MSA",1p1c,2306,491,1407,707,868,919,1537,8235,27672,5887,16881,8486,10419,11029,18441,98814,95476.50006,1,31,17,64
3659,CA,"Riverside-San Bernardino-Ontario, CA MSA",1p2c,2306,723,1603,969,941,1436,1965,9943,27672,8681,19237,11629,11287,17231,23579,119316,95476.50006,1,31,17,64
3659,CA,"Riverside-San Bernardino-Ontario, CA MSA",1p3c,3079,964,1698,1231,1255,1595,2929,12752,36948,11567,20378,14773,15063,19140,35153,153021,95476.50006,1,31,17,64
3659,CA,"Riverside-San Bernardino-Ontario, CA MSA",1p4c,3079,1180,1766,1306,1322,1595,3040,13289,36948,14162,21193,15677,15868,19140,36477,159465,95476.50006,1,31,17,64
3659,CA,"Riverside-San Bernardino-Ontario, CA MSA",2p0c,1852,613,1339,890,765,0,1058,6517,22224,7360,16062,10685,9185,0,12693,78208,95476.50006,1,31,17,64
3659,CA,"Riverside-San Bernardino-Ontario, CA MSA",2p1c,2306,761,1527,1152,952,919,1466,9084,27672,9132,18329,13828,11427,11029,17591,109007,95476.50006,1,31,17,64
3659,CA,"Riverside-San Bernardino-Ontario, CA MSA",2p2c,2306,968,1617,1414,1016,1436,1679,10436,27672,11613,19402,16972,12197,17231,20146,125233,95476.50006,1,31,17,64
3659,CA,"Riverside-San Bernardino-Ontario, CA MSA",2p3c,3079,1181,1680,1676,1323,1595,2444,12978,36948,14167,20164,20115,15870,19140,29333,155737,95476.50006,1,31,17,64
3659,CA,"Riverside-San Bernardino-Ontario, CA MSA",2p4c,3079,1445,1731,1752,1405,1595,2690,13697,36948,17340,20775,21019,16855,19140,32285,164362,95476.50006,1,31,17,64
3660,VA,"Roanoke, VA HUD Metro FMR Area",1p0c,892,350,1012,403,386,0,757,3800,10704,4200,12145,4839,4627,0,9086,45601,86650.90349,0,,,
3660,VA,"Roanoke, VA HUD Metro FMR Area",1p1c,1141,513,1247,630,514,790,941,5776,13692,6158,14958,7564,6163,9485,11290,69310,86650.90349,0,,,
3660,VA,"Roanoke, VA HUD Metro FMR Area",1p2c,1141,757,1433,857,589,1561,1297,7636,13692,9081,17194,10289,7070,18733,15568,91628,86650.90349,0,,,
3660,VA,"Roanoke, VA HUD Metro FMR Area",1p3c,1597,1008,1522,1085,809,1798,1868,9688,19164,12101,18268,13014,9707,21579,22418,116251,86650.90349,0,,,
3660,VA,"Roanoke, VA HUD Metro FMR Area",1p4c,1597,1235,1586,1148,879,1798,2102,10345,19164,14816,19030,13779,10550,21579,25224,124141,86650.90349,0,,,
3660,VA,"Roanoke, VA HUD Metro FMR Area",2p0c,948,642,1202,807,494,0,832,4923,11376,7699,14423,9678,5922,0,9980,59079,86650.90349,0,,,
3660,VA,"Roanoke, VA HUD Metro FMR Area",2p1c,1141,796,1382,1034,601,790,1073,6817,13692,9553,16586,12403,7217,9485,12872,81807,86650.90349,0,,,
3660,VA,"Roanoke, VA HUD Metro FMR Area",2p2c,1141,1012,1467,1261,669,1561,1216,8326,13692,12149,17605,15128,8023,18733,14587,99917,86650.90349,0,,,
3660,VA,"Roanoke, VA HUD Metro FMR Area",2p3c,1597,1235,1527,1488,879,1798,1602,10126,19164,14821,18325,17853,10551,21579,19218,121510,86650.90349,0,,,
3660,VA,"Roanoke, VA HUD Metro FMR Area",2p4c,1597,1512,1575,1552,965,1798,1835,10833,19164,18140,18900,18618,11582,21579,22016,130000,86650.90349,0,,,
3661,VA,"Franklin County, VA HUD Metro FMR Area",1p0c,691,353,1154,403,324,0,717,3642,8292,4235,13847,4839,3889,0,8602,43704,84085,0,,,
3661,VA,"Franklin County, VA HUD Metro FMR Area",1p1c,871,518,1422,630,431,657,836,5365,10452,6210,17064,7564,5173,7883,10031,64377,84085,0,,,
3661,VA,"Franklin County, VA HUD Metro FMR Area",1p2c,871,763,1570,857,507,1377,1097,7044,10452,9157,18841,10289,6088,16528,13167,84522,84085,0,,,
3661,VA,"Franklin County, VA HUD Metro FMR Area",1p3c,1220,1017,1747,1085,695,1599,1593,8955,14640,12202,20959,13014,8334,19188,19120,107456,84085,0,,,
3661,VA,"Franklin County, VA HUD Metro FMR Area",1p4c,1220,1245,1825,1148,765,1599,1850,9652,14640,14939,21894,13779,9184,19188,22194,115818,84085,0,,,
3661,VA,"Franklin County, VA HUD Metro FMR Area",2p0c,780,647,1363,807,443,0,814,4854,9360,7764,16361,9678,5316,0,9770,58249,84085,0,,,
3661,VA,"Franklin County, VA HUD Metro FMR Area",2p1c,871,803,1503,1034,520,657,950,6337,10452,9633,18032,12403,6236,7883,11401,76040,84085,0,,,
3661,VA,"Franklin County, VA HUD Metro FMR Area",2p2c,871,1021,1672,1261,587,1377,1106,7895,10452,12250,20069,15128,7048,16528,13268,94743,84085,0,,,
3661,VA,"Franklin County, VA HUD Metro FMR Area",2p3c,1220,1245,1745,1488,765,1599,1379,9441,14640,14944,20942,17853,9185,19188,16542,113293,84085,0,,,
3661,VA,"Franklin County, VA HUD Metro FMR Area",2p4c,1220,1524,1804,1552,852,1599,1607,10158,14640,18292,21647,18618,10224,19188,19286,121895,84085,0,,,
3662,MN,"Rochester, MN HUD Metro FMR Area",1p0c,989,371,1121,557,422,0,840,4300,11868,4447,13447,6688,5065,0,10084,51599,118810.2956,0,,,
3662,MN,"Rochester, MN HUD Metro FMR Area",1p1c,1341,543,1384,922,585,1493,1634,7903,16092,6521,16612,11065,7021,17914,19612,94836,118810.2956,0,,,
3662,MN,"Rochester, MN HUD Metro FMR Area",1p2c,1341,801,1517,1287,665,2652,2455,10718,16092,9616,18206,15442,7982,31821,29460,128618,118810.2956,0,,,
3662,MN,"Rochester, MN HUD Metro FMR Area",1p3c,1879,1068,1670,1652,915,3008,3241,13433,22548,12814,20040,19819,10979,36099,38897,161196,118810.2956,0,,,
3662,MN,"Rochester, MN HUD Metro FMR Area",1p4c,1879,1307,1733,1690,989,3008,3406,14014,22548,15688,20799,20284,11871,36099,40874,168164,118810.2956,0,,,
3662,MN,"Rochester, MN HUD Metro FMR Area",2p0c,1101,679,1336,1115,553,0,1008,5791,13212,8153,16026,13376,6633,0,12092,69492,118810.2956,0,,,
3662,MN,"Rochester, MN HUD Metro FMR Area",2p1c,1341,843,1461,1479,678,1493,1553,8848,16092,10116,17537,17753,8137,17914,18631,106180,118810.2956,0,,,
3662,MN,"Rochester, MN HUD Metro FMR Area",2p2c,1341,1072,1609,1844,749,2652,2234,11502,16092,12864,19310,22130,8990,31821,26811,138018,118810.2956,0,,,
3662,MN,"Rochester, MN HUD Metro FMR Area",2p3c,1879,1308,1669,2209,989,3008,2945,14007,22548,15693,20023,26507,11873,36099,35335,168078,118810.2956,0,,,
3662,MN,"Rochester, MN HUD Metro FMR Area",2p4c,1879,1601,1715,2248,1080,3008,3175,14706,22548,19209,20578,26972,12964,36099,38098,176468,118810.2956,0,,,
3663,MN,"Fillmore County, MN HUD Metro FMR Area",1p0c,714,411,1238,557,349,0,804,4073,8568,4927,14852,6688,4190,0,9652,48877,91230,0,,,
3663,MN,"Fillmore County, MN HUD Metro FMR Area",1p1c,943,602,1522,922,480,745,1053,6267,11316,7225,18260,11065,5756,8943,12638,75203,91230,0,,,
3663,MN,"Fillmore County, MN HUD Metro FMR Area",1p2c,943,888,1744,1287,568,1300,1516,8247,11316,10654,20929,15442,6821,15602,18195,98959,91230,0,,,
3663,MN,"Fillmore County, MN HUD Metro FMR Area",1p3c,1321,1183,1851,1652,777,1471,2122,10377,15852,14197,22216,19819,9329,17651,25463,124528,91230,0,,,
3663,MN,"Fillmore County, MN HUD Metro FMR Area",1p4c,1321,1449,1928,1690,860,1471,2369,11088,15852,17382,23134,20284,10318,17651,28430,133051,91230,0,,,
3663,MN,"Fillmore County, MN HUD Metro FMR Area",2p0c,719,753,1453,1115,457,0,916,5412,8628,9033,17441,13376,5483,0,10987,64948,91230,0,,,
3663,MN,"Fillmore County, MN HUD Metro FMR Area",2p1c,943,934,1667,1479,583,745,1218,7569,11316,11208,20003,17753,6993,8943,14617,90832,91230,0,,,
3663,MN,"Fillmore County, MN HUD Metro FMR Area",2p2c,943,1188,1768,1844,662,1300,1399,9103,11316,14253,21212,22130,7938,15602,16782,109232,91230,0,,,
3663,MN,"Fillmore County, MN HUD Metro FMR Area",2p3c,1321,1449,1839,2209,860,1471,1852,11000,15852,17388,22068,26507,10320,17651,22219,132004,91230,0,,,
3663,MN,"Fillmore County, MN HUD Metro FMR Area",2p4c,1321,1774,1896,2248,961,1471,2108,11778,15852,21282,22748,26972,11529,17651,25300,141334,91230,0,,,
3664,MN,"Wabasha County, MN HUD Metro FMR Area",1p0c,811,412,1188,557,380,0,819,4167,9732,4939,14259,6688,4555,0,9826,49998,96933,0,,,
3664,MN,"Wabasha County, MN HUD Metro FMR Area",1p1c,933,604,1518,922,477,921,1143,6518,11196,7242,18220,11065,5724,11052,13711,78210,96933,0,,,
3664,MN,"Wabasha County, MN HUD Metro FMR Area",1p2c,933,890,1663,1287,566,1749,1731,8818,11196,10679,19957,15442,6792,20988,20766,105819,96933,0,,,
3664,MN,"Wabasha County, MN HUD Metro FMR Area",1p3c,1218,1186,1761,1652,746,2004,2319,10886,14616,14230,21133,19819,8956,24045,27827,130626,96933,0,,,
3664,MN,"Wabasha County, MN HUD Metro FMR Area",1p4c,1218,1452,1830,1690,829,2004,2564,11587,14616,17422,21963,20284,9947,24045,30766,139043,96933,0,,,
3664,MN,"Wabasha County, MN HUD Metro FMR Area",2p0c,843,755,1455,1115,496,0,972,5635,10116,9054,17464,13376,5952,0,11658,67619,96933,0,,,
3664,MN,"Wabasha County, MN HUD Metro FMR Area",2p1c,933,936,1593,1479,580,921,1250,7693,11196,11234,19118,17753,6964,11052,14996,92312,96933,0,,,
3664,MN,"Wabasha County, MN HUD Metro FMR Area",2p2c,933,1191,1686,1844,659,1749,1576,9638,11196,14286,20231,22130,7911,20988,18914,115656,96933,0,,,
3664,MN,"Wabasha County, MN HUD Metro FMR Area",2p3c,1218,1452,1751,2209,829,2004,2031,11494,14616,17428,21015,26507,9949,24045,24371,137931,96933,0,,,
3664,MN,"Wabasha County, MN HUD Metro FMR Area",2p4c,1218,1778,1803,2248,930,2004,2290,12270,14616,21332,21634,26972,11161,24045,27481,147240,96933,0,,,
3665,NY,"Rochester, NY HUD Metro FMR Area",1p0c,1022,372,1033,600,433,0,892,4352,12264,4469,12394,7197,5195,0,10704,52223,98500.1634,1,27,21,58
3665,NY,"Rochester, NY HUD Metro FMR Area",1p1c,1427,546,1329,1008,613,1242,1521,7685,17124,6553,15946,12092,7351,14903,18251,92220,98500.1634,1,27,21,58
3665,NY,"Rochester, NY HUD Metro FMR Area",1p2c,1427,805,1461,1048,693,2313,2042,9788,17124,9663,17535,12570,8317,27750,24498,117457,98500.1634,1,27,21,58
3665,NY,"Rochester, NY HUD Metro FMR Area",1p3c,1720,1073,1552,1087,867,2642,2511,11452,20640,12877,18622,13048,10406,31703,30130,137425,98500.1634,1,27,21,58
3665,NY,"Rochester, NY HUD Metro FMR Area",1p4c,1720,1314,1616,1127,942,2642,2784,12144,20640,15765,19390,13526,11303,31703,33403,145730,98500.1634,1,27,21,58
3665,NY,"Rochester, NY HUD Metro FMR Area",2p0c,1149,683,1278,1200,569,0,1082,5960,13788,8193,15340,14395,6824,0,12985,71525,98500.1634,1,27,21,58
3665,NY,"Rochester, NY HUD Metro FMR Area",2p1c,1427,847,1404,1686,706,1242,1564,8877,17124,10166,16853,20235,8473,14903,18764,106518,98500.1634,1,27,21,58
3665,NY,"Rochester, NY HUD Metro FMR Area",2p2c,1427,1077,1490,1726,778,2313,1960,10771,17124,12927,17885,20713,9330,27750,23523,129254,98500.1634,1,27,21,58
3665,NY,"Rochester, NY HUD Metro FMR Area",2p3c,1720,1314,1551,1766,942,2642,2317,12252,20640,15771,18611,21192,11305,31703,27798,147018,98500.1634,1,27,21,58
3665,NY,"Rochester, NY HUD Metro FMR Area",2p4c,1720,1609,1599,1806,1033,2642,2598,13007,20640,19303,19190,21670,12401,31703,31174,156081,98500.1634,1,27,21,58
3666,NY,"Yates County, NY HUD Metro FMR Area",1p0c,761,377,1211,604,353,0,839,4145,9132,4523,14532,7243,4240,0,10065,49735,82228,0,,,
3666,NY,"Yates County, NY HUD Metro FMR Area",1p1c,1110,553,1472,1014,516,1014,1242,6921,13320,6633,17662,12169,6195,12167,14909,83054,82228,0,,,
3666,NY,"Yates County, NY HUD Metro FMR Area",1p2c,1110,815,1680,1054,598,1997,1745,8999,13320,9781,20162,12647,7172,23968,20942,107993,82228,0,,,
3666,NY,"Yates County, NY HUD Metro FMR Area",1p3c,1366,1086,1780,1094,761,2300,2143,10531,16392,13033,21365,13125,9136,27600,25716,126367,82228,0,,,
3666,NY,"Yates County, NY HUD Metro FMR Area",1p4c,1366,1330,1852,1134,837,2300,2421,11239,16392,15957,22223,13603,10043,27600,29048,134867,82228,0,,,
3666,NY,"Yates County, NY HUD Metro FMR Area",2p0c,846,691,1405,1207,477,0,995,5621,10152,8293,16856,14486,5727,0,11937,67449,82228,0,,,
3666,NY,"Yates County, NY HUD Metro FMR Area",2p1c,1110,857,1606,1697,611,1014,1419,8315,13320,10289,19275,20365,7330,12167,17028,99774,82228,0,,,
3666,NY,"Yates County, NY HUD Metro FMR Area",2p2c,1110,1090,1702,1737,683,1997,1682,10001,13320,13084,20418,20843,8198,23968,20182,120014,82228,0,,,
3666,NY,"Yates County, NY HUD Metro FMR Area",2p3c,1366,1330,1769,1777,837,2300,1967,11347,16392,15962,21230,21321,10045,27600,23608,136158,82228,0,,,
3666,NY,"Yates County, NY HUD Metro FMR Area",2p4c,1366,1628,1823,1817,930,2300,2286,12150,16392,19538,21878,21799,11155,27600,27435,145797,82228,0,,,
3667,IL,"Rockford, IL MSA",1p0c,810,344,1017,571,358,0,791,3891,9720,4130,12209,6851,4300,0,9486,46696,84348.58057,0,,,
3667,IL,"Rockford, IL MSA",1p1c,1181,505,1239,898,523,933,1120,6400,14172,6057,14871,10775,6280,11198,13442,76795,84348.58057,0,,,
3667,IL,"Rockford, IL MSA",1p2c,1181,744,1420,1225,598,1266,1354,7788,14172,8931,17044,14700,7173,15195,16243,93459,84348.58057,0,,,
3667,IL,"Rockford, IL MSA",1p3c,1561,992,1509,1552,793,1369,1814,9588,18732,11901,18103,18625,9511,16425,21763,115060,84348.58057,0,,,
3667,IL,"Rockford, IL MSA",1p4c,1561,1214,1572,1626,862,1369,2049,10252,18732,14571,18858,19516,10340,16425,24582,123023,84348.58057,0,,,
3667,IL,"Rockford, IL MSA",2p0c,900,631,1192,1142,475,0,976,5316,10800,7572,14306,13701,5704,0,11706,63789,84348.58057,0,,,
3667,IL,"Rockford, IL MSA",2p1c,1181,783,1368,1469,610,933,1326,7669,14172,9395,16410,17626,7317,11198,15910,92029,84348.58057,0,,,
3667,IL,"Rockford, IL MSA",2p2c,1181,996,1451,1796,676,1266,1355,8721,14172,11948,17416,21551,8109,15195,16258,104649,84348.58057,0,,,
3667,IL,"Rockford, IL MSA",2p3c,1561,1215,1511,2123,862,1369,1690,10330,18732,14576,18131,25476,10341,16425,20279,123959,84348.58057,0,,,
3667,IL,"Rockford, IL MSA",2p4c,1561,1487,1559,2197,946,1369,1913,11032,18732,17840,18709,26366,11355,16425,22953,132381,84348.58057,0,,,
3668,NC,"Rocky Mount, NC MSA",1p0c,855,322,1074,518,365,0,762,3896,10260,3864,12882,6216,4385,0,9148,46755,69687.61265,0,,,
3668,NC,"Rocky Mount, NC MSA",1p1c,1072,472,1287,814,479,663,870,5657,12864,5666,15444,9765,5753,7953,10439,67884,69687.61265,0,,,
3668,NC,"Rocky Mount, NC MSA",1p2c,1072,696,1409,1109,549,1037,1019,6892,12864,8355,16912,13313,6588,12441,12227,82701,69687.61265,0,,,
3668,NC,"Rocky Mount, NC MSA",1p3c,1463,928,1498,1405,742,1152,1456,8644,17556,11134,17980,16862,8907,13822,17466,103728,69687.61265,0,,,
3668,NC,"Rocky Mount, NC MSA",1p4c,1463,1136,1631,1477,807,1152,1732,9398,17556,13631,19571,17729,9683,13822,20780,112773,69687.61265,0,,,
3668,NC,"Rocky Mount, NC MSA",2p0c,860,590,1234,1036,450,0,826,4997,10320,7084,14813,12431,5403,0,9914,59966,69687.61265,0,,,
3668,NC,"Rocky Mount, NC MSA",2p1c,1072,733,1350,1332,560,663,1034,6743,12864,8790,16205,15980,6723,7953,12402,80918,69687.61265,0,,,
3668,NC,"Rocky Mount, NC MSA",2p2c,1072,932,1435,1627,622,1037,1070,7794,12864,11178,17214,19529,7464,12441,12843,93533,69687.61265,0,,,
3668,NC,"Rocky Mount, NC MSA",2p3c,1463,1136,1563,1923,807,1152,1351,9396,17556,13636,18759,23078,9684,13822,16212,112747,69687.61265,0,,,
3668,NC,"Rocky Mount, NC MSA",2p4c,1463,1391,1616,1995,886,1152,1570,10073,17556,16690,19388,23945,10633,13822,18839,120873,69687.61265,0,,,
3669,GA,"Rome, GA MSA",1p0c,830,338,1061,437,363,0,749,3777,9960,4050,12732,5246,4350,0,8991,45328,75375,0,,,
3669,GA,"Rome, GA MSA",1p1c,1189,495,1283,685,523,647,912,5733,14268,5939,15393,8214,6274,7765,10938,68792,75375,0,,,
3669,GA,"Rome, GA MSA",1p2c,1189,730,1406,932,596,1002,1010,6865,14268,8758,16876,11182,7149,12024,12122,82379,75375,0,,,
3669,GA,"Rome, GA MSA",1p3c,1499,973,1560,1179,767,1111,1377,8466,17988,11670,18718,14150,9208,13334,16526,101595,75375,0,,,
3669,GA,"Rome, GA MSA",1p4c,1499,1191,1626,1246,835,1111,1592,9099,17988,14288,19512,14946,10021,13334,19100,109189,75375,0,,,
3669,GA,"Rome, GA MSA",2p0c,906,619,1233,874,473,0,853,4959,10872,7425,14799,10491,5681,0,10240,59508,75375,0,,,
3669,GA,"Rome, GA MSA",2p1c,1189,768,1351,1122,608,647,1055,6738,14268,9213,16206,13459,7290,7765,12657,80859,75375,0,,,
3669,GA,"Rome, GA MSA",2p2c,1189,976,1499,1369,672,1002,1067,7775,14268,11716,17989,16428,8067,12024,12804,93296,75375,0,,,
3669,GA,"Rome, GA MSA",2p3c,1499,1191,1561,1616,835,1111,1237,9051,17988,14293,18737,19396,10022,13334,14841,108611,75375,0,,,
3669,GA,"Rome, GA MSA",2p4c,1499,1458,1612,1683,918,1111,1431,9712,17988,17494,19347,20191,11016,13334,17175,116547,75375,0,,,
3670,CA,"Sacramento--Roseville--Arden-Arcade, CA HUD Metro FMR Area",1p0c,1679,384,1044,577,640,0,1218,5541,20148,4602,12526,6920,7684,0,14613,66493,111902.4516,1,14,24,27
3670,CA,"Sacramento--Roseville--Arden-Arcade, CA HUD Metro FMR Area",1p1c,2206,562,1358,917,860,1280,1864,9048,26472,6748,16300,11008,10314,15355,22372,108570,111902.4516,1,14,24,27
3670,CA,"Sacramento--Roseville--Arden-Arcade, CA HUD Metro FMR Area",1p2c,2206,829,1501,1258,942,2256,2659,11652,26472,9951,18007,15096,11308,27077,31907,139819,111902.4516,1,14,24,27
3670,CA,"Sacramento--Roseville--Arden-Arcade, CA HUD Metro FMR Area",1p3c,2992,1105,1597,1599,1272,2557,3601,14722,35904,13260,19163,19184,15264,30683,43206,176665,111902.4516,1,14,24,27
3670,CA,"Sacramento--Roseville--Arden-Arcade, CA HUD Metro FMR Area",1p4c,2992,1353,1729,1684,1349,2557,3842,15506,35904,16235,20752,20204,16188,30683,46100,186066,111902.4516,1,14,24,27
3670,CA,"Sacramento--Roseville--Arden-Arcade, CA HUD Metro FMR Area",2p0c,1777,703,1298,1153,770,0,1133,6835,21324,8437,15578,13840,9240,0,13596,82016,111902.4516,1,14,24,27
3670,CA,"Sacramento--Roseville--Arden-Arcade, CA HUD Metro FMR Area",2p1c,2206,872,1432,1494,956,1280,1796,10036,26472,10468,17188,17928,11469,15355,21548,120429,111902.4516,1,14,24,27
3670,CA,"Sacramento--Roseville--Arden-Arcade, CA HUD Metro FMR Area",2p2c,2206,1109,1523,1835,1029,2256,2416,12374,26472,13313,18271,22016,12352,27077,28987,148488,111902.4516,1,14,24,27
3670,CA,"Sacramento--Roseville--Arden-Arcade, CA HUD Metro FMR Area",2p3c,2992,1353,1650,2175,1349,2557,3425,15503,35904,16241,19804,26104,16189,30683,41105,186031,111902.4516,1,14,24,27
3670,CA,"Sacramento--Roseville--Arden-Arcade, CA HUD Metro FMR Area",2p4c,2992,1657,1702,2260,1443,2557,3713,16325,35904,19878,20428,27124,17319,30683,44557,195894,111902.4516,1,14,24,27
3671,CA,"Yolo, CA HUD Metro FMR Area",1p0c,1602,380,1101,577,615,0,1190,5465,19224,4558,13215,6920,7384,0,14275,65576,118018,0,,,
3671,CA,"Yolo, CA HUD Metro FMR Area",1p1c,2116,557,1377,917,830,1581,2000,9378,25392,6684,16528,11008,9959,18969,23999,112539,118018,0,,,
3671,CA,"Yolo, CA HUD Metro FMR Area",1p2c,2116,821,1519,1258,912,2831,3003,12460,25392,9856,18231,15096,10943,33976,36030,149525,118018,0,,,
3671,CA,"Yolo, CA HUD Metro FMR Area",1p3c,2944,1094,1614,1599,1254,3216,3934,15655,35328,13133,19367,19184,15046,38594,47210,187861,118018,0,,,
3671,CA,"Yolo, CA HUD Metro FMR Area",1p4c,2944,1340,1746,1684,1330,3216,4253,16512,35328,16079,20946,20204,15961,38594,51032,198144,118018,0,,,
3671,CA,"Yolo, CA HUD Metro FMR Area",2p0c,1613,696,1316,1153,717,0,1069,6565,19356,8356,15796,13840,8604,0,12829,78781,118018,0,,,
3671,CA,"Yolo, CA HUD Metro FMR Area",2p1c,2116,864,1451,1494,925,1581,1904,10335,25392,10368,17416,17928,11102,18969,22842,124019,118018,0,,,
3671,CA,"Yolo, CA HUD Metro FMR Area",2p2c,2116,1099,1541,1835,998,2831,2694,13114,25392,13185,18491,22016,11977,33976,32333,157370,118018,0,,,
3671,CA,"Yolo, CA HUD Metro FMR Area",2p3c,2944,1340,1669,2175,1330,3216,3781,16456,35328,16085,20023,26104,15962,38594,45372,197469,118018,0,,,
3671,CA,"Yolo, CA HUD Metro FMR Area",2p4c,2944,1641,1719,2260,1423,3216,4084,17288,35328,19687,20632,27124,17081,38594,49004,207450,118018,0,,,
3672,MI,"Saginaw, MI MSA",1p0c,712,325,1024,402,322,0,599,3384,8544,3900,12290,4820,3864,0,7191,40609,74989,0,,,
3672,MI,"Saginaw, MI MSA",1p1c,1038,477,1258,628,470,772,786,5428,12456,5719,15092,7530,5643,9266,9426,65132,74989,0,,,
3672,MI,"Saginaw, MI MSA",1p2c,1038,703,1387,853,541,1445,1005,6972,12456,8434,16646,10240,6486,17344,12059,83664,74989,0,,,
3672,MI,"Saginaw, MI MSA",1p3c,1344,937,1543,1079,708,1653,1366,8630,16128,11238,18520,12949,8496,19830,16394,103555,74989,0,,,
3672,MI,"Saginaw, MI MSA",1p4c,1344,1147,1612,1141,773,1653,1558,9227,16128,13759,19342,13690,9279,19830,18701,110728,74989,0,,,
3672,MI,"Saginaw, MI MSA",2p0c,791,596,1209,803,431,0,712,4542,9492,7150,14508,9640,5167,0,8541,54499,74989,0,,,
3672,MI,"Saginaw, MI MSA",2p1c,1038,739,1332,1029,552,772,935,6397,12456,8872,15979,12350,6622,9266,11218,76763,74989,0,,,
3672,MI,"Saginaw, MI MSA",2p2c,1038,940,1483,1255,614,1445,1038,7813,12456,11282,17790,15060,7370,17344,12450,93753,74989,0,,,
3672,MI,"Saginaw, MI MSA",2p3c,1344,1147,1547,1481,773,1653,1208,9153,16128,13764,18564,17770,9280,19830,14495,109830,74989,0,,,
3672,MI,"Saginaw, MI MSA",2p4c,1344,1404,1599,1543,853,1653,1375,9770,16128,16846,19188,18510,10238,19830,16502,117243,74989,0,,,
3673,MN,"St. Cloud, MN MSA",1p0c,856,358,1115,403,377,0,705,3814,10272,4294,13383,4839,4522,0,8458,45768,95648.56022,0,,,
3673,MN,"St. Cloud, MN MSA",1p1c,1151,525,1414,661,520,1570,1401,7241,13812,6296,16970,7928,6243,18835,16810,86894,95648.56022,0,,,
3673,MN,"St. Cloud, MN MSA",1p2c,1151,774,1545,918,598,2750,2120,9855,13812,9285,18535,11017,7171,33005,25438,118264,95648.56022,0,,,
3673,MN,"St. Cloud, MN MSA",1p3c,1510,1031,1633,1176,789,3114,2758,12011,18120,12372,19601,14106,9467,37366,33098,144130,95648.56022,0,,,
3673,MN,"St. Cloud, MN MSA",1p4c,1510,1262,1696,1214,861,3114,2922,12580,18120,15148,20354,14571,10329,37366,35069,150956,95648.56022,0,,,
3673,MN,"St. Cloud, MN MSA",2p0c,883,656,1360,806,478,0,804,4987,10596,7872,16319,9677,5734,0,9644,59842,95648.56022,0,,,
3673,MN,"St. Cloud, MN MSA",2p1c,1151,814,1484,1064,610,1570,1337,8030,13812,9767,17809,12766,7321,18835,16048,96358,95648.56022,0,,,
3673,MN,"St. Cloud, MN MSA",2p2c,1151,1035,1568,1321,679,2750,1808,10312,13812,12421,18819,15856,8145,33005,21690,123747,95648.56022,0,,,
3673,MN,"St. Cloud, MN MSA",2p3c,1510,1263,1627,1579,861,3114,2319,12272,18120,15153,19528,18945,10330,37366,27825,147267,95648.56022,0,,,
3673,MN,"St. Cloud, MN MSA",2p4c,1510,1546,1744,1618,949,3114,2584,13064,18120,18547,20929,19410,11384,37366,31008,156765,95648.56022,0,,,
3674,UT,"St. George, UT MSA",1p0c,1146,368,1100,678,470,0,1016,4778,13752,4419,13199,8136,5642,0,12189,57337,94340,0,,,
3674,UT,"St. George, UT MSA",1p1c,1485,540,1342,1043,629,852,1383,7273,17820,6480,16105,12511,7545,10224,16595,87279,94340,0,,,
3674,UT,"St. George, UT MSA",1p2c,1485,796,1538,1407,708,1682,2002,9618,17820,9556,18453,16886,8500,20181,24025,115421,94340,0,,,
3674,UT,"St. George, UT MSA",1p3c,1976,1061,1634,1772,943,1937,2766,12088,23712,12734,19604,21261,11315,23245,33188,145058,94340,0,,,
3674,UT,"St. George, UT MSA",1p4c,1976,1299,1702,1821,1017,1937,2957,12710,23712,15591,20429,21850,12202,23245,35487,152516,94340,0,,,
3674,UT,"St. George, UT MSA",2p0c,1166,675,1285,1356,572,0,1108,6161,13992,8102,15418,16271,6860,0,13290,73933,94340,0,,,
3674,UT,"St. George, UT MSA",2p1c,1485,838,1473,1721,721,852,1511,8601,17820,10053,17674,20646,8654,10224,18137,103208,94340,0,,,
3674,UT,"St. George, UT MSA",2p2c,1485,1065,1563,2085,792,1682,1947,10619,17820,12784,18756,25021,9502,20181,23365,127429,94340,0,,,
3674,UT,"St. George, UT MSA",2p3c,1976,1300,1627,2450,1017,1937,2563,12869,23712,15596,19528,29396,12204,23245,30753,154433,94340,0,,,
3674,UT,"St. George, UT MSA",2p4c,1976,1591,1679,2499,1107,1937,2823,13612,23712,19089,20146,29986,13289,23245,33872,163339,94340,0,,,
3675,KS,"St. Joseph, MO-KS MSA",1p0c,710,340,1071,541,326,0,711,3699,8520,4077,12856,6495,3911,0,8526,44385,77870.81866,0,,,
3675,KS,"St. Joseph, MO-KS MSA",1p1c,1035,498,1292,851,476,492,809,5453,12420,5979,15508,10207,5712,5906,9706,65438,77870.81866,0,,,
3675,KS,"St. Joseph, MO-KS MSA",1p2c,1035,735,1413,1160,549,817,906,6615,12420,8817,16960,13919,6593,9798,10868,79375,77870.81866,0,,,
3675,KS,"St. Joseph, MO-KS MSA",1p3c,1315,979,1564,1469,712,916,1272,8227,15780,11748,18765,17631,8547,10996,15261,98728,77870.81866,0,,,
3675,KS,"St. Joseph, MO-KS MSA",1p4c,1315,1199,1627,1541,780,916,1492,8871,15780,14384,19529,18495,9365,10996,17907,106457,77870.81866,0,,,
3675,KS,"St. Joseph, MO-KS MSA",2p0c,789,623,1240,1083,438,0,809,4982,9468,7475,14880,12990,5260,0,9711,59784,77870.81866,0,,,
3675,KS,"St. Joseph, MO-KS MSA",2p1c,1035,773,1355,1392,561,492,964,6572,12420,9275,16261,16702,6736,5906,11567,78866,77870.81866,0,,,
3675,KS,"St. Joseph, MO-KS MSA",2p2c,1035,983,1501,1701,627,817,995,7658,12420,11795,18013,20414,7518,9798,11939,91896,77870.81866,0,,,
3675,KS,"St. Joseph, MO-KS MSA",2p3c,1315,1199,1561,2011,781,916,1169,8952,15780,14389,18736,24126,9367,10996,14030,107423,77870.81866,0,,,
3675,KS,"St. Joseph, MO-KS MSA",2p4c,1315,1468,1610,2083,864,916,1371,9626,15780,17612,19319,24990,10367,10996,16446,115510,77870.81866,0,,,
3676,MO,"St. Joseph, MO-KS MSA",1p0c,710,340,1071,541,326,0,679,3667,8520,4077,12856,6495,3911,0,8144,44004,77870.81866,,,,
3676,MO,"St. Joseph, MO-KS MSA",1p1c,1035,498,1292,851,476,492,796,5440,12420,5979,15508,10207,5712,5906,9546,65278,77870.81866,,,,
3676,MO,"St. Joseph, MO-KS MSA",1p2c,1035,735,1413,1160,549,817,920,6629,12420,8817,16960,13919,6593,9798,11039,79546,77870.81866,,,,
3676,MO,"St. Joseph, MO-KS MSA",1p3c,1315,979,1564,1469,712,916,1294,8250,15780,11748,18765,17631,8547,10996,15532,98999,77870.81866,,,,
3676,MO,"St. Joseph, MO-KS MSA",1p4c,1315,1199,1627,1541,780,916,1532,8911,15780,14384,19529,18495,9365,10996,18380,106930,77870.81866,,,,
3676,MO,"St. Joseph, MO-KS MSA",2p0c,789,623,1240,1083,438,0,758,4931,9468,7475,14880,12990,5260,0,9099,59172,77870.81866,,,,
3676,MO,"St. Joseph, MO-KS MSA",2p1c,1035,773,1355,1392,561,492,946,6554,12420,9275,16261,16702,6736,5906,11349,78649,77870.81866,,,,
3676,MO,"St. Joseph, MO-KS MSA",2p2c,1035,983,1501,1701,627,817,1006,7669,12420,11795,18013,20414,7518,9798,12072,92029,77870.81866,,,,
3676,MO,"St. Joseph, MO-KS MSA",2p3c,1315,1199,1561,2011,781,916,1193,8975,15780,14389,18736,24126,9367,10996,14312,107705,77870.81866,,,,
3676,MO,"St. Joseph, MO-KS MSA",2p4c,1315,1468,1610,2083,864,916,1407,9662,15780,17612,19319,24990,10367,10996,16885,115949,77870.81866,,,,
3677,IL,"St. Louis, MO-IL HUD Metro FMR Area",1p0c,951,373,1018,427,411,0,816,3997,11412,4477,12212,5128,4933,0,9797,47958,102097.1324,1,68,88,45
3677,IL,"St. Louis, MO-IL HUD Metro FMR Area",1p1c,1215,547,1318,669,547,973,1115,6383,14580,6564,15821,8022,6565,11670,13379,76601,102097.1324,1,68,88,45
3677,IL,"St. Louis, MO-IL HUD Metro FMR Area",1p2c,1215,807,1451,910,628,1693,1499,8202,14580,9680,17412,10916,7532,20319,17985,98424,102097.1324,1,68,88,45
3677,IL,"St. Louis, MO-IL HUD Metro FMR Area",1p3c,1570,1075,1541,1151,821,1915,1988,10060,18840,12899,18488,13809,9854,22981,23851,120722,102097.1324,1,68,88,45
3677,IL,"St. Louis, MO-IL HUD Metro FMR Area",1p4c,1570,1316,1604,1214,896,1915,2215,10731,18840,15793,19245,14573,10752,22981,26583,128767,102097.1324,1,68,88,45
3677,IL,"St. Louis, MO-IL HUD Metro FMR Area",2p0c,984,684,1273,855,518,0,967,5279,11808,8207,15270,10256,6214,0,11598,63353,102097.1324,1,68,88,45
3677,IL,"St. Louis, MO-IL HUD Metro FMR Area",2p1c,1215,849,1399,1096,641,973,1270,7441,14580,10183,16785,13150,7688,11670,15234,89290,102097.1324,1,68,88,45
3677,IL,"St. Louis, MO-IL HUD Metro FMR Area",2p2c,1215,1079,1484,1337,712,1693,1418,8939,14580,12950,17805,16043,8547,20319,17017,107262,102097.1324,1,68,88,45
3677,IL,"St. Louis, MO-IL HUD Metro FMR Area",2p3c,1570,1317,1543,1578,896,1915,1778,10597,18840,15798,18520,18937,10754,22981,21333,127162,102097.1324,1,68,88,45
3677,IL,"St. Louis, MO-IL HUD Metro FMR Area",2p4c,1570,1611,1657,1642,988,1915,2051,11434,18840,19337,19888,19701,11853,22981,24614,137212,102097.1324,1,68,88,45
3678,MO,"St. Louis, MO-IL HUD Metro FMR Area",1p0c,951,373,1018,427,411,0,743,3923,11412,4477,12212,5128,4933,0,8911,47072,102097.1324,,,,
3678,MO,"St. Louis, MO-IL HUD Metro FMR Area",1p1c,1215,547,1318,669,547,973,1024,6292,14580,6564,15821,8022,6565,11670,12283,75504,102097.1324,,,,
3678,MO,"St. Louis, MO-IL HUD Metro FMR Area",1p2c,1215,807,1451,910,628,1693,1420,8123,14580,9680,17412,10916,7532,20319,17037,97476,102097.1324,,,,
3678,MO,"St. Louis, MO-IL HUD Metro FMR Area",1p3c,1570,1075,1541,1151,821,1915,1941,10013,18840,12899,18488,13809,9854,22981,23286,120157,102097.1324,,,,
3678,MO,"St. Louis, MO-IL HUD Metro FMR Area",1p4c,1570,1316,1604,1214,896,1915,2187,10703,18840,15793,19245,14573,10752,22981,26248,128432,102097.1324,,,,
3678,MO,"St. Louis, MO-IL HUD Metro FMR Area",2p0c,984,684,1273,855,518,0,805,5118,11808,8207,15270,10256,6214,0,9660,61415,102097.1324,,,,
3678,MO,"St. Louis, MO-IL HUD Metro FMR Area",2p1c,1215,849,1399,1096,641,973,1134,7305,14580,10183,16785,13150,7688,11670,13607,87663,102097.1324,,,,
3678,MO,"St. Louis, MO-IL HUD Metro FMR Area",2p2c,1215,1079,1484,1337,712,1693,1306,8826,14580,12950,17805,16043,8547,20319,15672,105917,102097.1324,,,,
3678,MO,"St. Louis, MO-IL HUD Metro FMR Area",2p3c,1570,1317,1543,1578,896,1915,1678,10497,18840,15798,18520,18937,10754,22981,20139,125969,102097.1324,,,,
3678,MO,"St. Louis, MO-IL HUD Metro FMR Area",2p4c,1570,1611,1657,1642,988,1915,1972,11356,18840,19337,19888,19701,11853,22981,23669,136267,102097.1324,,,,
3679,IL,"Bond County, IL HUD Metro FMR Area",1p0c,597,340,1133,546,291,0,727,3635,7164,4085,13600,6548,3492,0,8727,43616,86638,0,,,
3679,IL,"Bond County, IL HUD Metro FMR Area",1p1c,871,499,1408,858,425,1039,1038,6139,10452,5990,16898,10291,5105,12471,12460,73667,86638,0,,,
3679,IL,"Bond County, IL HUD Metro FMR Area",1p2c,871,736,1624,1170,499,1227,1198,7325,10452,8833,19492,14035,5987,14722,14373,87894,86638,0,,,
3679,IL,"Bond County, IL HUD Metro FMR Area",1p3c,1060,981,1732,1482,634,1285,1471,8644,12720,11770,20779,17779,7603,15414,17657,103723,86638,0,,,
3679,IL,"Bond County, IL HUD Metro FMR Area",1p4c,1060,1201,1808,1554,702,1285,1702,9312,12720,14410,21700,18647,8423,15414,20424,111738,86638,0,,,
3679,IL,"Bond County, IL HUD Metro FMR Area",2p0c,787,624,1349,1091,438,0,959,5248,9444,7489,16187,13095,5257,0,11505,62977,86638,0,,,
3679,IL,"Bond County, IL HUD Metro FMR Area",2p1c,871,774,1556,1403,511,1039,1264,7418,10452,9292,18670,16839,6130,12471,15167,89020,86638,0,,,
3679,IL,"Bond County, IL HUD Metro FMR Area",2p2c,871,985,1656,1715,576,1227,1245,8275,10452,11816,19872,20583,6914,14722,14936,99294,86638,0,,,
3679,IL,"Bond County, IL HUD Metro FMR Area",2p3c,1060,1201,1727,2027,702,1285,1390,9393,12720,14415,20727,24326,8425,15414,16682,112710,86638,0,,,
3679,IL,"Bond County, IL HUD Metro FMR Area",2p4c,1060,1470,1784,2100,786,1285,1600,10085,12720,17644,21412,25194,9427,15414,19203,121015,86638,0,,,
3680,IL,"Macoupin County, IL HUD Metro FMR Area",1p0c,697,339,1108,546,322,0,761,3773,8364,4073,13290,6548,3861,0,9135,45271,84339,0,,,
3680,IL,"Macoupin County, IL HUD Metro FMR Area",1p1c,920,498,1370,858,440,957,1019,6062,11040,5973,16438,10291,5282,11485,12231,72741,84339,0,,,
3680,IL,"Macoupin County, IL HUD Metro FMR Area",1p2c,920,734,1579,1170,514,1142,1164,7222,11040,8808,18947,14035,6162,13703,13968,86663,84339,0,,,
3680,IL,"Macoupin County, IL HUD Metro FMR Area",1p3c,1180,978,1683,1482,670,1199,1482,8673,14160,11737,20195,17779,8040,14385,17781,104076,84339,0,,,
3680,IL,"Macoupin County, IL HUD Metro FMR Area",1p4c,1180,1197,1757,1554,738,1199,1711,9337,14160,14369,21089,18647,8858,14385,20537,112045,84339,0,,,
3680,IL,"Macoupin County, IL HUD Metro FMR Area",2p0c,701,622,1312,1091,411,0,909,5047,8412,7468,15749,13095,4930,0,10909,60564,84339,0,,,
3680,IL,"Macoupin County, IL HUD Metro FMR Area",2p1c,920,772,1513,1403,525,957,1243,7333,11040,9265,18151,16839,6304,11485,14916,88000,84339,0,,,
3680,IL,"Macoupin County, IL HUD Metro FMR Area",2p2c,920,982,1610,1715,591,1142,1222,8181,11040,11783,19318,20583,7086,13703,14658,98170,84339,0,,,
3680,IL,"Macoupin County, IL HUD Metro FMR Area",2p3c,1180,1198,1679,2027,738,1199,1399,9420,14160,14374,20150,24326,8859,14385,16785,113040,84339,0,,,
3680,IL,"Macoupin County, IL HUD Metro FMR Area",2p4c,1180,1466,1735,2100,822,1199,1608,10109,14160,17594,20819,25194,9859,14385,19298,121310,84339,0,,,
3681,OR,"Salem, OR MSA",1p0c,1147,359,1042,497,468,0,1044,4556,13764,4306,12504,5960,5610,0,12527,54672,89766.69666,0,,,
3681,OR,"Salem, OR MSA",1p1c,1543,526,1265,748,642,946,1519,7189,18516,6315,15176,8977,7709,11350,18230,86273,89766.69666,0,,,
3681,OR,"Salem, OR MSA",1p2c,1543,776,1445,1000,720,1370,1846,8699,18516,9312,17340,11994,8640,16434,22153,104389,89766.69666,0,,,
3681,OR,"Salem, OR MSA",1p3c,2148,1034,1532,1251,988,1500,2597,11050,25776,12409,18386,15010,11855,17999,31162,132597,89766.69666,0,,,
3681,OR,"Salem, OR MSA",1p4c,2148,1266,1594,1300,1060,1500,2850,11718,25776,15192,19130,15600,12720,17999,34199,140615,89766.69666,0,,,
3681,OR,"Salem, OR MSA",2p0c,1198,658,1212,993,576,0,1185,5822,14376,7895,14538,11921,6915,0,14222,69866,89766.69666,0,,,
3681,OR,"Salem, OR MSA",2p1c,1543,816,1386,1245,733,946,1658,8326,18516,9796,16632,14937,8790,11350,19894,99915,89766.69666,0,,,
3681,OR,"Salem, OR MSA",2p2c,1543,1038,1469,1496,801,1370,1797,9514,18516,12457,17624,17954,9616,16434,21561,114163,89766.69666,0,,,
3681,OR,"Salem, OR MSA",2p3c,2148,1266,1527,1748,1060,1500,2399,11649,25776,15197,18327,20971,12721,17999,28793,139783,89766.69666,0,,,
3681,OR,"Salem, OR MSA",2p4c,2148,1550,1574,1797,1148,1500,2664,12381,25776,18602,18893,21560,13778,17999,31964,148571,89766.69666,0,,,
3682,CA,"Salinas, CA MSA",1p0c,2414,362,1263,562,862,0,1920,7383,28968,4339,15159,6747,10341,0,23038,88591,100520,0,,,
3682,CA,"Salinas, CA MSA",1p1c,2982,530,1552,894,1090,1002,2455,10506,35784,6362,18626,10731,13085,12023,29464,126075,100520,0,,,
3682,CA,"Salinas, CA MSA",1p2c,2982,782,1697,1226,1169,1512,2938,12306,35784,9382,20369,14715,14023,18142,35257,147671,100520,0,,,
3682,CA,"Salinas, CA MSA",1p3c,4025,1042,1860,1558,1573,1669,3938,15665,48300,12501,22324,18699,18877,20025,47251,187978,100520,0,,,
3682,CA,"Salinas, CA MSA",1p4c,4025,1276,1929,1642,1646,1669,4200,16386,48300,15306,23150,19706,19748,20025,50395,196630,100520,0,,,
3682,CA,"Salinas, CA MSA",2p0c,2479,663,1473,1125,975,0,1486,8201,29748,7954,17677,13494,11705,0,17832,98410,100520,0,,,
3682,CA,"Salinas, CA MSA",2p1c,2982,822,1612,1457,1181,1002,2257,11312,35784,9869,19338,17478,14174,12023,27080,135745,100520,0,,,
3682,CA,"Salinas, CA MSA",2p2c,2982,1046,1770,1789,1251,1512,2648,12996,35784,12550,21234,21462,15007,18142,31778,155956,100520,0,,,
3682,CA,"Salinas, CA MSA",2p3c,4025,1276,1835,2121,1646,1669,3750,16321,48300,15311,22015,25446,19749,20025,45002,195849,100520,0,,,
3682,CA,"Salinas, CA MSA",2p4c,4025,1562,1885,2204,1735,1669,3997,17077,48300,18740,22624,26453,20814,20025,47966,204922,100520,0,,,
3683,MD,"Salisbury, MD HUD Metro FMR Area",1p0c,1129,330,1052,358,453,0,827,4148,13548,3958,12620,4290,5435,0,9929,49780,90334,0,,,
3683,MD,"Salisbury, MD HUD Metro FMR Area",1p1c,1491,484,1265,557,613,766,982,6158,17892,5804,15184,6686,7357,9190,11778,73890,90334,0,,,
3683,MD,"Salisbury, MD HUD Metro FMR Area",1p2c,1491,713,1441,757,684,1442,1270,7798,17892,8558,17286,9081,8212,17303,15238,93571,90334,0,,,
3683,MD,"Salisbury, MD HUD Metro FMR Area",1p3c,1969,950,1523,956,906,1650,1776,9732,23628,11404,18281,11477,10876,19799,21316,116783,90334,0,,,
3683,MD,"Salisbury, MD HUD Metro FMR Area",1p4c,1969,1164,1583,1017,973,1650,1985,10340,23628,13962,18992,12203,11671,19799,23821,124077,90334,0,,,
3683,MD,"Salisbury, MD HUD Metro FMR Area",2p0c,1136,605,1214,715,540,0,867,5077,13632,7256,14571,8579,6485,0,10398,60921,90334,0,,,
3683,MD,"Salisbury, MD HUD Metro FMR Area",2p1c,1491,750,1384,915,696,766,1103,7104,17892,9003,16603,10975,8350,9190,13234,85247,90334,0,,,
3683,MD,"Salisbury, MD HUD Metro FMR Area",2p2c,1491,954,1462,1114,759,1442,1161,8383,17892,11449,17546,13371,9110,17303,13931,100601,90334,0,,,
3683,MD,"Salisbury, MD HUD Metro FMR Area",2p3c,1969,1164,1518,1314,973,1650,1499,10087,23628,13967,18217,15767,11672,19799,17993,121043,90334,0,,,
3683,MD,"Salisbury, MD HUD Metro FMR Area",2p4c,1969,1425,1563,1374,1054,1650,1694,10728,23628,17096,18756,16492,12644,19799,20326,128741,90334,0,,,
3684,DE,"Sussex County, DE HUD Metro FMR Area",1p0c,1031,370,1107,504,435,0,882,4329,12372,4442,13289,6048,5220,0,10578,51950,95047,0,,,
3684,DE,"Sussex County, DE HUD Metro FMR Area",1p1c,1398,543,1369,791,603,733,1168,6605,16776,6514,16430,9497,7231,8797,14014,79258,95047,0,,,
3684,DE,"Sussex County, DE HUD Metro FMR Area",1p2c,1398,801,1575,1079,683,1297,1535,8367,16776,9606,18904,12946,8191,15563,18423,100409,95047,0,,,
3684,DE,"Sussex County, DE HUD Metro FMR Area",1p3c,1763,1067,1677,1366,879,1470,2066,10288,21156,12800,20124,16394,10543,17645,24792,123455,95047,0,,,
3684,DE,"Sussex County, DE HUD Metro FMR Area",1p4c,1763,1306,1750,1437,953,1470,2332,11011,21156,15672,20995,17249,11434,17645,27980,132131,95047,0,,,
3684,DE,"Sussex County, DE HUD Metro FMR Area",2p0c,1066,679,1310,1008,542,0,980,5584,12792,8144,15725,12097,6500,0,11754,67012,95047,0,,,
3684,DE,"Sussex County, DE HUD Metro FMR Area",2p1c,1398,842,1509,1295,696,733,1268,7741,16776,10105,18103,15545,8346,8797,15218,92890,95047,0,,,
3684,DE,"Sussex County, DE HUD Metro FMR Area",2p2c,1398,1071,1604,1583,767,1297,1382,9102,16776,12851,19251,18994,9198,15563,16586,109219,95047,0,,,
3684,DE,"Sussex County, DE HUD Metro FMR Area",2p3c,1763,1306,1672,1870,953,1470,1759,10794,21156,15677,20066,22443,11436,17645,21109,129531,95047,0,,,
3684,DE,"Sussex County, DE HUD Metro FMR Area",2p4c,1763,1599,1726,1941,1044,1470,2020,11564,21156,19189,20716,23297,12526,17645,24236,138766,95047,0,,,
3685,MD,"Somerset County, MD HUD Metro FMR Area",1p0c,946,324,1067,358,394,0,752,3841,11352,3889,12804,4290,4732,0,9028,46093,70366,0,,,
3685,MD,"Somerset County, MD HUD Metro FMR Area",1p1c,1249,475,1322,557,535,766,885,5789,14988,5702,15868,6686,6424,9190,10614,69472,70366,0,,,
3685,MD,"Somerset County, MD HUD Metro FMR Area",1p2c,1249,701,1525,757,605,1442,1139,7417,14988,8409,18294,9081,7264,17303,13668,89007,70366,0,,,
3685,MD,"Somerset County, MD HUD Metro FMR Area",1p3c,1613,934,1626,956,791,1650,1555,9124,19356,11205,19512,11477,9488,19799,18655,109493,70366,0,,,
3685,MD,"Somerset County, MD HUD Metro FMR Area",1p4c,1613,1143,1699,1017,856,1650,1766,9744,19356,13718,20384,12203,10269,19799,21196,116924,70366,0,,,
3685,MD,"Somerset County, MD HUD Metro FMR Area",2p0c,952,594,1264,715,480,0,800,4804,11424,7129,15162,8579,5760,0,9598,57653,70366,0,,,
3685,MD,"Somerset County, MD HUD Metro FMR Area",2p1c,1249,737,1458,915,617,766,1018,6759,14988,8845,17493,10975,7400,9190,12211,81103,70366,0,,,
3685,MD,"Somerset County, MD HUD Metro FMR Area",2p2c,1249,937,1553,1114,679,1442,1079,8054,14988,11249,18639,13371,8146,17303,12948,96643,70366,0,,,
3685,MD,"Somerset County, MD HUD Metro FMR Area",2p3c,1613,1144,1621,1314,856,1650,1319,9517,19356,13723,19455,15767,10270,19799,15827,114198,70366,0,,,
3685,MD,"Somerset County, MD HUD Metro FMR Area",2p4c,1613,1400,1676,1374,935,1650,1507,10156,19356,16797,20113,16492,11224,19799,18086,121868,70366,0,,,
3686,MD,"Worcester County, MD HUD Metro FMR Area",1p0c,1109,364,1080,358,457,0,840,4207,13308,4362,12956,4290,5486,0,10081,50483,102724,0,,,
3686,MD,"Worcester County, MD HUD Metro FMR Area",1p1c,1276,533,1327,557,562,814,939,6007,15312,6396,15926,6686,6740,9767,11262,72089,102724,0,,,
3686,MD,"Worcester County, MD HUD Metro FMR Area",1p2c,1276,786,1523,757,640,1593,1296,7871,15312,9432,18276,9081,7682,19121,15551,94455,102724,0,,,
3686,MD,"Worcester County, MD HUD Metro FMR Area",1p3c,1788,1047,1619,956,880,1833,1874,9998,21456,12568,19426,11477,10563,21999,22487,119977,102724,0,,,
3686,MD,"Worcester County, MD HUD Metro FMR Area",1p4c,1788,1282,1687,1017,953,1833,2105,10666,21456,15387,20244,12203,11439,21999,25265,127992,102724,0,,,
3686,MD,"Worcester County, MD HUD Metro FMR Area",2p0c,1150,666,1269,715,564,0,917,5281,13800,7996,15233,8579,6767,0,10998,63374,102724,0,,,
3686,MD,"Worcester County, MD HUD Metro FMR Area",2p1c,1276,827,1458,915,653,814,1083,7025,15312,9922,17492,10975,7834,9767,13001,84303,102724,0,,,
3686,MD,"Worcester County, MD HUD Metro FMR Area",2p2c,1276,1051,1548,1114,723,1593,1188,8494,15312,12617,18574,13371,8671,19121,14260,101926,102724,0,,,
3686,MD,"Worcester County, MD HUD Metro FMR Area",2p3c,1788,1283,1612,1314,953,1833,1593,10376,21456,15392,19340,15767,11440,21999,19112,124507,102724,0,,,
3686,MD,"Worcester County, MD HUD Metro FMR Area",2p4c,1788,1570,1663,1374,1043,1833,1812,11083,21456,18840,19953,16492,12511,21999,21741,132992,102724,0,,,
3687,UT,"Salt Lake City, UT HUD Metro FMR Area",1p0c,1243,356,1050,485,496,0,948,4579,14916,4269,12598,5825,5957,0,11381,54946,111905,1,40,86,26
3687,UT,"Salt Lake City, UT HUD Metro FMR Area",1p1c,1748,522,1326,747,705,852,1388,7287,20976,6261,15911,8961,8456,10224,16652,87440,111905,1,40,86,26
3687,UT,"Salt Lake City, UT HUD Metro FMR Area",1p2c,1748,769,1444,1008,782,1682,1890,9322,20976,9232,17324,12097,9379,20181,22677,111867,111905,1,40,86,26
3687,UT,"Salt Lake City, UT HUD Metro FMR Area",1p3c,2348,1025,1523,1270,1047,1937,2657,11807,28176,12302,18276,15234,12567,23245,31887,141686,111905,1,40,86,26
3687,UT,"Salt Lake City, UT HUD Metro FMR Area",1p4c,2348,1255,1643,1319,1119,1937,2893,12513,28176,15061,19710,15824,13424,23245,34712,150152,111905,1,40,86,26
3687,UT,"Salt Lake City, UT HUD Metro FMR Area",2p0c,1453,652,1280,971,654,0,1092,6102,17436,7827,15357,11650,7844,0,13104,73219,111905,1,40,86,26
3687,UT,"Salt Lake City, UT HUD Metro FMR Area",2p1c,1748,809,1393,1232,794,852,1420,8248,20976,9712,16715,14787,9528,10224,17036,98977,111905,1,40,86,26
3687,UT,"Salt Lake City, UT HUD Metro FMR Area",2p2c,1748,1029,1469,1494,862,1682,1742,10025,20976,12350,17625,17923,10347,20181,20900,120302,111905,1,40,86,26
3687,UT,"Salt Lake City, UT HUD Metro FMR Area",2p3c,2348,1256,1586,1755,1119,1937,2411,12411,28176,15067,19027,21059,13426,23245,28931,148930,111905,1,40,86,26
3687,UT,"Salt Lake City, UT HUD Metro FMR Area",2p4c,2348,1537,1629,1804,1206,1937,2635,13096,28176,18441,19549,21649,14473,23245,31623,157156,111905,1,40,86,26
3688,UT,"Tooele County, UT HUD Metro FMR Area",1p0c,861,333,1256,504,371,0,831,4155,10332,3992,15068,6050,4447,0,9974,49864,111591,0,,,
3688,UT,"Tooele County, UT HUD Metro FMR Area",1p1c,1203,488,1566,776,525,852,1131,6540,14436,5854,18792,9306,6300,10224,13569,78481,111591,0,,,
3688,UT,"Tooele County, UT HUD Metro FMR Area",1p2c,1203,719,1699,1047,597,1682,1615,8562,14436,8633,20392,12563,7162,20181,19379,102747,111591,0,,,
3688,UT,"Tooele County, UT HUD Metro FMR Area",1p3c,1649,959,1790,1318,810,1937,2229,10692,19788,11504,21480,15820,9715,23245,26752,128303,111591,0,,,
3688,UT,"Tooele County, UT HUD Metro FMR Area",1p4c,1649,1174,1854,1368,876,1937,2458,11316,19788,14085,22248,16410,10516,23245,29499,135790,111591,0,,,
3688,UT,"Tooele County, UT HUD Metro FMR Area",2p0c,917,610,1499,1008,474,0,916,5424,11004,7319,17989,12100,5689,0,10989,65090,111591,0,,,
3688,UT,"Tooele County, UT HUD Metro FMR Area",2p1c,1203,757,1626,1280,609,852,1243,7570,14436,9082,19517,15356,7302,10224,14917,90834,111591,0,,,
3688,UT,"Tooele County, UT HUD Metro FMR Area",2p2c,1203,962,1713,1551,672,1682,1490,9273,14436,11549,20550,18613,8068,20181,17877,111274,111591,0,,,
3688,UT,"Tooele County, UT HUD Metro FMR Area",2p3c,1649,1174,1773,1822,877,1937,1971,11203,19788,14089,21277,21869,10518,23245,23654,134441,111591,0,,,
3688,UT,"Tooele County, UT HUD Metro FMR Area",2p4c,1649,1437,1821,1872,958,1937,2208,11882,19788,17245,21856,22459,11498,23245,26496,142587,111591,0,,,
3689,TX,"San Angelo, TX HUD Metro FMR Area",1p0c,863,297,1064,582,360,0,579,3744,10356,3565,12763,6979,4322,0,6944,44929,83105.15671,0,,,
3689,TX,"San Angelo, TX HUD Metro FMR Area",1p1c,1258,436,1281,915,526,522,642,5580,15096,5228,15368,10984,6310,6266,7708,66960,83105.15671,0,,,
3689,TX,"San Angelo, TX HUD Metro FMR Area",1p2c,1258,643,1397,1249,590,1019,740,6896,15096,7710,16769,14990,7081,12228,8881,82754,83105.15671,0,,,
3689,TX,"San Angelo, TX HUD Metro FMR Area",1p3c,1691,856,1545,1583,791,1172,1113,8750,20292,10274,18536,18995,9490,14062,13356,105005,83105.15671,0,,,
3689,TX,"San Angelo, TX HUD Metro FMR Area",1p4c,1691,1048,1606,1660,850,1172,1287,9314,20292,12578,19266,19918,10205,14062,15446,111768,83105.15671,0,,,
3689,TX,"San Angelo, TX HUD Metro FMR Area",2p0c,998,545,1233,1163,479,0,689,5107,11976,6537,14797,13957,5748,0,8266,61281,83105.15671,0,,,
3689,TX,"San Angelo, TX HUD Metro FMR Area",2p1c,1258,676,1345,1497,600,522,778,6676,15096,8111,16140,17963,7205,6266,9336,80116,83105.15671,0,,,
3689,TX,"San Angelo, TX HUD Metro FMR Area",2p2c,1258,860,1489,1831,657,1019,803,7916,15096,10314,17863,21969,7889,12228,9631,94989,83105.15671,0,,,
3689,TX,"San Angelo, TX HUD Metro FMR Area",2p3c,1691,1049,1547,2165,851,1172,997,9470,20292,12583,18558,25974,10207,14062,11962,113637,83105.15671,0,,,
3689,TX,"San Angelo, TX HUD Metro FMR Area",2p4c,1691,1283,1593,2241,924,1172,1141,10045,20292,15401,19116,26897,11082,14062,13695,120545,83105.15671,0,,,
3690,TX,"Sterling County, TX HUD Metro FMR Area",1p0c,863,298,1382,582,361,0,657,4142,10356,3577,16580,6979,4326,0,7882,49700,128500,0,,,
3690,TX,"Sterling County, TX HUD Metro FMR Area",1p1c,1258,437,1662,915,526,522,753,6073,15096,5245,19939,10984,6315,6266,9035,72881,128500,0,,,
3690,TX,"Sterling County, TX HUD Metro FMR Area",1p2c,1258,645,1888,1249,591,1019,930,7579,15096,7735,22659,14990,7088,12228,11154,90950,128500,0,,,
3690,TX,"Sterling County, TX HUD Metro FMR Area",1p3c,1687,859,1996,1583,790,1172,1314,9401,20244,10307,23946,18995,9485,14062,15770,112809,128500,0,,,
3690,TX,"Sterling County, TX HUD Metro FMR Area",1p4c,1687,1052,2072,1660,850,1172,1498,9991,20244,12619,24865,19918,10203,14062,17978,119890,128500,0,,,
3690,TX,"Sterling County, TX HUD Metro FMR Area",2p0c,998,547,1588,1163,480,0,776,5551,11976,6558,19050,13957,5754,0,9314,66610,128500,0,,,
3690,TX,"Sterling County, TX HUD Metro FMR Area",2p1c,1258,678,1806,1497,601,522,891,7253,15096,8137,21669,17963,7213,6266,10697,87040,128500,0,,,
3690,TX,"Sterling County, TX HUD Metro FMR Area",2p2c,1258,862,1907,1831,658,1019,914,8449,15096,10347,22878,21969,7899,12228,10965,101382,128500,0,,,
3690,TX,"Sterling County, TX HUD Metro FMR Area",2p3c,1687,1052,1978,2165,850,1172,1141,10045,20244,12623,23738,25974,10204,14062,13693,120540,128500,0,,,
3690,TX,"Sterling County, TX HUD Metro FMR Area",2p4c,1687,1288,2036,2241,924,1172,1301,10648,20244,15451,24427,26897,11082,14062,15607,127770,128500,0,,,
3691,TX,"San Antonio-New Braunfels, TX HUD Metro FMR Area",1p0c,1116,296,1029,433,438,0,614,3926,13392,3548,12342,5197,5259,0,7373,47112,89245.64719,1,91,43,80
3691,TX,"San Antonio-New Braunfels, TX HUD Metro FMR Area",1p1c,1501,434,1242,678,601,791,728,5974,18012,5203,14898,8136,7208,9490,8739,71685,89245.64719,1,91,43,80
3691,TX,"San Antonio-New Braunfels, TX HUD Metro FMR Area",1p2c,1501,639,1417,923,665,1546,947,7638,18012,7673,16999,11076,7974,18554,11362,91650,89245.64719,1,91,43,80
3691,TX,"San Antonio-New Braunfels, TX HUD Metro FMR Area",1p3c,1907,852,1498,1168,857,1779,1302,9363,22884,10224,17981,14015,10279,21343,15628,112354,89245.64719,1,91,43,80
3691,TX,"San Antonio-New Braunfels, TX HUD Metro FMR Area",1p4c,1907,1043,1556,1234,916,1779,1472,9907,22884,12517,18677,14807,10991,21343,17663,118882,89245.64719,1,91,43,80
3691,TX,"San Antonio-New Braunfels, TX HUD Metro FMR Area",2p0c,1231,542,1200,866,551,0,682,5072,14772,6505,14404,10394,6606,0,8185,60866,89245.64719,1,91,43,80
3691,TX,"San Antonio-New Braunfels, TX HUD Metro FMR Area",2p1c,1501,673,1371,1111,675,791,833,6954,18012,8071,16448,13334,8098,9490,9990,83443,89245.64719,1,91,43,80
3691,TX,"San Antonio-New Braunfels, TX HUD Metro FMR Area",2p2c,1501,855,1449,1356,732,1546,884,8323,18012,10264,17386,16273,8779,18554,10604,99872,89245.64719,1,91,43,80
3691,TX,"San Antonio-New Braunfels, TX HUD Metro FMR Area",2p3c,1907,1044,1504,1601,916,1779,1089,9839,22884,12522,18049,19212,10992,21343,13068,118070,89245.64719,1,91,43,80
3691,TX,"San Antonio-New Braunfels, TX HUD Metro FMR Area",2p4c,1907,1277,1548,1667,989,1779,1232,10399,22884,15326,18581,20004,11863,21343,14783,124786,89245.64719,1,91,43,80
3692,TX,"Atascosa County, TX HUD Metro FMR Area",1p0c,879,291,1190,466,363,0,584,3774,10548,3496,14276,5589,4360,0,7013,45283,80391,0,,,
3692,TX,"Atascosa County, TX HUD Metro FMR Area",1p1c,1182,427,1439,730,500,791,674,5743,14184,5127,17269,8762,5995,9490,8093,68921,80391,0,,,
3692,TX,"Atascosa County, TX HUD Metro FMR Area",1p2c,1182,630,1576,995,563,1546,863,7354,14184,7560,18912,11936,6751,18554,10352,88250,80391,0,,,
3692,TX,"Atascosa County, TX HUD Metro FMR Area",1p3c,1482,840,1745,1259,721,1779,1197,9022,17784,10074,20941,15110,8649,21343,14360,108261,80391,0,,,
3692,TX,"Atascosa County, TX HUD Metro FMR Area",1p4c,1482,1028,1817,1328,779,1779,1371,9584,17784,12334,21809,15931,9351,21343,16452,115004,80391,0,,,
3692,TX,"Atascosa County, TX HUD Metro FMR Area",2p0c,1068,534,1381,932,497,0,687,5099,12816,6410,16569,11178,5969,0,8248,61190,80391,0,,,
3692,TX,"Atascosa County, TX HUD Metro FMR Area",2p1c,1182,663,1510,1196,573,791,782,6696,14184,7953,18118,14351,6873,9490,9382,80352,80391,0,,,
3692,TX,"Atascosa County, TX HUD Metro FMR Area",2p2c,1182,843,1673,1460,629,1546,856,8189,14184,10114,20075,17525,7544,18554,10275,98271,80391,0,,,
3692,TX,"Atascosa County, TX HUD Metro FMR Area",2p3c,1482,1028,1741,1725,779,1779,1017,9550,17784,12338,20887,20699,9352,21343,12201,114605,80391,0,,,
3692,TX,"Atascosa County, TX HUD Metro FMR Area",2p4c,1482,1259,1795,1793,851,1779,1160,10119,17784,15102,21545,21519,10210,21343,13918,121422,80391,0,,,
3693,TX,"Kendall County, TX HUD Metro FMR Area",1p0c,1285,324,1224,466,500,0,744,4543,15420,3889,14692,5589,5995,0,8932,54515,133906,0,,,
3693,TX,"Kendall County, TX HUD Metro FMR Area",1p1c,1728,475,1528,730,684,791,966,6902,20736,5702,18337,8762,8208,9490,11591,82827,133906,0,,,
3693,TX,"Kendall County, TX HUD Metro FMR Area",1p2c,1728,701,1681,995,754,1546,1251,8656,20736,8409,20176,11936,9049,18554,15017,103877,133906,0,,,
3693,TX,"Kendall County, TX HUD Metro FMR Area",1p3c,2282,934,1854,1259,998,1779,1780,10886,27384,11205,22250,15110,11981,21343,21356,130628,133906,0,,,
3693,TX,"Kendall County, TX HUD Metro FMR Area",1p4c,2282,1143,1927,1328,1063,1779,1974,11496,27384,13718,23123,15931,12761,21343,23693,137953,133906,0,,,
3693,TX,"Kendall County, TX HUD Metro FMR Area",2p0c,1408,594,1474,932,622,0,838,5867,16896,7129,17682,11178,7459,0,10061,70405,133906,0,,,
3693,TX,"Kendall County, TX HUD Metro FMR Area",2p1c,1728,737,1618,1196,765,791,1007,7843,20736,8845,19421,14351,9184,9490,12088,94116,133906,0,,,
3693,TX,"Kendall County, TX HUD Metro FMR Area",2p2c,1728,937,1785,1460,828,1546,1160,9444,20736,11249,21421,17525,9930,18554,13915,113330,133906,0,,,
3693,TX,"Kendall County, TX HUD Metro FMR Area",2p3c,2282,1144,1853,1725,1064,1779,1512,11357,27384,13723,22238,20699,12763,21343,18140,136289,133906,0,,,
3693,TX,"Kendall County, TX HUD Metro FMR Area",2p4c,2282,1400,1906,1793,1143,1779,1706,12008,27384,16797,22873,21519,13717,21343,20466,144099,133906,0,,,
3694,TX,"Medina County, TX HUD Metro FMR Area",1p0c,885,279,1217,450,361,0,585,3777,10620,3346,14603,5398,4336,0,7022,45325,89969,0,,,
3694,TX,"Medina County, TX HUD Metro FMR Area",1p1c,1191,409,1487,705,497,791,677,5756,14292,4907,17845,8457,5961,9490,8123,69075,89969,0,,,
3694,TX,"Medina County, TX HUD Metro FMR Area",1p2c,1191,603,1701,960,557,1546,891,7449,14292,7236,20416,11517,6684,18554,10690,89389,89969,0,,,
3694,TX,"Medina County, TX HUD Metro FMR Area",1p3c,1573,804,1803,1215,738,1779,1235,9146,18876,9642,21635,14576,8854,21343,14819,109746,89969,0,,,
3694,TX,"Medina County, TX HUD Metro FMR Area",1p4c,1573,984,1875,1282,794,1779,1404,9691,18876,11805,22503,15383,9526,21343,16853,116288,89969,0,,,
3694,TX,"Medina County, TX HUD Metro FMR Area",2p0c,908,511,1427,900,441,0,632,4819,10896,6135,17128,10796,5288,0,7587,57829,89969,0,,,
3694,TX,"Medina County, TX HUD Metro FMR Area",2p1c,1191,634,1633,1155,567,791,796,6767,14292,7612,19600,13855,6801,9490,9549,81199,89969,0,,,
3694,TX,"Medina County, TX HUD Metro FMR Area",2p2c,1191,807,1729,1410,620,1546,849,8151,14292,9680,20745,16915,7443,18554,10186,97814,89969,0,,,
3694,TX,"Medina County, TX HUD Metro FMR Area",2p3c,1573,984,1796,1665,794,1779,1036,9626,18876,11809,21557,19974,9527,21343,12427,115513,89969,0,,,
3694,TX,"Medina County, TX HUD Metro FMR Area",2p4c,1573,1205,1850,1732,862,1779,1174,10174,18876,14454,22200,20781,10348,21343,14090,122092,89969,0,,,
3695,CA,"San Diego-Carlsbad, CA MSA",1p0c,2145,369,1121,481,781,0,1566,6463,25740,4431,13452,5777,9367,0,18793,77560,118115,1,9,19,20
3695,CA,"San Diego-Carlsbad, CA MSA",1p1c,2881,541,1399,765,1063,1230,2356,10234,34572,6497,16782,9181,12751,14759,28270,122812,118115,1,9,19,20
3695,CA,"San Diego-Carlsbad, CA MSA",1p2c,2881,798,1596,1049,1142,2340,3207,13013,34572,9581,19153,12585,13708,28078,38482,156161,118115,1,9,19,20
3695,CA,"San Diego-Carlsbad, CA MSA",1p3c,3852,1064,1689,1332,1526,2681,4231,16377,46224,12767,20273,15989,18315,32177,50772,196518,118115,1,9,19,20
3695,CA,"San Diego-Carlsbad, CA MSA",1p4c,3852,1303,1754,1410,1600,2681,4603,17203,46224,15631,21047,16925,19204,32177,55232,206440,118115,1,9,19,20
3695,CA,"San Diego-Carlsbad, CA MSA",2p0c,2328,677,1337,963,933,0,1311,7548,27936,8123,16043,11555,11195,0,15726,90578,118115,1,9,19,20
3695,CA,"San Diego-Carlsbad, CA MSA",2p1c,2881,840,1527,1247,1155,1230,2167,11047,34572,10079,18321,14959,13863,14759,26006,132559,118115,1,9,19,20
3695,CA,"San Diego-Carlsbad, CA MSA",2p2c,2881,1068,1615,1530,1226,2340,2850,13510,34572,12817,19375,18363,14713,28078,34202,162121,118115,1,9,19,20
3695,CA,"San Diego-Carlsbad, CA MSA",2p3c,3852,1303,1675,1814,1601,2681,3954,16880,46224,15637,20100,21767,19206,32177,47449,202559,118115,1,9,19,20
3695,CA,"San Diego-Carlsbad, CA MSA",2p4c,3852,1595,1722,1892,1691,2681,4244,17676,46224,19139,20658,22703,20293,32177,50923,212116,118115,1,9,19,20
3696,CA,"Oakland-Fremont, CA HUD Metro FMR Area",1p0c,1937,417,1110,574,731,0,1483,6251,23244,5000,13321,6882,8769,0,17798,75015,151367.0222,1,3,40,5
3696,CA,"Oakland-Fremont, CA HUD Metro FMR Area",1p1c,2682,611,1451,912,1022,2012,2910,11601,32184,7333,17408,10948,12269,24145,34920,139206,151367.0222,1,3,40,5
3696,CA,"Oakland-Fremont, CA HUD Metro FMR Area",1p2c,2682,901,1597,1251,1112,4204,4306,16053,32184,10813,19161,15013,13349,50442,51674,192635,151367.0222,1,3,40,5
3696,CA,"Oakland-Fremont, CA HUD Metro FMR Area",1p3c,3432,1201,1690,1590,1438,4878,6187,20415,41184,14408,20274,19078,17260,58533,74238,244976,151367.0222,1,3,40,5
3696,CA,"Oakland-Fremont, CA HUD Metro FMR Area",1p4c,3432,1470,1753,1675,1522,4878,6626,21355,41184,17640,21031,20095,18263,58533,79516,256263,151367.0222,1,3,40,5
3696,CA,"Oakland-Fremont, CA HUD Metro FMR Area",2p0c,2201,764,1397,1147,921,0,1388,7818,26412,9167,16763,13765,11046,0,16658,93812,151367.0222,1,3,40,5
3696,CA,"Oakland-Fremont, CA HUD Metro FMR Area",2p1c,2682,948,1535,1486,1127,2012,2718,12508,32184,11375,18425,17830,13524,24145,32614,150097,151367.0222,1,3,40,5
3696,CA,"Oakland-Fremont, CA HUD Metro FMR Area",2p2c,2682,1205,1623,1825,1207,4204,4182,16927,32184,14465,19474,21895,14483,50442,50180,203123,151367.0222,1,3,40,5
3696,CA,"Oakland-Fremont, CA HUD Metro FMR Area",2p3c,3432,1471,1682,2163,1522,4878,5484,20631,41184,17646,20183,25961,18265,58533,65802,247573,151367.0222,1,3,40,5
3696,CA,"Oakland-Fremont, CA HUD Metro FMR Area",2p4c,3432,1800,1727,2248,1624,4878,5820,21528,41184,21599,20719,26978,19492,58533,69834,258340,151367.0222,1,3,40,5
3697,CA,"San Francisco, CA HUD Metro FMR Area",1p0c,2275,469,968,608,852,0,1745,6917,27300,5629,11619,7299,10224,0,20936,83007,176776.9967,1,1,59,2
3697,CA,"San Francisco, CA HUD Metro FMR Area",1p1c,3318,688,1241,968,1244,2306,3560,13324,39816,8255,14892,11614,14925,27668,42720,159890,176776.9967,1,1,59,2
3697,CA,"San Francisco, CA HUD Metro FMR Area",1p2c,3318,1014,1371,1327,1345,4528,5335,18239,39816,12172,16452,15929,16141,54337,64021,218868,176776.9967,1,1,59,2
3697,CA,"San Francisco, CA HUD Metro FMR Area",1p3c,4138,1352,1608,1687,1704,5212,7761,23462,49656,16220,19298,20244,20453,62543,93128,281541,176776.9967,1,1,59,2
3697,CA,"San Francisco, CA HUD Metro FMR Area",1p4c,4138,1655,1667,1774,1799,5212,8296,24541,49656,19859,20006,21291,21582,62543,99548,294486,176776.9967,1,1,59,2
3697,CA,"San Francisco, CA HUD Metro FMR Area",2p0c,2780,860,1197,1217,1130,0,1648,8832,33360,10320,14368,14598,13561,0,19770,105978,176776.9967,1,1,59,2
3697,CA,"San Francisco, CA HUD Metro FMR Area",2p1c,3318,1067,1321,1576,1361,2306,3446,14395,39816,12805,15848,18913,16337,27668,41355,172743,176776.9967,1,1,59,2
3697,CA,"San Francisco, CA HUD Metro FMR Area",2p2c,3318,1357,1551,1936,1451,4528,5134,19275,39816,16284,18610,23228,17417,54337,61613,231305,176776.9967,1,1,59,2
3697,CA,"San Francisco, CA HUD Metro FMR Area",2p3c,4138,1655,1606,2295,1799,5212,6605,23311,49656,19865,19275,27543,21584,62543,79262,279728,176776.9967,1,1,59,2
3697,CA,"San Francisco, CA HUD Metro FMR Area",2p4c,4138,2026,1647,2383,1914,5212,6928,24248,49656,24315,19764,28590,22966,62543,83139,290973,176776.9967,1,1,59,2
3698,CA,"San Jose-Sunnyvale-Santa Clara, CA HUD Metro FMR Area",1p0c,2608,414,1139,503,938,0,2010,7613,31296,4973,13666,6038,11261,0,24125,91359,182053,1,2,82,1
3698,CA,"San Jose-Sunnyvale-Santa Clara, CA HUD Metro FMR Area",1p1c,3446,608,1446,800,1259,2079,3488,13125,41352,7293,17350,9598,15103,24950,41854,157501,182053,1,2,82,1
3698,CA,"San Jose-Sunnyvale-Santa Clara, CA HUD Metro FMR Area",1p2c,3446,896,1595,1097,1348,4297,5141,17820,41352,10754,19142,13159,16177,51567,61686,213837,182053,1,2,82,1
3698,CA,"San Jose-Sunnyvale-Santa Clara, CA HUD Metro FMR Area",1p3c,4477,1194,1690,1393,1761,4980,7529,23024,53724,14330,20280,16719,21129,59757,90350,276289,182053,1,2,82,1
3698,CA,"San Jose-Sunnyvale-Santa Clara, CA HUD Metro FMR Area",1p4c,4477,1462,1755,1473,1844,4980,8008,23998,53724,17545,21057,17674,22127,59757,96094,287977,182053,1,2,82,1
3698,CA,"San Jose-Sunnyvale-Santa Clara, CA HUD Metro FMR Area",2p0c,2975,760,1391,1006,1160,0,1685,8977,35700,9118,16693,12077,13915,0,20217,107719,182053,1,2,82,1
3698,CA,"San Jose-Sunnyvale-Santa Clara, CA HUD Metro FMR Area",2p1c,3446,943,1533,1303,1363,2079,3263,13930,41352,11313,18398,15637,16351,24950,39158,167158,182053,1,2,82,1
3698,CA,"San Jose-Sunnyvale-Santa Clara, CA HUD Metro FMR Area",2p2c,3446,1199,1623,1600,1442,4297,4760,18367,41352,14386,19473,19197,17305,51567,57125,220405,182053,1,2,82,1
3698,CA,"San Jose-Sunnyvale-Santa Clara, CA HUD Metro FMR Area",2p3c,4477,1463,1684,1896,1844,4980,6343,22686,53724,17551,20204,22757,22129,59757,76116,272237,182053,1,2,82,1
3698,CA,"San Jose-Sunnyvale-Santa Clara, CA HUD Metro FMR Area",2p4c,4477,1790,1929,1976,1946,4980,6823,23921,53724,21482,23152,23712,23349,59757,81877,287052,182053,1,2,82,1
3699,CA,"San Benito County, CA HUD Metro FMR Area",1p0c,1799,439,1328,887,695,0,1728,6874,21588,5262,15933,10642,8336,0,20734,82493,118578,0,,,
3699,CA,"San Benito County, CA HUD Metro FMR Area",1p1c,2623,643,1650,1413,1014,1288,2867,11498,31476,7716,19803,16957,12168,15451,34406,137977,118578,0,,,
3699,CA,"San Benito County, CA HUD Metro FMR Area",1p2c,2623,948,1880,1939,1109,2938,4082,15520,31476,11378,22557,23273,13305,35259,48989,186236,118578,0,,,
3699,CA,"San Benito County, CA HUD Metro FMR Area",1p3c,3655,1263,1988,2466,1527,3446,6305,20649,43860,15161,23851,29589,18324,41353,75655,247792,118578,0,,,
3699,CA,"San Benito County, CA HUD Metro FMR Area",1p4c,3655,1547,2062,2574,1615,3446,6805,21704,43860,18562,24748,30882,19380,41353,81658,260443,118578,0,,,
3699,CA,"San Benito County, CA HUD Metro FMR Area",2p0c,1999,804,1570,1774,870,0,1590,8607,23988,9646,18845,21283,10443,0,19079,103285,118578,0,,,
3699,CA,"San Benito County, CA HUD Metro FMR Area",2p1c,2623,997,1791,2300,1124,1288,2934,13056,31476,11969,21486,27599,13488,15451,35205,156675,118578,0,,,
3699,CA,"San Benito County, CA HUD Metro FMR Area",2p2c,2623,1268,1892,2826,1208,2938,4189,16944,31476,15221,22699,33915,14498,35259,50266,203333,118578,0,,,
3699,CA,"San Benito County, CA HUD Metro FMR Area",2p3c,3655,1547,1961,3353,1615,3446,5791,21369,43860,18569,23534,40230,19382,41353,69495,256424,118578,0,,,
3699,CA,"San Benito County, CA HUD Metro FMR Area",2p4c,3655,1894,2015,3460,1723,3446,6168,22361,43860,22728,24179,41524,20674,41353,74017,268334,118578,0,,,
3700,CA,"San Luis Obispo-Paso Robles-Arroyo Grande, CA MSA",1p0c,1669,424,1189,634,650,0,1364,5930,20028,5089,14273,7606,7798,0,16362,71155,116900,0,,,
3700,CA,"San Luis Obispo-Paso Robles-Arroyo Grande, CA MSA",1p1c,2434,622,1499,1009,949,1381,2367,10261,29208,7462,17991,12105,11385,16574,28401,123126,116900,0,,,
3700,CA,"San Luis Obispo-Paso Robles-Arroyo Grande, CA MSA",1p2c,2434,917,1659,1384,1040,2558,3313,13305,29208,11004,19913,16603,12485,30691,39753,159656,116900,0,,,
3700,CA,"San Luis Obispo-Paso Robles-Arroyo Grande, CA MSA",1p3c,3250,1222,1833,1759,1388,2920,4471,16842,39000,14662,21997,21102,16661,35035,53648,202105,116900,0,,,
3700,CA,"San Luis Obispo-Paso Robles-Arroyo Grande, CA MSA",1p4c,3250,1496,1911,1848,1474,2920,4858,17755,39000,17952,22926,22172,17682,35035,58290,213057,116900,0,,,
3700,CA,"San Luis Obispo-Paso Robles-Arroyo Grande, CA MSA",2p0c,1855,777,1427,1268,817,0,1279,7423,22260,9329,17122,15212,9808,0,15345,89076,116900,0,,,
3700,CA,"San Luis Obispo-Paso Robles-Arroyo Grande, CA MSA",2p1c,2434,965,1578,1643,1055,1381,2257,11312,29208,11575,18934,19711,12662,16574,27079,135742,116900,0,,,
3700,CA,"San Luis Obispo-Paso Robles-Arroyo Grande, CA MSA",2p2c,2434,1227,1745,2017,1137,2558,3148,14265,29208,14720,20937,24209,13638,30691,37776,171180,116900,0,,,
3700,CA,"San Luis Obispo-Paso Robles-Arroyo Grande, CA MSA",2p3c,3250,1497,1817,2392,1474,2920,4249,17599,39000,17958,21806,28708,17684,35035,50993,211183,116900,0,,,
3700,CA,"San Luis Obispo-Paso Robles-Arroyo Grande, CA MSA",2p4c,3250,1832,1874,2482,1578,2920,4596,18530,39000,21980,22484,29778,18933,35035,55146,222355,116900,0,,,
3701,CA,"Santa Cruz-Watsonville, CA MSA",1p0c,3056,469,1153,562,1095,0,2497,8832,36672,5631,13840,6747,13134,0,29961,105985,131966,0,,,
3701,CA,"Santa Cruz-Watsonville, CA MSA",1p1c,4223,688,1525,894,1525,1296,3778,13930,50676,8257,18303,10731,18297,15550,45340,167154,131966,0,,,
3701,CA,"Santa Cruz-Watsonville, CA MSA",1p2c,4223,1015,1686,1226,1626,2017,4340,16133,50676,12176,20231,14715,19514,24203,52076,193591,131966,0,,,
3701,CA,"Santa Cruz-Watsonville, CA MSA",1p3c,5256,1352,1789,1558,2052,2239,6204,20450,63072,16225,21465,18699,24620,26865,74448,245395,131966,0,,,
3701,CA,"Santa Cruz-Watsonville, CA MSA",1p4c,5256,1655,1859,1642,2146,2239,6698,21496,63072,19865,22312,19706,25750,26865,80378,257948,131966,0,,,
3701,CA,"Santa Cruz-Watsonville, CA MSA",2p0c,3221,860,1462,1125,1267,0,2030,9965,38652,10323,17542,13494,15205,0,24357,119574,131966,0,,,
3701,CA,"Santa Cruz-Watsonville, CA MSA",2p1c,4223,1067,1614,1457,1643,1296,3674,14974,50676,12809,19373,17478,19710,15550,44093,179689,131966,0,,,
3701,CA,"Santa Cruz-Watsonville, CA MSA",2p2c,4223,1357,1711,1789,1733,2017,4241,17071,50676,16289,20537,21462,20791,24203,50889,204846,131966,0,,,
3701,CA,"Santa Cruz-Watsonville, CA MSA",2p3c,5256,1656,1778,2121,2146,2239,5517,20712,63072,19872,21331,25446,25752,26865,66206,248544,131966,0,,,
3701,CA,"Santa Cruz-Watsonville, CA MSA",2p4c,5256,2027,1828,2204,2261,2239,5896,21712,63072,24323,21938,26453,27134,26865,70754,260539,131966,0,,,
3702,NM,"Santa Fe, NM MSA",1p0c,1235,381,1037,445,502,0,855,4455,14820,4569,12445,5340,6020,0,10263,53457,89497,0,,,
3702,NM,"Santa Fe, NM MSA",1p1c,1627,558,1281,707,679,974,1231,7057,19524,6700,15371,8482,8142,11687,14774,84682,89497,0,,,
3702,NM,"Santa Fe, NM MSA",1p2c,1627,823,1474,969,761,1773,1709,9136,19524,9881,17686,11625,9129,21274,20511,109630,89497,0,,,
3702,NM,"Santa Fe, NM MSA",1p3c,2057,1097,1567,1231,979,2019,2279,11229,24684,13166,18802,14767,11751,24224,27353,134748,89497,0,,,
3702,NM,"Santa Fe, NM MSA",1p4c,2057,1343,1633,1306,1056,2019,2522,11935,24684,16120,19592,15670,12668,24224,30259,143218,89497,0,,,
3702,NM,"Santa Fe, NM MSA",2p0c,1368,698,1234,890,642,0,955,5787,16416,8377,14809,10680,7698,0,11457,69438,89497,0,,,
3702,NM,"Santa Fe, NM MSA",2p1c,1627,866,1421,1152,774,974,1311,8125,19524,10394,17057,13823,9289,11687,15730,97505,89497,0,,,
3702,NM,"Santa Fe, NM MSA",2p2c,1627,1102,1510,1414,847,1773,1576,9849,19524,13218,18125,16965,10165,21274,18914,118186,89497,0,,,
3702,NM,"Santa Fe, NM MSA",2p3c,2057,1344,1573,1676,1056,2019,2023,11746,24684,16125,18876,20107,12670,24224,24270,140957,89497,0,,,
3702,NM,"Santa Fe, NM MSA",2p4c,2057,1645,1623,1751,1149,2019,2274,12518,24684,19737,19478,21011,13792,24224,27288,150213,89497,0,,,
3703,CA,"Santa Maria-Santa Barbara, CA MSA",1p0c,2381,367,1151,634,853,0,1884,7271,28572,4408,13814,7606,10239,0,22609,87248,108953,0,,,
3703,CA,"Santa Maria-Santa Barbara, CA MSA",1p1c,3028,539,1517,1009,1107,1227,2721,11148,36336,6464,18202,12105,13288,14728,32657,133780,108953,0,,,
3703,CA,"Santa Maria-Santa Barbara, CA MSA",1p2c,3028,794,1676,1384,1187,1810,3248,13127,36336,9531,20107,16603,14241,21725,38977,157520,108953,0,,,
3703,CA,"Santa Maria-Santa Barbara, CA MSA",1p3c,4011,1058,1778,1759,1574,1990,4248,16418,48132,12701,21334,21102,18887,23878,50981,197014,108953,0,,,
3703,CA,"Santa Maria-Santa Barbara, CA MSA",1p4c,4011,1296,1848,1848,1648,1990,4637,17277,48132,15550,22179,22172,19771,23878,55638,207320,108953,0,,,
3703,CA,"Santa Maria-Santa Barbara, CA MSA",2p0c,2688,673,1452,1268,1044,0,1627,8752,32256,8081,17429,15212,12524,0,19526,105028,108953,0,,,
3703,CA,"Santa Maria-Santa Barbara, CA MSA",2p1c,3028,836,1603,1643,1200,1227,2555,12091,36336,10027,19240,19711,14394,14728,30656,145091,108953,0,,,
3703,CA,"Santa Maria-Santa Barbara, CA MSA",2p2c,3028,1063,1700,2017,1270,1810,2999,13887,36336,12751,20399,24209,15240,21725,35985,166646,108953,0,,,
3703,CA,"Santa Maria-Santa Barbara, CA MSA",2p3c,4011,1296,1766,2392,1648,1990,4078,17181,48132,15555,21195,28708,19773,23878,48932,206173,108953,0,,,
3703,CA,"Santa Maria-Santa Barbara, CA MSA",2p4c,4011,1587,1817,2482,1738,1990,4377,18001,48132,19039,21805,29778,20855,23878,52529,216016,108953,0,,,
3704,CA,"Santa Rosa, CA MSA",1p0c,1879,439,1169,568,720,0,1487,6261,22548,5262,14031,6815,8634,0,17844,75135,124032,0,,,
3704,CA,"Santa Rosa, CA MSA",1p1c,2740,643,1481,903,1050,1034,2337,10188,32880,7716,17769,10840,12604,12412,28039,122261,124032,0,,,
3704,CA,"Santa Rosa, CA MSA",1p2c,2740,948,1701,1239,1145,2112,3252,13137,32880,11378,20412,14866,13741,25346,39022,157643,124032,0,,,
3704,CA,"Santa Rosa, CA MSA",1p3c,3743,1263,1807,1574,1554,2444,4483,16868,44916,15161,21680,18891,18652,29325,53792,202417,124032,0,,,
3704,CA,"Santa Rosa, CA MSA",1p4c,3743,1547,1880,1659,1642,2444,4872,17787,44916,18562,22558,19903,19708,29325,58468,213441,124032,0,,,
3704,CA,"Santa Rosa, CA MSA",2p0c,2089,804,1414,1136,898,0,1346,7687,25068,9646,16970,13630,10778,0,16147,92240,124032,0,,,
3704,CA,"Santa Rosa, CA MSA",2p1c,2740,997,1626,1471,1160,1034,2242,11271,32880,11969,19511,17656,13924,12412,26900,135252,124032,0,,,
3704,CA,"Santa Rosa, CA MSA",2p2c,2740,1268,1726,1807,1245,2112,3005,13902,32880,15221,20708,21681,14934,25346,36056,166825,124032,0,,,
3704,CA,"Santa Rosa, CA MSA",2p3c,3743,1547,1794,2142,1643,2444,4224,17537,44916,18569,21532,25706,19710,29325,50690,210448,124032,0,,,
3704,CA,"Santa Rosa, CA MSA",2p4c,3743,1894,1847,2227,1750,2444,4575,18479,44916,22728,22167,26718,21002,29325,54897,221753,124032,0,,,
3705,GA,"Savannah, GA MSA",1p0c,1324,367,1069,491,525,0,1036,4811,15888,4406,12825,5892,6301,0,12426,57736,89806.21728,0,,,
3705,GA,"Savannah, GA MSA",1p1c,1584,538,1305,771,659,538,1148,6543,19008,6460,15665,9247,7907,6451,13775,78514,89806.21728,0,,,
3705,GA,"Savannah, GA MSA",1p2c,1584,794,1495,1050,738,826,1334,7821,19008,9526,17935,12602,8859,9912,16005,93846,89806.21728,0,,,
3705,GA,"Savannah, GA MSA",1p3c,2131,1058,1585,1330,990,915,1918,9926,25572,12694,19014,15957,11881,10976,23019,119113,89806.21728,0,,,
3705,GA,"Savannah, GA MSA",1p4c,2131,1295,1648,1400,1064,915,2146,10599,25572,15542,19779,16800,12765,10976,25747,127182,89806.21728,0,,,
3705,GA,"Savannah, GA MSA",2p0c,1431,673,1256,982,653,0,1158,6153,17172,8077,15066,11784,7839,0,13893,73830,89806.21728,0,,,
3705,GA,"Savannah, GA MSA",2p1c,1584,835,1439,1262,751,538,1303,7711,19008,10021,17265,15139,9013,6451,15635,92532,89806.21728,0,,,
3705,GA,"Savannah, GA MSA",2p2c,1584,1062,1524,1541,822,826,1290,8649,19008,12744,18291,18494,9858,9912,15477,103783,89806.21728,0,,,
3705,GA,"Savannah, GA MSA",2p3c,2131,1296,1585,1821,1064,915,1716,10527,25572,15547,19015,21849,12766,10976,20596,126322,89806.21728,0,,,
3705,GA,"Savannah, GA MSA",2p4c,2131,1586,1633,1891,1154,915,1952,11261,25572,19030,19596,22692,13848,10976,23422,135135,89806.21728,0,,,
3706,PA,"Scranton--Wilkes-Barre, PA MSA",1p0c,779,350,1012,424,351,0,655,3570,9348,4199,12141,5087,4206,0,7857,42838,82238.36897,0,,,
3706,PA,"Scranton--Wilkes-Barre, PA MSA",1p1c,1123,513,1235,673,508,862,858,5772,13476,6157,14818,8079,6095,10342,10296,69263,82238.36897,0,,,
3706,PA,"Scranton--Wilkes-Barre, PA MSA",1p2c,1123,757,1415,923,584,1722,1219,7742,13476,9079,16984,11070,7003,20665,14622,92899,82238.36897,0,,,
3706,PA,"Scranton--Wilkes-Barre, PA MSA",1p3c,1462,1008,1504,1172,767,1987,1660,9560,17544,12098,18042,14062,9203,23841,19925,114715,82238.36897,0,,,
3706,PA,"Scranton--Wilkes-Barre, PA MSA",1p4c,1462,1234,1567,1237,837,1987,1887,10211,17544,14812,18798,14849,10046,23841,22644,122533,82238.36897,0,,,
3706,PA,"Scranton--Wilkes-Barre, PA MSA",2p0c,928,641,1185,848,487,0,796,4886,11136,7697,14221,10175,5847,0,9557,58633,82238.36897,0,,,
3706,PA,"Scranton--Wilkes-Barre, PA MSA",2p1c,1123,796,1360,1097,596,862,1025,6859,13476,9551,16314,13166,7149,10342,12305,82302,82238.36897,0,,,
3706,PA,"Scranton--Wilkes-Barre, PA MSA",2p2c,1123,1012,1443,1347,663,1722,1176,8485,13476,12145,17318,16158,7955,20665,14108,101825,82238.36897,0,,,
3706,PA,"Scranton--Wilkes-Barre, PA MSA",2p3c,1462,1235,1503,1596,837,1987,1470,10090,17544,14817,18031,19149,10047,23841,17644,121074,82238.36897,0,,,
3706,PA,"Scranton--Wilkes-Barre, PA MSA",2p4c,1462,1511,1551,1661,923,1987,1678,10773,17544,18136,18607,19936,11078,23841,20134,129275,82238.36897,0,,,
3707,WA,"Seattle-Bellevue, WA HUD Metro FMR Area",1p0c,2238,421,1020,398,826,0,1185,6087,26856,5052,12238,4772,9906,0,14217,73041,147230.9629,1,10,79,6
3707,WA,"Seattle-Bellevue, WA HUD Metro FMR Area",1p1c,2671,617,1285,631,1021,1840,1873,9938,32052,7408,15425,7575,12251,22080,22470,119261,147230.9629,1,10,79,6
3707,WA,"Seattle-Bellevue, WA HUD Metro FMR Area",1p2c,2671,910,1475,865,1112,3183,2554,12769,32052,10923,17702,10377,13343,38193,30642,153233,147230.9629,1,10,79,6
3707,WA,"Seattle-Bellevue, WA HUD Metro FMR Area",1p3c,3521,1213,1564,1098,1470,3596,3099,15561,42252,14556,18773,13180,17637,43151,37187,186736,147230.9629,1,10,79,6
3707,WA,"Seattle-Bellevue, WA HUD Metro FMR Area",1p4c,3521,1485,1626,1170,1554,3596,3353,16305,42252,17821,19511,14041,18651,43151,40233,195660,147230.9629,1,10,79,6
3707,WA,"Seattle-Bellevue, WA HUD Metro FMR Area",2p0c,2293,772,1237,795,952,0,1088,7137,27516,9261,14849,9545,11418,0,13060,85649,147230.9629,1,10,79,6
3707,WA,"Seattle-Bellevue, WA HUD Metro FMR Area",2p1c,2671,958,1421,1029,1127,1840,1737,10782,32052,11491,17049,12347,13519,22080,20846,129384,147230.9629,1,10,79,6
3707,WA,"Seattle-Bellevue, WA HUD Metro FMR Area",2p2c,2671,1218,1505,1263,1207,3183,2265,13312,32052,14613,18064,15150,14488,38193,27181,159741,147230.9629,1,10,79,6
3707,WA,"Seattle-Bellevue, WA HUD Metro FMR Area",2p3c,3521,1486,1563,1496,1554,3596,2947,16163,42252,17827,18761,17952,18653,43151,35358,193955,147230.9629,1,10,79,6
3707,WA,"Seattle-Bellevue, WA HUD Metro FMR Area",2p4c,3521,1818,1608,1568,1658,3596,3184,16953,42252,21820,19299,18814,19893,43151,38207,203436,147230.9629,1,10,79,6
3708,WA,"Tacoma, WA HUD Metro FMR Area",1p0c,1479,384,1057,388,578,0,777,4663,17748,4604,12689,4652,6940,0,9318,55950,111126,1,17,18,29
3708,WA,"Tacoma, WA HUD Metro FMR Area",1p1c,2057,563,1367,615,813,1263,1256,7934,24684,6751,16405,7382,9760,15151,15069,95202,111126,1,17,18,29
3708,WA,"Tacoma, WA HUD Metro FMR Area",1p2c,2057,830,1506,843,896,3161,2119,11411,24684,9956,18069,10113,10755,37931,25424,136931,111126,1,17,18,29
3708,WA,"Tacoma, WA HUD Metro FMR Area",1p3c,2882,1106,1600,1070,1238,3745,2813,14454,34584,13266,19200,12843,14856,44940,33761,173450,111126,1,17,18,29
3708,WA,"Tacoma, WA HUD Metro FMR Area",1p4c,2882,1354,1667,1141,1315,3745,2975,15078,34584,16242,20000,13696,15780,44940,35698,180940,111126,1,17,18,29
3708,WA,"Tacoma, WA HUD Metro FMR Area",2p0c,1673,703,1312,775,738,0,881,6082,20076,8441,15738,9304,8854,0,10567,72980,111126,1,17,18,29
3708,WA,"Tacoma, WA HUD Metro FMR Area",2p1c,2057,873,1443,1003,910,1263,1194,8741,24684,10473,17311,12034,10915,15151,14325,104893,111126,1,17,18,29
3708,WA,"Tacoma, WA HUD Metro FMR Area",2p2c,2057,1110,1531,1230,983,3161,1850,11923,24684,13318,18374,14764,11799,37931,22201,143071,111126,1,17,18,29
3708,WA,"Tacoma, WA HUD Metro FMR Area",2p3c,2882,1354,1593,1458,1315,3745,2576,14923,34584,16247,19121,17495,15782,44940,30911,179080,111126,1,17,18,29
3708,WA,"Tacoma, WA HUD Metro FMR Area",2p4c,2882,1657,1710,1529,1409,3745,2825,15758,34584,19887,20520,18348,16912,44940,33905,189096,111126,1,17,18,29
3709,FL,"Sebastian-Vero Beach, FL MSA",1p0c,1239,387,1003,465,505,0,685,4283,14868,4639,12039,5576,6056,0,8215,51393,84395,0,,,
3709,FL,"Sebastian-Vero Beach, FL MSA",1p1c,1567,567,1241,729,663,760,822,6348,18804,6802,14890,8742,7950,9125,9865,76178,84395,0,,,
3709,FL,"Sebastian-Vero Beach, FL MSA",1p2c,1567,836,1375,992,746,1394,1040,7950,18804,10030,16498,11908,8952,16729,12476,95398,84395,0,,,
3709,FL,"Sebastian-Vero Beach, FL MSA",1p3c,1948,1114,1534,1256,951,1589,1452,9844,23376,13366,18407,15074,11407,19069,17426,118125,84395,0,,,
3709,FL,"Sebastian-Vero Beach, FL MSA",1p4c,1948,1364,1606,1325,1028,1589,1666,10525,23376,16364,19269,15894,12338,19069,19991,126301,84395,0,,,
3709,FL,"Sebastian-Vero Beach, FL MSA",2p0c,1246,709,1193,929,607,0,754,5437,14952,8504,14312,11152,7282,0,9047,65249,84395,0,,,
3709,FL,"Sebastian-Vero Beach, FL MSA",2p1c,1567,879,1318,1193,760,760,920,7397,18804,10552,15813,14318,9114,9125,11035,88761,84395,0,,,
3709,FL,"Sebastian-Vero Beach, FL MSA",2p2c,1567,1118,1470,1457,834,1394,1012,8852,18804,13418,17639,17484,10004,16729,12139,106218,84395,0,,,
3709,FL,"Sebastian-Vero Beach, FL MSA",2p3c,1948,1364,1536,1721,1028,1589,1239,10426,23376,16370,18436,20650,12340,19069,14867,125108,84395,0,,,
3709,FL,"Sebastian-Vero Beach, FL MSA",2p4c,1948,1670,1590,1789,1123,1589,1454,11163,23376,20036,19080,21470,13478,19069,17445,133955,84395,0,,,
3710,FL,"Sebring, FL MSA",1p0c,850,352,979,489,373,0,549,3592,10200,4223,11749,5865,4478,0,6584,43100,65774,0,,,
3710,FL,"Sebring, FL MSA",1p1c,1240,516,1199,767,545,684,646,5597,14880,6193,14382,9204,6543,8213,7747,67162,65774,0,,,
3710,FL,"Sebring, FL MSA",1p2c,1240,761,1331,1045,621,1267,777,7043,14880,9132,15973,12544,7455,15208,9328,84521,65774,0,,,
3710,FL,"Sebring, FL MSA",1p3c,1525,1014,1430,1324,788,1447,1064,8591,18300,12169,17155,15883,9460,17361,12769,103096,65774,0,,,
3710,FL,"Sebring, FL MSA",1p4c,1525,1242,1503,1394,859,1447,1261,9230,18300,14899,18035,16724,10307,17361,15133,110759,65774,0,,,
3710,FL,"Sebring, FL MSA",2p0c,951,645,1148,978,496,0,640,4858,11412,7743,13780,11731,5947,0,7678,58290,65774,0,,,
3710,FL,"Sebring, FL MSA",2p1c,1240,801,1272,1256,634,684,775,6661,14880,9607,15262,15070,7602,8213,9300,79933,65774,0,,,
3710,FL,"Sebring, FL MSA",2p2c,1240,1018,1363,1534,701,1267,805,7929,14880,12217,16357,18409,8413,15208,9662,95146,65774,0,,,
3710,FL,"Sebring, FL MSA",2p3c,1525,1242,1431,1812,859,1447,946,9262,18300,14904,17168,21748,10309,17361,11348,111138,65774,0,,,
3710,FL,"Sebring, FL MSA",2p4c,1525,1520,1552,1882,945,1447,1130,10002,18300,18242,18624,22589,11345,17361,13562,120023,65774,0,,,
3711,WI,"Sheboygan, WI MSA",1p0c,723,352,1066,478,334,0,678,3631,8676,4223,12789,5741,4005,0,8141,43575,91613,0,,,
3711,WI,"Sheboygan, WI MSA",1p1c,1055,516,1373,750,488,1065,1059,6306,12660,6193,16474,9002,5853,12775,12713,75670,91613,0,,,
3711,WI,"Sheboygan, WI MSA",1p2c,1055,761,1509,1022,564,2002,1579,8491,12660,9132,18102,12263,6766,24029,18942,101894,91613,0,,,
3711,WI,"Sheboygan, WI MSA",1p3c,1329,1014,1601,1294,727,2291,2085,10341,15948,12169,19208,15524,8729,27492,25019,124088,91613,0,,,
3711,WI,"Sheboygan, WI MSA",1p4c,1329,1242,1666,1361,798,2291,2336,11022,15948,14899,19987,16332,9577,27492,28032,132268,91613,0,,,
3711,WI,"Sheboygan, WI MSA",2p0c,851,645,1322,957,465,0,780,5019,10212,7743,15862,11482,5574,0,9354,60227,91613,0,,,
3711,WI,"Sheboygan, WI MSA",2p1c,1055,801,1451,1229,576,1065,1135,7311,12660,9607,17413,14743,6913,12775,13621,87732,91613,0,,,
3711,WI,"Sheboygan, WI MSA",2p2c,1055,1018,1539,1500,644,2002,1407,9165,12660,12217,18462,18004,7724,24029,16886,109981,91613,0,,,
3711,WI,"Sheboygan, WI MSA",2p3c,1329,1242,1600,1772,798,2291,1797,10829,15948,14904,19198,21265,9579,27492,21564,129949,91613,0,,,
3711,WI,"Sheboygan, WI MSA",2p4c,1329,1520,1717,1839,885,2291,2099,11680,15948,18242,20608,22073,10615,27492,25185,140163,91613,0,,,
3712,TX,"Sherman-Denison, TX MSA",1p0c,1068,324,1103,550,432,0,655,4133,12816,3889,13240,6605,5186,0,7862,49598,85605,0,,,
3712,TX,"Sherman-Denison, TX MSA",1p1c,1342,475,1345,866,564,644,725,5961,16104,5702,16139,10387,6770,7726,8700,71528,85605,0,,,
3712,TX,"Sherman-Denison, TX MSA",1p2c,1342,701,1540,1181,634,1252,930,7579,16104,8409,18477,14169,7610,15026,11154,90949,85605,0,,,
3712,TX,"Sherman-Denison, TX MSA",1p3c,1872,934,1633,1496,871,1439,1386,9631,22464,11205,19599,17951,10453,17272,16630,115575,85605,0,,,
3712,TX,"Sherman-Denison, TX MSA",1p4c,1872,1143,1700,1571,936,1439,1575,10236,22464,13718,20399,18847,11234,17272,18901,122835,85605,0,,,
3712,TX,"Sherman-Denison, TX MSA",2p0c,1113,594,1294,1101,530,0,741,5373,13356,7129,15528,13210,6360,0,8895,64479,85605,0,,,
3712,TX,"Sherman-Denison, TX MSA",2p1c,1342,737,1482,1416,646,644,868,7135,16104,8845,17789,16993,7746,7726,10418,85621,85605,0,,,
3712,TX,"Sherman-Denison, TX MSA",2p2c,1342,937,1571,1731,708,1252,916,8457,16104,11249,18851,20775,8492,15026,10990,101486,85605,0,,,
3712,TX,"Sherman-Denison, TX MSA",2p3c,1872,1144,1634,2046,936,1439,1199,10270,22464,13723,19605,24557,11235,17272,14385,123241,85605,0,,,
3712,TX,"Sherman-Denison, TX MSA",2p4c,1872,1400,1684,2121,1016,1439,1379,10911,22464,16797,20209,25452,12189,17272,16545,130928,85605,0,,,
3713,LA,"Shreveport-Bossier City, LA MSA",1p0c,767,347,1024,451,346,0,650,3584,9204,4165,12282,5408,4151,0,7797,43007,72148.63313,0,,,
3713,LA,"Shreveport-Bossier City, LA MSA",1p1c,1017,509,1239,706,474,744,803,5491,12204,6107,14865,8474,5685,8922,9632,65890,72148.63313,0,,,
3713,LA,"Shreveport-Bossier City, LA MSA",1p2c,1017,750,1360,962,549,1419,1085,7142,12204,9005,16322,11540,6585,17033,13017,85707,72148.63313,0,,,
3713,LA,"Shreveport-Bossier City, LA MSA",1p3c,1317,1000,1512,1217,719,1627,1532,8924,15804,12000,18139,14605,8632,19529,18381,107090,72148.63313,0,,,
3713,LA,"Shreveport-Bossier City, LA MSA",1p4c,1317,1224,1578,1284,789,1627,1774,9594,15804,14692,18930,15413,9468,19529,21289,115124,72148.63313,0,,,
3713,LA,"Shreveport-Bossier City, LA MSA",2p0c,892,636,1192,901,475,0,761,4857,10704,7635,14300,10817,5694,0,9129,58279,72148.63313,0,,,
3713,LA,"Shreveport-Bossier City, LA MSA",2p1c,1017,789,1308,1157,561,744,924,6500,12204,9473,15690,13883,6730,8922,11093,77996,72148.63313,0,,,
3713,LA,"Shreveport-Bossier City, LA MSA",2p2c,1017,1004,1455,1412,627,1419,1058,7993,12204,12047,17456,16948,7529,17033,12697,95915,72148.63313,0,,,
3713,LA,"Shreveport-Bossier City, LA MSA",2p3c,1317,1225,1517,1668,789,1627,1287,9430,15804,14697,18207,20014,9470,19529,15445,113165,72148.63313,0,,,
3713,LA,"Shreveport-Bossier City, LA MSA",2p4c,1317,1499,1568,1735,874,1627,1496,10117,15804,17989,18819,20821,10492,19529,17952,121406,72148.63313,0,,,
3714,AZ,"Sierra Vista-Douglas, AZ MSA",1p0c,854,325,1100,505,366,0,663,3812,10248,3900,13203,6054,4393,0,7951,45749,75734,0,,,
3714,AZ,"Sierra Vista-Douglas, AZ MSA",1p1c,1201,477,1341,802,521,785,814,5940,14412,5719,16095,9624,6250,9414,9763,71277,75734,0,,,
3714,AZ,"Sierra Vista-Douglas, AZ MSA",1p2c,1201,703,1484,1099,591,1624,1164,7866,14412,8434,17805,13193,7093,19485,13971,94393,75734,0,,,
3714,AZ,"Sierra Vista-Douglas, AZ MSA",1p3c,1683,937,1588,1397,813,1882,1722,10021,20196,11238,19056,16763,9759,22584,20660,120256,75734,0,,,
3714,AZ,"Sierra Vista-Douglas, AZ MSA",1p4c,1683,1147,1732,1477,879,1882,1988,10787,20196,13759,20780,17719,10542,22584,23859,129440,75734,0,,,
3714,AZ,"Sierra Vista-Douglas, AZ MSA",2p0c,1085,596,1272,1009,522,0,801,5285,13020,7150,15266,12108,6262,0,9610,63416,75734,0,,,
3714,AZ,"Sierra Vista-Douglas, AZ MSA",2p1c,1201,739,1404,1307,602,785,952,6990,14412,8872,16849,15678,7229,9414,11423,83877,75734,0,,,
3714,AZ,"Sierra Vista-Douglas, AZ MSA",2p2c,1201,940,1500,1604,665,1624,1107,8641,14412,11282,18002,19248,7977,19485,13280,103687,75734,0,,,
3714,AZ,"Sierra Vista-Douglas, AZ MSA",2p3c,1683,1147,1638,1901,879,1882,1520,10650,20196,13764,19651,22817,10543,22584,18241,127796,75734,0,,,
3714,AZ,"Sierra Vista-Douglas, AZ MSA",2p4c,1683,1404,1698,1981,958,1882,1746,11352,20196,16846,20371,23773,11501,22584,20952,136224,75734,0,,,
3715,IA,"Sioux City, IA-NE-SD MSA",1p0c,715,327,1085,432,324,0,679,3561,8580,3925,13016,5180,3882,0,8149,42732,89603.92821,0,,,
3715,IA,"Sioux City, IA-NE-SD MSA",1p1c,1043,480,1311,676,473,769,908,5659,12516,5756,15731,8106,5673,9233,10891,67905,89603.92821,0,,,
3715,IA,"Sioux City, IA-NE-SD MSA",1p2c,1043,707,1494,919,543,1406,1235,7348,12516,8487,17930,11031,6521,16870,14817,88172,89603.92821,0,,,
3715,IA,"Sioux City, IA-NE-SD MSA",1p3c,1257,943,1581,1163,683,1602,1614,8842,15084,11310,18971,13956,8194,19219,19369,106103,89603.92821,0,,,
3715,IA,"Sioux City, IA-NE-SD MSA",1p4c,1257,1154,1642,1227,749,1602,1854,9485,15084,13847,19709,14724,8982,19219,22249,113814,89603.92821,0,,,
3715,IA,"Sioux City, IA-NE-SD MSA",2p0c,818,600,1258,863,440,0,766,4746,9816,7196,15101,10361,5282,0,9193,56949,89603.92821,0,,,
3715,IA,"Sioux City, IA-NE-SD MSA",2p1c,1043,744,1436,1107,555,769,1040,6695,12516,8928,17235,13286,6658,9233,12482,80338,89603.92821,0,,,
3715,IA,"Sioux City, IA-NE-SD MSA",2p2c,1043,946,1519,1351,618,1406,1172,8054,12516,11354,18226,16212,7411,16870,14061,96649,89603.92821,0,,,
3715,IA,"Sioux City, IA-NE-SD MSA",2p3c,1257,1154,1577,1595,749,1602,1363,9296,15084,13851,18926,19137,8984,19219,16351,111553,89603.92821,0,,,
3715,IA,"Sioux City, IA-NE-SD MSA",2p4c,1257,1413,1624,1659,829,1602,1571,9954,15084,16954,19488,19904,9947,19219,18851,119447,89603.92821,0,,,
3716,NE,"Sioux City, IA-NE-SD MSA",1p0c,715,327,1085,432,324,0,635,3517,8580,3925,13016,5180,3882,0,7622,42206,89603.92821,,,,
3716,NE,"Sioux City, IA-NE-SD MSA",1p1c,1043,480,1311,676,473,769,782,5533,12516,5756,15731,8106,5673,9233,9379,66393,89603.92821,,,,
3716,NE,"Sioux City, IA-NE-SD MSA",1p2c,1043,707,1494,919,543,1406,1048,7161,12516,8487,17930,11031,6521,16870,12581,85936,89603.92821,,,,
3716,NE,"Sioux City, IA-NE-SD MSA",1p3c,1257,943,1581,1163,683,1602,1395,8622,15084,11310,18971,13956,8194,19219,16734,103469,89603.92821,,,,
3716,NE,"Sioux City, IA-NE-SD MSA",1p4c,1257,1154,1642,1227,749,1602,1622,9252,15084,13847,19709,14724,8982,19219,19464,111029,89603.92821,,,,
3716,NE,"Sioux City, IA-NE-SD MSA",2p0c,818,600,1258,863,440,0,691,4671,9816,7196,15101,10361,5282,0,8294,56049,89603.92821,,,,
3716,NE,"Sioux City, IA-NE-SD MSA",2p1c,1043,744,1436,1107,555,769,908,6563,12516,8928,17235,13286,6658,9233,10900,78756,89603.92821,,,,
3716,NE,"Sioux City, IA-NE-SD MSA",2p2c,1043,946,1519,1351,618,1406,1005,7887,12516,11354,18226,16212,7411,16870,12056,94644,89603.92821,,,,
3716,NE,"Sioux City, IA-NE-SD MSA",2p3c,1257,1154,1577,1595,749,1602,1184,9117,15084,13851,18926,19137,8984,19219,14208,109409,89603.92821,,,,
3716,NE,"Sioux City, IA-NE-SD MSA",2p4c,1257,1413,1624,1659,829,1602,1385,9768,15084,16954,19488,19904,9947,19219,16622,117218,89603.92821,,,,
3717,SD,"Sioux City, IA-NE-SD MSA",1p0c,715,327,1085,432,324,0,509,3391,8580,3925,13016,5180,3882,0,6111,40695,89603.92821,,,,
3717,SD,"Sioux City, IA-NE-SD MSA",1p1c,1043,480,1311,676,473,769,597,5348,12516,5756,15731,8106,5673,9233,7160,64175,89603.92821,,,,
3717,SD,"Sioux City, IA-NE-SD MSA",1p2c,1043,707,1494,919,543,1406,726,6839,12516,8487,17930,11031,6521,16870,8707,82062,89603.92821,,,,
3717,SD,"Sioux City, IA-NE-SD MSA",1p3c,1257,943,1581,1163,683,1602,934,8162,15084,11310,18971,13956,8194,19219,11205,97940,89603.92821,,,,
3717,SD,"Sioux City, IA-NE-SD MSA",1p4c,1257,1154,1642,1227,749,1602,1110,8740,15084,13847,19709,14724,8982,19219,13318,104883,89603.92821,,,,
3717,SD,"Sioux City, IA-NE-SD MSA",2p0c,818,600,1258,863,440,0,582,4562,9816,7196,15101,10361,5282,0,6984,54740,89603.92821,,,,
3717,SD,"Sioux City, IA-NE-SD MSA",2p1c,1043,744,1436,1107,555,769,718,6373,12516,8928,17235,13286,6658,9233,8621,76477,89603.92821,,,,
3717,SD,"Sioux City, IA-NE-SD MSA",2p2c,1043,946,1519,1351,618,1406,746,7629,12516,11354,18226,16212,7411,16870,8955,91543,89603.92821,,,,
3717,SD,"Sioux City, IA-NE-SD MSA",2p3c,1257,1154,1577,1595,749,1602,824,8758,15084,13851,18926,19137,8984,19219,9892,105094,89603.92821,,,,
3717,SD,"Sioux City, IA-NE-SD MSA",2p4c,1257,1413,1624,1659,829,1602,967,9351,15084,16954,19488,19904,9947,19219,11609,112206,89603.92821,,,,
3718,SD,"Sioux Falls, SD MSA",1p0c,748,367,1112,474,346,0,549,3595,8976,4399,13338,5684,4152,0,6592,43141,102139.9396,0,,,
3718,SD,"Sioux Falls, SD MSA",1p1c,1030,538,1357,743,487,834,655,5642,12360,6450,16286,8910,5840,10004,7854,67704,102139.9396,0,,,
3718,SD,"Sioux Falls, SD MSA",1p2c,1030,793,1483,1011,566,1671,889,7443,12360,9512,17791,12136,6791,20057,10668,89315,102139.9396,0,,,
3718,SD,"Sioux Falls, SD MSA",1p3c,1412,1056,1566,1280,766,1929,1280,9290,16944,12675,18794,15363,9196,23151,15356,111478,102139.9396,0,,,
3718,SD,"Sioux Falls, SD MSA",1p4c,1412,1293,1690,1347,840,1929,1507,10019,16944,15518,20284,16167,10079,23151,18083,120226,102139.9396,0,,,
3718,SD,"Sioux Falls, SD MSA",2p0c,882,672,1308,947,483,0,658,4949,10584,8064,15690,11367,5790,0,7894,59389,102139.9396,0,,,
3718,SD,"Sioux Falls, SD MSA",2p1c,1030,834,1427,1216,579,834,783,6702,12360,10006,17119,14594,6944,10004,9396,80422,102139.9396,0,,,
3718,SD,"Sioux Falls, SD MSA",2p2c,1030,1060,1506,1485,649,1671,873,8274,12360,12725,18066,17820,7788,20057,10476,99292,102139.9396,0,,,
3718,SD,"Sioux Falls, SD MSA",2p3c,1412,1294,1626,1754,840,1929,1124,9979,16944,15523,19514,21046,10080,23151,13493,119752,102139.9396,0,,,
3718,SD,"Sioux Falls, SD MSA",2p4c,1412,1583,1671,1821,930,1929,1300,10647,16944,19000,20053,21851,11160,23151,15605,127763,102139.9396,0,,,
3719,IN,"South Bend-Mishawaka, IN HUD Metro FMR Area",1p0c,751,336,1014,417,337,0,629,3485,9012,4027,12171,5005,4048,0,7550,41814,84866,0,,,
3719,IN,"South Bend-Mishawaka, IN HUD Metro FMR Area",1p1c,1095,492,1232,652,493,897,829,5690,13140,5905,14778,7825,5913,10763,9953,68277,84866,0,,,
3719,IN,"South Bend-Mishawaka, IN HUD Metro FMR Area",1p2c,1095,726,1411,887,565,1594,1082,7360,13140,8708,16928,10645,6783,19130,12984,88318,84866,0,,,
3719,IN,"South Bend-Mishawaka, IN HUD Metro FMR Area",1p3c,1350,967,1498,1122,719,1809,1403,8867,16200,11604,17971,13465,8632,21704,16831,106407,84866,0,,,
3719,IN,"South Bend-Mishawaka, IN HUD Metro FMR Area",1p4c,1350,1184,1560,1185,787,1809,1608,9482,16200,14207,18719,14220,9440,21704,19297,113787,84866,0,,,
3719,IN,"South Bend-Mishawaka, IN HUD Metro FMR Area",2p0c,936,615,1187,834,482,0,777,4832,11232,7383,14248,10010,5779,0,9327,57979,84866,0,,,
3719,IN,"South Bend-Mishawaka, IN HUD Metro FMR Area",2p1c,1095,763,1360,1069,577,897,990,6751,13140,9160,16316,12830,6924,10763,11880,81013,84866,0,,,
3719,IN,"South Bend-Mishawaka, IN HUD Metro FMR Area",2p2c,1095,971,1441,1304,641,1594,1078,8124,13140,11649,17295,15650,7696,19130,12930,97491,84866,0,,,
3719,IN,"South Bend-Mishawaka, IN HUD Metro FMR Area",2p3c,1350,1184,1500,1539,787,1809,1253,9422,16200,14211,17994,18470,9442,21704,15041,113062,84866,0,,,
3719,IN,"South Bend-Mishawaka, IN HUD Metro FMR Area",2p4c,1350,1450,1547,1602,869,1809,1434,10060,16200,17395,18559,19224,10430,21704,17210,120722,84866,0,,,
3720,MI,"Cass County, MI HUD Metro FMR Area",1p0c,729,350,1145,469,335,0,681,3710,8748,4200,13744,5631,4020,0,8177,44520,85324,0,,,
3720,MI,"Cass County, MI HUD Metro FMR Area",1p1c,933,513,1401,736,449,613,793,5437,11196,6159,16808,8826,5388,7351,9520,65248,85324,0,,,
3720,MI,"Cass County, MI HUD Metro FMR Area",1p2c,933,757,1542,1002,525,1072,944,6774,11196,9082,18501,12021,6296,12869,11328,81293,85324,0,,,
3720,MI,"Cass County, MI HUD Metro FMR Area",1p3c,1186,1009,1712,1268,681,1214,1266,8336,14232,12102,20549,15216,8176,14566,15187,100029,85324,0,,,
3720,MI,"Cass County, MI HUD Metro FMR Area",1p4c,1186,1235,1787,1335,752,1214,1469,8977,14232,14817,21446,16017,9019,14566,17630,107727,85324,0,,,
3720,MI,"Cass County, MI HUD Metro FMR Area",2p0c,843,642,1344,939,461,0,848,5077,10116,7700,16128,11262,5531,0,10181,60918,85324,0,,,
3720,MI,"Cass County, MI HUD Metro FMR Area",2p1c,933,796,1477,1205,537,613,969,6529,11196,9554,17720,14457,6442,7351,11623,78344,85324,0,,,
3720,MI,"Cass County, MI HUD Metro FMR Area",2p2c,933,1013,1641,1471,604,1072,1025,7758,11196,12150,19690,17652,7248,12869,12294,93099,85324,0,,,
3720,MI,"Cass County, MI HUD Metro FMR Area",2p3c,1186,1235,1711,1737,752,1214,1162,8996,14232,14822,20527,20847,9021,14566,13941,107957,85324,0,,,
3720,MI,"Cass County, MI HUD Metro FMR Area",2p4c,1186,1512,1767,1804,838,1214,1342,9662,14232,18142,21201,21648,10051,14566,16107,115948,85324,0,,,
3721,SC,"Spartanburg, SC MSA",1p0c,1053,322,1098,518,427,0,854,4273,12636,3865,13181,6216,5123,0,10251,51273,77847,0,,,
3721,SC,"Spartanburg, SC MSA",1p1c,1211,472,1336,814,523,918,983,6257,14532,5668,16032,9765,6272,11018,11798,75086,77847,0,,,
3721,SC,"Spartanburg, SC MSA",1p2c,1211,697,1466,1110,592,1616,1337,8029,14532,8359,17596,13314,7107,19392,16046,96346,77847,0,,,
3721,SC,"Spartanburg, SC MSA",1p3c,1493,928,1627,1405,752,1831,1840,9876,17916,11138,19521,16863,9020,21969,22083,118511,77847,0,,,
3721,SC,"Spartanburg, SC MSA",1p4c,1493,1136,1696,1478,816,1831,2059,10509,17916,13637,20348,17730,9796,21969,24709,126105,77847,0,,,
3721,SC,"Spartanburg, SC MSA",2p0c,1094,591,1285,1036,523,0,904,5433,13128,7087,15421,12432,6276,0,10853,65197,77847,0,,,
3721,SC,"Spartanburg, SC MSA",2p1c,1211,733,1408,1332,604,918,1103,7308,14532,8793,16900,15981,7242,11018,13232,87698,77847,0,,,
3721,SC,"Spartanburg, SC MSA",2p2c,1211,932,1563,1628,665,1616,1270,8885,14532,11182,18760,19530,7983,19392,15239,106618,77847,0,,,
3721,SC,"Spartanburg, SC MSA",2p3c,1493,1137,1628,1923,817,1831,1590,10418,17916,13641,19535,23079,9798,21969,19083,125021,77847,0,,,
3721,SC,"Spartanburg, SC MSA",2p4c,1493,1391,1680,1996,896,1831,1793,11080,17916,16697,20163,23946,10746,21969,21519,132956,77847,0,,,
3722,WA,"Spokane, WA HUD Metro FMR Area",1p0c,998,367,1014,385,424,0,584,3772,11976,4408,12167,4615,5087,0,7009,45262,94226,0,,,
3722,WA,"Spokane, WA HUD Metro FMR Area",1p1c,1444,539,1251,610,616,1156,853,6468,17328,6464,15011,7323,7387,13875,10234,77621,94226,0,,,
3722,WA,"Spokane, WA HUD Metro FMR Area",1p2c,1444,794,1439,836,695,2346,1318,8871,17328,9531,17263,10031,8339,28147,15818,106457,94226,0,,,
3722,WA,"Spokane, WA HUD Metro FMR Area",1p3c,1997,1058,1531,1062,949,2712,1874,11183,23964,12701,18375,12739,11383,32539,22492,134193,94226,0,,,
3722,WA,"Spokane, WA HUD Metro FMR Area",1p4c,1997,1296,1597,1132,1022,2712,2085,11841,23964,15550,19168,13589,12268,32539,25018,142095,94226,0,,,
3722,WA,"Spokane, WA HUD Metro FMR Area",2p0c,1123,673,1197,769,558,0,665,4985,13476,8081,14360,9230,6693,0,7979,59819,94226,0,,,
3722,WA,"Spokane, WA HUD Metro FMR Area",2p1c,1444,836,1378,995,708,1156,929,7445,17328,10027,16531,11938,8493,13875,11149,89341,94226,0,,,
3722,WA,"Spokane, WA HUD Metro FMR Area",2p2c,1444,1063,1465,1221,778,2346,1170,9486,17328,12751,17582,14646,9339,28147,14043,113836,94226,0,,,
3722,WA,"Spokane, WA HUD Metro FMR Area",2p3c,1997,1296,1527,1446,1023,2712,1577,11578,23964,15555,18328,17354,12270,32539,18928,138938,94226,0,,,
3722,WA,"Spokane, WA HUD Metro FMR Area",2p4c,1997,1587,1577,1517,1113,2712,1790,12292,23964,19039,18927,18204,13351,32539,21482,147506,94226,0,,,
3723,WA,"Stevens County, WA HUD Metro FMR Area",1p0c,821,341,1272,385,361,0,582,3762,9852,4096,15264,4615,4331,0,6986,45144,81867,0,,,
3723,WA,"Stevens County, WA HUD Metro FMR Area",1p1c,1049,501,1576,610,481,1098,751,6065,12588,6007,18906,7323,5773,13172,9010,72779,81867,0,,,
3723,WA,"Stevens County, WA HUD Metro FMR Area",1p2c,1049,738,1747,836,555,2006,1048,7979,12588,8858,20960,10031,6658,24070,12579,95745,81867,0,,,
3723,WA,"Stevens County, WA HUD Metro FMR Area",1p3c,1470,984,1942,1062,762,2285,1503,10007,17640,11803,23299,12739,9141,27423,18039,120085,81867,0,,,
3723,WA,"Stevens County, WA HUD Metro FMR Area",1p4c,1470,1204,2033,1132,830,2285,1710,10665,17640,14451,24392,13589,9963,27423,20519,127977,81867,0,,,
3723,WA,"Stevens County, WA HUD Metro FMR Area",2p0c,827,626,1488,769,451,0,626,4787,9924,7510,17859,9230,5413,0,7512,57447,81867,0,,,
3723,WA,"Stevens County, WA HUD Metro FMR Area",2p1c,1049,777,1647,995,567,1098,835,6967,12588,9318,19761,11938,6801,13172,10021,83599,81867,0,,,
3723,WA,"Stevens County, WA HUD Metro FMR Area",2p2c,1049,987,1832,1221,632,2006,975,8702,12588,11849,21986,14646,7587,24070,11701,104428,81867,0,,,
3723,WA,"Stevens County, WA HUD Metro FMR Area",2p3c,1470,1205,1916,1446,830,2285,1227,10379,17640,14456,22990,17354,9965,27423,14723,124551,81867,0,,,
3723,WA,"Stevens County, WA HUD Metro FMR Area",2p4c,1470,1475,1983,1517,914,2285,1426,11070,17640,17694,23798,18204,10970,27423,17115,132845,81867,0,,,
3724,IL,"Springfield, IL MSA",1p0c,776,355,1008,602,351,0,787,3879,9312,4258,12091,7223,4213,0,9448,46545,101489.036,0,,,
3724,IL,"Springfield, IL MSA",1p1c,1132,520,1293,948,513,883,1125,6414,13584,6244,15519,11371,6156,10600,13499,76973,101489.036,0,,,
3724,IL,"Springfield, IL MSA",1p2c,1132,767,1420,1293,590,1102,1286,7591,13584,9207,17043,15519,7076,13224,15434,91086,101489.036,0,,,
3724,IL,"Springfield, IL MSA",1p3c,1529,1022,1507,1639,792,1169,1746,9405,18348,12269,18085,19667,9506,14031,20955,112859,101489.036,0,,,
3724,IL,"Springfield, IL MSA",1p4c,1529,1252,1568,1715,863,1169,1986,10083,18348,15021,18820,20584,10360,14031,23832,120995,101489.036,0,,,
3724,IL,"Springfield, IL MSA",2p0c,921,651,1247,1204,488,0,1031,5541,11052,7806,14962,14446,5855,0,12373,66494,101489.036,0,,,
3724,IL,"Springfield, IL MSA",2p1c,1132,807,1368,1550,602,883,1326,7668,13584,9685,16418,18594,7225,10600,15906,92011,101489.036,0,,,
3724,IL,"Springfield, IL MSA",2p2c,1132,1026,1451,1895,670,1102,1326,8602,13584,12317,17410,22742,8041,13224,15906,103223,101489.036,0,,,
3724,IL,"Springfield, IL MSA",2p3c,1529,1252,1509,2241,864,1169,1653,10216,18348,15026,18107,26889,10362,14031,19835,122597,101489.036,0,,,
3724,IL,"Springfield, IL MSA",2p4c,1529,1533,1621,2317,951,1169,1913,11032,18348,18392,19449,27807,11407,14031,22956,132389,101489.036,0,,,
3725,MA,"Franklin County, MA HUD Metro FMR Area",1p0c,1071,396,1123,429,456,0,871,4346,12852,4754,13480,5148,5466,0,10447,52147,96152,0,,,
3725,MA,"Franklin County, MA HUD Metro FMR Area",1p1c,1562,581,1409,660,665,1167,1416,7461,18744,6971,16911,7923,7984,14007,16989,89529,96152,0,,,
3725,MA,"Franklin County, MA HUD Metro FMR Area",1p2c,1562,857,1556,891,751,2194,1990,9801,18744,10280,18667,10697,9011,26329,23883,117611,96152,0,,,
3725,MA,"Franklin County, MA HUD Metro FMR Area",1p3c,1882,1142,1719,1123,939,2510,2589,11903,22584,13698,20630,13472,11265,30120,31070,142839,96152,0,,,
3725,MA,"Franklin County, MA HUD Metro FMR Area",1p4c,1882,1398,1790,1163,1018,2510,2846,12606,22584,16771,21475,13950,12219,30120,34151,151271,96152,0,,,
3725,MA,"Franklin County, MA HUD Metro FMR Area",2p0c,1191,726,1355,858,595,0,1046,5772,14292,8716,16264,10297,7143,0,12557,69269,96152,0,,,
3725,MA,"Franklin County, MA HUD Metro FMR Area",2p1c,1562,901,1494,1089,765,1167,1458,8437,18744,10814,17933,13071,9177,14007,17492,101238,96152,0,,,
3725,MA,"Franklin County, MA HUD Metro FMR Area",2p2c,1562,1146,1653,1321,841,2194,1885,10601,18744,13752,19832,15846,10089,26329,22622,127214,96152,0,,,
3725,MA,"Franklin County, MA HUD Metro FMR Area",2p3c,1882,1398,1719,1552,1018,2510,2338,12417,22584,16777,20629,18620,12220,30120,28050,149001,96152,0,,,
3725,MA,"Franklin County, MA HUD Metro FMR Area",2p4c,1882,1711,1771,1592,1116,2510,2603,13184,22584,20535,21253,19098,13387,30120,31233,158211,96152,0,,,
3726,MA,"Springfield, MA HUD Metro FMR Area",1p0c,1044,389,1025,429,445,0,826,4157,12528,4667,12296,5148,5338,0,9910,49887,96296.07769,1,34,26,62
3726,MA,"Springfield, MA HUD Metro FMR Area",1p1c,1496,570,1272,660,642,1167,1295,7102,17952,6843,15268,7923,7698,14007,15534,85226,96296.07769,1,34,26,62
3726,MA,"Springfield, MA HUD Metro FMR Area",1p2c,1496,841,1399,891,726,2194,1847,9394,17952,10091,16791,10697,8707,26329,22162,112729,96296.07769,1,34,26,62
3726,MA,"Springfield, MA HUD Metro FMR Area",1p3c,1823,1121,1545,1123,914,2510,2424,11459,21876,13447,18535,13472,10967,30120,29090,137506,96296.07769,1,34,26,62
3726,MA,"Springfield, MA HUD Metro FMR Area",1p4c,1823,1372,1606,1163,992,2510,2671,12137,21876,16463,19271,13950,11903,30120,32055,145639,96296.07769,1,34,26,62
3726,MA,"Springfield, MA HUD Metro FMR Area",2p0c,1205,713,1229,858,596,0,1005,5605,14460,8556,14743,10297,7146,0,12061,67262,96296.07769,1,34,26,62
3726,MA,"Springfield, MA HUD Metro FMR Area",2p1c,1496,885,1350,1089,739,1167,1375,8100,17952,10615,16195,13071,8869,14007,16494,97204,96296.07769,1,34,26,62
3726,MA,"Springfield, MA HUD Metro FMR Area",2p2c,1496,1125,1491,1321,814,2194,1748,10187,17952,13500,17886,15846,9765,26329,20973,122249,96296.07769,1,34,26,62
3726,MA,"Springfield, MA HUD Metro FMR Area",2p3c,1823,1372,1549,1552,992,2510,2185,11983,21876,16469,18583,18620,11905,30120,26219,143793,96296.07769,1,34,26,62
3726,MA,"Springfield, MA HUD Metro FMR Area",2p4c,1823,1680,1594,1592,1088,2510,2442,12729,21876,20158,19131,19098,13050,30120,29309,152743,96296.07769,1,34,26,62
3727,MO,"Springfield, MO HUD Metro FMR Area",1p0c,790,345,1010,473,352,0,672,3642,9480,4136,12118,5670,4227,0,8068,43700,81265.38648,0,,,
3727,MO,"Springfield, MO HUD Metro FMR Area",1p1c,998,505,1227,741,467,654,778,5369,11976,6065,14723,8889,5601,7849,9331,64433,81265.38648,0,,,
3727,MO,"Springfield, MO HUD Metro FMR Area",1p2c,998,745,1347,1009,541,1271,1014,6926,11976,8943,16166,12108,6495,15255,12172,83115,81265.38648,0,,,
3727,MO,"Springfield, MO HUD Metro FMR Area",1p3c,1372,993,1495,1277,734,1461,1500,8833,16464,11917,17941,15326,8811,17534,18003,105997,81265.38648,0,,,
3727,MO,"Springfield, MO HUD Metro FMR Area",1p4c,1372,1216,1559,1344,803,1461,1752,9508,16464,14590,18706,16130,9641,17534,21028,114092,81265.38648,0,,,
3727,MO,"Springfield, MO HUD Metro FMR Area",2p0c,795,632,1180,945,443,0,699,4694,9540,7582,14157,11341,5316,0,8388,56324,81265.38648,0,,,
3727,MO,"Springfield, MO HUD Metro FMR Area",2p1c,998,784,1294,1213,553,654,908,6405,11976,9408,15525,14559,6639,7849,10901,76857,81265.38648,0,,,
3727,MO,"Springfield, MO HUD Metro FMR Area",2p2c,998,997,1437,1482,619,1271,1053,7857,11976,11964,17243,17778,7433,15255,12636,94284,81265.38648,0,,,
3727,MO,"Springfield, MO HUD Metro FMR Area",2p3c,1372,1216,1497,1750,804,1461,1335,9435,16464,14595,17963,20997,9643,17534,16022,113218,81265.38648,0,,,
3727,MO,"Springfield, MO HUD Metro FMR Area",2p4c,1372,1489,1546,1817,888,1461,1558,10130,16464,17864,18546,21800,10658,17534,18690,121556,81265.38648,0,,,
3728,MO,"Dallas County, MO HUD Metro FMR Area",1p0c,679,326,1176,473,312,0,671,3637,8148,3912,14114,5670,3744,0,8054,43642,64811,0,,,
3728,MO,"Dallas County, MO HUD Metro FMR Area",1p1c,824,478,1421,741,404,389,666,4923,9888,5736,17053,8889,4851,4671,7991,59079,64811,0,,,
3728,MO,"Dallas County, MO HUD Metro FMR Area",1p2c,824,705,1564,1009,475,934,830,6340,9888,8458,18768,12108,5696,11202,9963,76083,64811,0,,,
3728,MO,"Dallas County, MO HUD Metro FMR Area",1p3c,1155,939,1668,1277,650,1101,1205,7996,13860,11271,20021,15326,7803,13212,14459,95951,64811,0,,,
3728,MO,"Dallas County, MO HUD Metro FMR Area",1p4c,1155,1150,1818,1344,716,1101,1473,8757,13860,13800,21813,16130,8588,13212,17677,105078,64811,0,,,
3728,MO,"Dallas County, MO HUD Metro FMR Area",2p0c,684,598,1357,945,398,0,695,4676,8208,7171,16278,11341,4775,0,8335,56108,64811,0,,,
3728,MO,"Dallas County, MO HUD Metro FMR Area",2p1c,824,742,1490,1213,486,389,791,5935,9888,8898,17877,14559,5833,4671,9489,71215,64811,0,,,
3728,MO,"Dallas County, MO HUD Metro FMR Area",2p2c,824,943,1587,1482,549,934,891,7208,9888,11315,19041,17778,6583,11202,10689,86496,64811,0,,,
3728,MO,"Dallas County, MO HUD Metro FMR Area",2p3c,1155,1150,1730,1750,716,1101,1114,8716,13860,13804,20763,20997,8589,13212,13366,104590,64811,0,,,
3728,MO,"Dallas County, MO HUD Metro FMR Area",2p4c,1155,1408,1791,1817,796,1101,1320,9388,13860,16896,21490,21800,9549,13212,15844,112651,64811,0,,,
3729,MO,"Polk County, MO HUD Metro FMR Area",1p0c,677,322,1160,473,310,0,663,3605,8124,3865,13919,5670,3722,0,7958,43260,70715,0,,,
3729,MO,"Polk County, MO HUD Metro FMR Area",1p1c,837,472,1384,741,407,483,688,5012,10044,5668,16609,8889,4878,5798,8258,60145,70715,0,,,
3729,MO,"Polk County, MO HUD Metro FMR Area",1p2c,837,697,1514,1009,476,1031,854,6417,10044,8359,18162,12108,5714,12372,10247,77006,70715,0,,,
3729,MO,"Polk County, MO HUD Metro FMR Area",1p3c,1170,928,1608,1277,651,1200,1228,8063,14040,11138,19295,15326,7817,14395,14741,96752,70715,0,,,
3729,MO,"Polk County, MO HUD Metro FMR Area",1p4c,1170,1136,1747,1344,716,1200,1490,8803,14040,13637,20969,16130,8593,14395,17874,105638,70715,0,,,
3729,MO,"Polk County, MO HUD Metro FMR Area",2p0c,681,591,1322,945,395,0,679,4613,8172,7087,15867,11341,4737,0,8150,55354,70715,0,,,
3729,MO,"Polk County, MO HUD Metro FMR Area",2p1c,837,733,1443,1213,487,483,809,6005,10044,8793,17320,14559,5848,5798,9702,72065,70715,0,,,
3729,MO,"Polk County, MO HUD Metro FMR Area",2p2c,837,932,1531,1482,549,1031,906,7267,10044,11182,18375,17778,6590,12372,10867,87208,70715,0,,,
3729,MO,"Polk County, MO HUD Metro FMR Area",2p3c,1170,1137,1666,1750,716,1200,1129,8768,14040,13641,19990,20997,8594,14395,13553,105210,70715,0,,,
3729,MO,"Polk County, MO HUD Metro FMR Area",2p4c,1170,1391,1721,1817,795,1200,1332,9426,14040,16697,20648,21800,9543,14395,15989,113112,70715,0,,,
3730,OH,"Springfield, OH MSA",1p0c,728,318,1027,432,325,0,566,3397,8736,3819,12324,5189,3898,0,6792,40759,76742,0,,,
3730,OH,"Springfield, OH MSA",1p1c,1061,467,1267,677,474,887,762,5595,12732,5601,15199,8120,5692,10646,9146,67136,76742,0,,,
3730,OH,"Springfield, OH MSA",1p2c,1061,688,1459,921,543,1526,983,7181,12732,8259,17508,11051,6517,18311,11798,86176,76742,0,,,
3730,OH,"Springfield, OH MSA",1p3c,1292,917,1554,1165,686,1722,1273,8610,15504,11005,18645,13982,8230,20669,15281,103316,76742,0,,,
3730,OH,"Springfield, OH MSA",1p4c,1292,1123,1622,1229,750,1722,1479,9216,15504,13474,19459,14750,8997,20669,17745,110597,76742,0,,,
3730,OH,"Springfield, OH MSA",2p0c,809,584,1219,865,432,0,655,4563,9708,7002,14626,10379,5188,0,7858,54761,76742,0,,,
3730,OH,"Springfield, OH MSA",2p1c,1061,724,1404,1109,554,887,901,6641,12732,8688,16853,13310,6650,10646,10812,79690,76742,0,,,
3730,OH,"Springfield, OH MSA",2p2c,1061,921,1494,1353,615,1526,978,7948,12732,11048,17927,16240,7383,18311,11730,95372,76742,0,,,
3730,OH,"Springfield, OH MSA",2p3c,1292,1123,1558,1598,750,1722,1131,9174,15504,13478,18694,19171,8998,20669,13569,110084,76742,0,,,
3730,OH,"Springfield, OH MSA",2p4c,1292,1375,1609,1662,828,1722,1304,9792,15504,16498,19312,19939,9936,20669,15648,117505,76742,0,,,
3731,PA,"State College, PA MSA",1p0c,1226,375,1108,463,497,0,877,4546,14712,4500,13290,5560,5965,0,10522,54550,108006,0,,,
3731,PA,"State College, PA MSA",1p1c,1431,550,1381,736,615,1208,1266,7186,17172,6599,16569,8834,7380,14496,15187,86236,108006,0,,,
3731,PA,"State College, PA MSA",1p2c,1431,811,1520,1009,696,2029,1706,9202,17172,9731,18238,12108,8353,24353,20467,110422,108006,0,,,
3731,PA,"State College, PA MSA",1p3c,1743,1081,1677,1282,877,2282,2220,11162,20916,12967,20127,15382,10520,27386,26644,133942,108006,0,,,
3731,PA,"State College, PA MSA",1p4c,1743,1323,1744,1350,952,2282,2446,11840,20916,15876,20928,16204,11423,27386,29350,142083,108006,0,,,
3731,PA,"State College, PA MSA",2p0c,1234,688,1328,927,597,0,998,5771,14808,8250,15940,11120,7159,0,11976,69253,108006,0,,,
3731,PA,"State College, PA MSA",2p1c,1431,853,1461,1200,709,1208,1329,8190,17172,10237,17531,14394,8510,14496,15944,98283,108006,0,,,
3731,PA,"State College, PA MSA",2p2c,1431,1085,1613,1472,781,2029,1622,10034,17172,13018,19361,17668,9373,24353,19464,120409,108006,0,,,
3731,PA,"State College, PA MSA",2p3c,1743,1323,1677,1745,952,2282,1980,11702,20916,15881,20118,20942,11424,27386,23755,140423,108006,0,,,
3731,PA,"State College, PA MSA",2p4c,1743,1620,1726,1814,1044,2282,2230,12459,20916,19438,20711,21764,12529,27386,26760,149505,108006,0,,,
3732,VA,"Staunton-Waynesboro, VA MSA",1p0c,1107,345,1097,403,451,0,878,4281,13284,4138,13168,4839,5409,0,10532,51370,88128.15871,0,,,
3732,VA,"Staunton-Waynesboro, VA MSA",1p1c,1282,506,1342,630,555,757,1022,6093,15384,6068,16100,7564,6660,9082,12261,73118,88128.15871,0,,,
3732,VA,"Staunton-Waynesboro, VA MSA",1p2c,1282,746,1537,857,630,1604,1473,8129,15384,8947,18449,10289,7554,19246,17681,97551,88128.15871,0,,,
3732,VA,"Staunton-Waynesboro, VA MSA",1p3c,1796,994,1632,1085,866,1864,2106,10342,21552,11923,19579,13014,10393,22373,25271,124104,88128.15871,0,,,
3732,VA,"Staunton-Waynesboro, VA MSA",1p4c,1796,1216,1699,1148,935,1864,2353,11012,21552,14597,20384,13779,11223,22373,28240,132149,88128.15871,0,,,
3732,VA,"Staunton-Waynesboro, VA MSA",2p0c,1114,632,1289,807,542,0,932,5315,13368,7586,15465,9678,6506,0,11179,63782,88128.15871,0,,,
3732,VA,"Staunton-Waynesboro, VA MSA",2p1c,1282,784,1478,1034,642,757,1152,7128,15384,9412,17736,12403,7699,9082,13824,85540,88128.15871,0,,,
3732,VA,"Staunton-Waynesboro, VA MSA",2p2c,1282,997,1567,1261,708,1604,1321,8740,15384,11969,18807,15128,8493,19246,15855,104881,88128.15871,0,,,
3732,VA,"Staunton-Waynesboro, VA MSA",2p3c,1796,1217,1631,1488,935,1864,1807,10738,21552,14602,19566,17853,11225,22373,21688,128859,88128.15871,0,,,
3732,VA,"Staunton-Waynesboro, VA MSA",2p4c,1796,1489,1681,1552,1020,1864,2052,11455,21552,17873,20176,18618,12240,22373,24624,137457,88128.15871,0,,,
3733,CA,"Stockton-Lodi, CA MSA",1p0c,1248,363,1116,525,500,0,886,4638,14976,4350,13389,6305,6000,0,10634,55654,98914,1,47,41,56
3733,CA,"Stockton-Lodi, CA MSA",1p1c,1736,532,1360,835,704,939,1172,7278,20832,6379,16319,10025,8448,11263,14064,87330,98914,1,47,41,56
3733,CA,"Stockton-Lodi, CA MSA",1p2c,1736,784,1554,1145,782,1425,1599,9026,20832,9407,18646,13745,9388,17099,19191,108307,98914,1,47,41,56
3733,CA,"Stockton-Lodi, CA MSA",1p3c,2433,1045,1649,1455,1080,1575,2508,11743,29196,12535,19786,17465,12956,18894,30090,140921,98914,1,47,41,56
3733,CA,"Stockton-Lodi, CA MSA",1p4c,2433,1279,1717,1537,1152,1575,2769,12461,29196,15346,20599,18439,13829,18894,33227,149531,98914,1,47,41,56
3733,CA,"Stockton-Lodi, CA MSA",2p0c,1363,665,1295,1051,630,0,916,5918,16356,7975,15538,12610,7554,0,10988,71021,98914,1,47,41,56
3733,CA,"Stockton-Lodi, CA MSA",2p1c,1736,825,1481,1361,795,939,1255,8391,20832,9895,17777,16330,9540,11263,15056,100694,98914,1,47,41,56
3733,CA,"Stockton-Lodi, CA MSA",2p2c,1736,1049,1571,1671,865,1425,1441,9757,20832,12584,18850,20050,10375,17099,17290,117079,98914,1,47,41,56
3733,CA,"Stockton-Lodi, CA MSA",2p3c,2433,1279,1634,1981,1153,1575,2134,12189,29196,15352,19612,23770,13831,18894,25609,146263,98914,1,47,41,56
3733,CA,"Stockton-Lodi, CA MSA",2p4c,2433,1566,1685,2062,1242,1575,2400,12963,29196,18790,20223,24744,14898,18894,28804,155550,98914,1,47,41,56
3734,SC,"Sumter, SC HUD Metro FMR Area",1p0c,839,316,1068,433,359,0,707,3722,10068,3796,12819,5193,4304,0,8480,44661,69653,0,,,
3734,SC,"Sumter, SC HUD Metro FMR Area",1p1c,1224,464,1263,677,524,918,889,5959,14688,5567,15152,8129,6289,11018,10665,71507,69653,0,,,
3734,SC,"Sumter, SC HUD Metro FMR Area",1p2c,1224,684,1376,922,592,1616,1174,7589,14688,8209,16514,11066,7109,19392,14086,91063,69653,0,,,
3734,SC,"Sumter, SC HUD Metro FMR Area",1p3c,1475,912,1460,1167,741,1831,1555,9139,17700,10939,17514,14003,8891,21969,18657,109673,69653,0,,,
3734,SC,"Sumter, SC HUD Metro FMR Area",1p4c,1475,1116,1521,1233,804,1831,1758,9738,17700,13393,18249,14794,9653,21969,21098,116855,69653,0,,,
3734,SC,"Sumter, SC HUD Metro FMR Area",2p0c,951,580,1210,866,475,0,744,4826,11412,6960,14522,10386,5704,0,8927,57910,69653,0,,,
3734,SC,"Sumter, SC HUD Metro FMR Area",2p1c,1224,720,1318,1110,603,918,991,6884,14688,8635,15816,13322,7241,11018,11888,82610,69653,0,,,
3734,SC,"Sumter, SC HUD Metro FMR Area",2p2c,1224,915,1397,1355,664,1616,1087,8258,14688,10982,16764,16259,7970,19392,13047,99101,69653,0,,,
3734,SC,"Sumter, SC HUD Metro FMR Area",2p3c,1475,1116,1455,1600,805,1831,1311,9592,17700,13397,17457,19196,9655,21969,15730,115102,69653,0,,,
3734,SC,"Sumter, SC HUD Metro FMR Area",2p4c,1475,1367,1570,1666,882,1831,1527,10317,17700,16398,18845,19987,10586,21969,18323,123808,69653,0,,,
3735,SC,"Clarendon County, SC HUD Metro FMR Area",1p0c,707,303,1110,437,314,0,654,3524,8484,3635,13315,5248,3763,0,7845,42289,65925,0,,,
3735,SC,"Clarendon County, SC HUD Metro FMR Area",1p1c,933,444,1343,685,428,645,672,5150,11196,5330,16120,8218,5131,7739,8069,61802,65925,0,,,
3735,SC,"Clarendon County, SC HUD Metro FMR Area",1p2c,933,655,1482,932,493,1324,865,6684,11196,7860,17788,11188,5916,15883,10378,80209,65925,0,,,
3735,SC,"Clarendon County, SC HUD Metro FMR Area",1p3c,1244,873,1585,1180,657,1532,1243,8314,14928,10473,19017,14158,7886,18389,14918,99769,65925,0,,,
3735,SC,"Clarendon County, SC HUD Metro FMR Area",1p4c,1244,1069,1660,1246,718,1532,1437,8906,14928,12823,19923,14953,8616,18389,17245,106877,65925,0,,,
3735,SC,"Clarendon County, SC HUD Metro FMR Area",2p0c,711,555,1284,875,393,0,651,4470,8532,6664,15411,10497,4718,0,7816,53636,65925,0,,,
3735,SC,"Clarendon County, SC HUD Metro FMR Area",2p1c,933,689,1414,1122,504,645,780,6087,11196,8268,16968,13466,6043,7739,9365,73045,65925,0,,,
3735,SC,"Clarendon County, SC HUD Metro FMR Area",2p2c,933,876,1509,1370,562,1324,871,7445,11196,10514,18112,16436,6740,15883,10456,89337,65925,0,,,
3735,SC,"Clarendon County, SC HUD Metro FMR Area",2p3c,1244,1069,1579,1617,718,1532,1062,8822,14928,12827,18951,19406,8617,18389,12744,105862,65925,0,,,
3735,SC,"Clarendon County, SC HUD Metro FMR Area",2p4c,1244,1308,1709,1684,792,1532,1264,9534,14928,15700,20508,20202,9509,18389,15165,114402,65925,0,,,
3736,NY,"Syracuse, NY MSA",1p0c,963,369,1044,570,413,0,857,4216,11556,4424,12525,6843,4961,0,10286,50595,95873.89254,1,33,23,63
3736,NY,"Syracuse, NY MSA",1p1c,1321,541,1342,957,578,1214,1397,7350,15852,6487,16103,11489,6936,14568,16769,88204,95873.89254,1,33,23,63
3736,NY,"Syracuse, NY MSA",1p2c,1321,797,1474,997,658,2274,1899,9420,15852,9567,17690,11967,7892,27286,22788,113041,95873.89254,1,33,23,63
3736,NY,"Syracuse, NY MSA",1p3c,1616,1062,1564,1037,832,2600,2357,11068,19392,12748,18769,12445,9978,31199,28280,132811,95873.89254,1,33,23,63
3736,NY,"Syracuse, NY MSA",1p4c,1616,1301,1627,1077,906,2600,2626,11753,19392,15607,19529,12923,10866,31199,31515,141032,95873.89254,1,33,23,63
3736,NY,"Syracuse, NY MSA",2p0c,1074,676,1290,1141,543,0,1029,5752,12888,8111,15480,13686,6520,0,12342,69026,95873.89254,1,33,23,63
3736,NY,"Syracuse, NY MSA",2p1c,1321,839,1416,1602,671,1214,1477,8539,15852,10064,16994,19224,8046,14568,17722,102469,95873.89254,1,33,23,63
3736,NY,"Syracuse, NY MSA",2p2c,1321,1067,1502,1642,741,2274,1808,10354,15852,12798,18019,19703,8895,27286,21693,124245,95873.89254,1,33,23,63
3736,NY,"Syracuse, NY MSA",2p3c,1616,1301,1561,1682,906,2600,2147,11812,19392,15613,18737,20181,10868,31199,25758,141749,95873.89254,1,33,23,63
3736,NY,"Syracuse, NY MSA",2p4c,1616,1593,1676,1722,996,2600,2498,12700,19392,19110,20112,20659,11954,31199,29976,152402,95873.89254,1,33,23,63
3737,FL,"Tallahassee, FL HUD Metro FMR Area",1p0c,1064,371,1017,453,445,0,624,3973,12768,4447,12198,5435,5345,0,7484,47677,86777.46051,0,,,
3737,FL,"Tallahassee, FL HUD Metro FMR Area",1p1c,1321,544,1243,710,579,727,688,5811,15852,6522,14915,8516,6946,8719,8259,69729,86777.46051,0,,,
3737,FL,"Tallahassee, FL HUD Metro FMR Area",1p2c,1321,801,1426,967,659,1335,870,7378,15852,9617,17110,11598,7907,16015,10437,88537,86777.46051,0,,,
3737,FL,"Tallahassee, FL HUD Metro FMR Area",1p3c,1664,1068,1515,1223,848,1522,1203,9043,19968,12815,18176,14679,10178,18260,14439,108515,86777.46051,0,,,
3737,FL,"Tallahassee, FL HUD Metro FMR Area",1p4c,1664,1307,1578,1291,923,1522,1404,9688,19968,15689,18938,15488,11071,18260,16843,116258,86777.46051,0,,,
3737,FL,"Tallahassee, FL HUD Metro FMR Area",2p0c,1181,679,1196,906,578,0,719,5259,14172,8153,14354,10869,6931,0,8625,63105,86777.46051,0,,,
3737,FL,"Tallahassee, FL HUD Metro FMR Area",2p1c,1321,843,1373,1163,672,727,827,6925,15852,10117,16478,13951,8063,8719,9923,83102,86777.46051,0,,,
3737,FL,"Tallahassee, FL HUD Metro FMR Area",2p2c,1321,1072,1458,1419,743,1335,860,8207,15852,12865,17490,17032,8916,16015,10318,98488,86777.46051,0,,,
3737,FL,"Tallahassee, FL HUD Metro FMR Area",2p3c,1664,1308,1517,1676,923,1522,1042,9652,19968,15695,18209,20114,11072,18260,12505,115823,86777.46051,0,,,
3737,FL,"Tallahassee, FL HUD Metro FMR Area",2p4c,1664,1601,1566,1744,1014,1522,1212,10321,19968,19210,18786,20923,12164,18260,14543,123855,86777.46051,0,,,
3738,FL,"Wakulla County, FL HUD Metro FMR Area",1p0c,916,355,1219,469,395,0,625,3978,10992,4258,14627,5629,4735,0,7496,47736,85783,0,,,
3738,FL,"Wakulla County, FL HUD Metro FMR Area",1p1c,1130,520,1488,736,512,638,664,5688,13560,6244,17857,8827,6148,7656,7962,68253,85783,0,,,
3738,FL,"Wakulla County, FL HUD Metro FMR Area",1p2c,1130,767,1636,1002,589,1147,779,7051,13560,9207,19635,12024,7069,13767,9352,84614,85783,0,,,
3738,FL,"Wakulla County, FL HUD Metro FMR Area",1p3c,1491,1022,1814,1269,780,1304,1132,8812,17892,12269,21768,15222,9364,15647,13584,105746,85783,0,,,
3738,FL,"Wakulla County, FL HUD Metro FMR Area",1p4c,1491,1252,1892,1337,852,1304,1332,9459,17892,15021,22699,16046,10219,15647,15988,113511,85783,0,,,
3738,FL,"Wakulla County, FL HUD Metro FMR Area",2p0c,1017,651,1423,938,518,0,720,5267,12204,7806,17077,11258,6213,0,8644,63202,85783,0,,,
3738,FL,"Wakulla County, FL HUD Metro FMR Area",2p1c,1130,807,1562,1205,601,638,789,6732,13560,9685,18744,14456,7217,7656,9468,80786,85783,0,,,
3738,FL,"Wakulla County, FL HUD Metro FMR Area",2p2c,1130,1026,1733,1471,670,1147,818,7995,13560,12317,20793,17653,8034,13767,9818,95943,85783,0,,,
3738,FL,"Wakulla County, FL HUD Metro FMR Area",2p3c,1491,1252,1805,1738,852,1304,986,9428,17892,15026,21659,20851,10220,15647,11837,113133,85783,0,,,
3738,FL,"Wakulla County, FL HUD Metro FMR Area",2p4c,1491,1533,1863,1806,939,1304,1152,10088,17892,18392,22358,21675,11265,15647,13824,121052,85783,0,,,
3739,FL,"Tampa-St. Petersburg-Clearwater, FL MSA",1p0c,1566,376,950,472,603,0,807,4774,18792,4513,11399,5669,7236,0,9682,57291,89972.94146,1,57,14,75
3739,FL,"Tampa-St. Petersburg-Clearwater, FL MSA",1p1c,1978,552,1159,741,785,847,1011,7073,23736,6619,13903,8890,9424,10167,12135,84873,89972.94146,1,57,14,75
3739,FL,"Tampa-St. Petersburg-Clearwater, FL MSA",1p2c,1978,813,1330,1009,867,1464,1277,8738,23736,9760,15960,12111,10400,17569,15321,104857,89972.94146,1,57,14,75
3739,FL,"Tampa-St. Petersburg-Clearwater, FL MSA",1p3c,2533,1084,1414,1278,1123,1654,1770,10855,30396,13005,16968,15333,13475,19846,21240,130264,89972.94146,1,57,14,75
3739,FL,"Tampa-St. Petersburg-Clearwater, FL MSA",1p4c,2533,1327,1474,1347,1198,1654,1980,11513,30396,15923,17688,16159,14381,19846,23756,138150,89972.94146,1,57,14,75
3739,FL,"Tampa-St. Petersburg-Clearwater, FL MSA",2p0c,1686,690,1117,945,738,0,874,6049,20232,8275,13407,11337,8851,0,10491,72593,89972.94146,1,57,14,75
3739,FL,"Tampa-St. Petersburg-Clearwater, FL MSA",2p1c,1978,856,1283,1213,880,847,1062,8119,23736,10267,15400,14559,10557,10167,12739,97424,89972.94146,1,57,14,75
3739,FL,"Tampa-St. Petersburg-Clearwater, FL MSA",2p2c,1978,1088,1363,1482,952,1464,1174,9501,23736,13056,16358,17780,11423,17569,14087,114010,89972.94146,1,57,14,75
3739,FL,"Tampa-St. Petersburg-Clearwater, FL MSA",2p3c,2533,1327,1420,1750,1199,1654,1527,11410,30396,15928,17041,21001,14382,19846,18329,136923,89972.94146,1,57,14,75
3739,FL,"Tampa-St. Petersburg-Clearwater, FL MSA",2p4c,2533,1625,1466,1819,1291,1654,1741,12129,30396,19496,17593,21828,15490,19846,20897,145547,89972.94146,1,57,14,75
3740,IN,"Parke County, IN HUD Metro FMR Area",1p0c,751,315,1168,453,331,0,678,3696,9012,3785,14012,5440,3973,0,8133,44355,72262,0,,,
3740,IN,"Parke County, IN HUD Metro FMR Area",1p1c,992,463,1442,710,452,866,848,5772,11904,5550,17299,8521,5419,10390,10179,69262,72262,0,,,
3740,IN,"Parke County, IN HUD Metro FMR Area",1p2c,992,682,1593,967,520,1539,1088,7381,11904,8184,19118,11601,6237,18467,13061,88572,72262,0,,,
3740,IN,"Parke County, IN HUD Metro FMR Area",1p3c,1310,909,1772,1224,689,1746,1500,9150,15720,10905,21268,14682,8266,20952,18000,109794,72262,0,,,
3740,IN,"Parke County, IN HUD Metro FMR Area",1p4c,1310,1113,1852,1289,752,1746,1708,9770,15720,13352,22226,15468,9026,20952,20501,117245,72262,0,,,
3740,IN,"Parke County, IN HUD Metro FMR Area",2p0c,756,578,1380,907,414,0,772,4807,9072,6939,16560,10880,4971,0,9259,57681,72262,0,,,
3740,IN,"Parke County, IN HUD Metro FMR Area",2p1c,992,717,1522,1163,531,866,999,6790,11904,8609,18264,13961,6369,10390,11988,81485,72262,0,,,
3740,IN,"Parke County, IN HUD Metro FMR Area",2p2c,992,912,1694,1420,591,1539,1108,8256,11904,10948,20327,17041,7095,18467,13294,99076,72262,0,,,
3740,IN,"Parke County, IN HUD Metro FMR Area",2p3c,1310,1113,1768,1677,752,1746,1335,9701,15720,13356,21217,20122,9027,20952,16019,116414,72262,0,,,
3740,IN,"Parke County, IN HUD Metro FMR Area",2p4c,1310,1362,1828,1742,830,1746,1517,10335,15720,16348,21936,20909,9956,20952,18204,124025,72262,0,,,
3741,IN,"Terre Haute, IN HUD Metro FMR Area",1p0c,783,312,1038,453,340,0,650,3577,9396,3747,12455,5440,4080,0,7805,42924,76164.47821,0,,,
3741,IN,"Terre Haute, IN HUD Metro FMR Area",1p1c,995,458,1265,710,451,860,793,5532,11940,5494,15182,8521,5413,10317,9519,66386,76164.47821,0,,,
3741,IN,"Terre Haute, IN HUD Metro FMR Area",1p2c,995,675,1390,967,519,1528,993,7066,11940,8102,16674,11601,6222,18336,11916,84792,76164.47821,0,,,
3741,IN,"Terre Haute, IN HUD Metro FMR Area",1p3c,1199,900,1541,1224,652,1734,1292,8540,14388,10796,18497,14682,7819,20804,15498,102484,76164.47821,0,,,
3741,IN,"Terre Haute, IN HUD Metro FMR Area",1p4c,1199,1102,1607,1289,714,1734,1486,9130,14388,13218,19280,15468,8571,20804,17833,109563,76164.47821,0,,,
3741,IN,"Terre Haute, IN HUD Metro FMR Area",2p0c,788,572,1215,907,422,0,734,4638,9456,6869,14580,10880,5068,0,8802,55656,76164.47821,0,,,
3741,IN,"Terre Haute, IN HUD Metro FMR Area",2p1c,995,710,1333,1163,529,860,939,6530,11940,8523,15993,13961,6353,10317,11271,78357,76164.47821,0,,,
3741,IN,"Terre Haute, IN HUD Metro FMR Area",2p2c,995,903,1480,1420,589,1528,1038,7954,11940,10838,17755,17041,7072,18336,12461,95445,76164.47821,0,,,
3741,IN,"Terre Haute, IN HUD Metro FMR Area",2p3c,1199,1102,1541,1677,714,1734,1172,9139,14388,13222,18492,20122,8572,20804,14063,109663,76164.47821,0,,,
3741,IN,"Terre Haute, IN HUD Metro FMR Area",2p4c,1199,1349,1591,1742,791,1734,1341,9746,14388,16184,19087,20909,9492,20804,16092,116956,76164.47821,0,,,
3742,IN,"Sullivan County, IN HUD Metro FMR Area",1p0c,645,319,1146,453,299,0,632,3494,7740,3831,13752,5440,3592,0,7578,41933,70470,0,,,
3742,IN,"Sullivan County, IN HUD Metro FMR Area",1p1c,941,468,1408,710,438,854,817,5635,11292,5618,16893,8521,5250,10243,9802,67618,70470,0,,,
3742,IN,"Sullivan County, IN HUD Metro FMR Area",1p2c,941,690,1552,967,507,1517,1036,7210,11292,8284,18624,11601,6078,18205,12437,86521,70470,0,,,
3742,IN,"Sullivan County, IN HUD Metro FMR Area",1p3c,1134,920,1724,1224,638,1721,1348,8708,13608,11038,20689,14682,7652,20655,16174,104498,70470,0,,,
3742,IN,"Sullivan County, IN HUD Metro FMR Area",1p4c,1134,1126,1800,1289,702,1721,1554,9326,13608,13515,21599,15468,8421,20655,18647,111913,70470,0,,,
3742,IN,"Sullivan County, IN HUD Metro FMR Area",2p0c,717,585,1348,907,404,0,750,4711,8604,7023,16172,10880,4852,0,8999,56530,70470,0,,,
3742,IN,"Sullivan County, IN HUD Metro FMR Area",2p1c,941,726,1483,1163,518,854,967,6652,11292,8714,17795,13961,6211,10243,11607,79823,70470,0,,,
3742,IN,"Sullivan County, IN HUD Metro FMR Area",2p2c,941,924,1648,1420,579,1517,1072,8101,11292,11082,19777,17041,6946,18205,12866,97209,70470,0,,,
3742,IN,"Sullivan County, IN HUD Metro FMR Area",2p3c,1134,1127,1719,1677,702,1721,1217,9296,13608,13519,20624,20122,8422,20655,14606,111556,70470,0,,,
3742,IN,"Sullivan County, IN HUD Metro FMR Area",2p4c,1134,1379,1776,1742,780,1721,1394,9927,13608,16547,21307,20909,9362,20655,16733,119121,70470,0,,,
3743,AR,"Texarkana, TX-Texarkana, AR HUD Metro FMR Area",1p0c,848,318,1060,493,362,0,730,3811,10176,3812,12724,5917,4343,0,8761,45732,69245.8137,0,,,
3743,AR,"Texarkana, TX-Texarkana, AR HUD Metro FMR Area",1p1c,1071,466,1282,774,477,601,855,5525,12852,5590,15385,9287,5726,7207,10255,66301,69245.8137,0,,,
3743,AR,"Texarkana, TX-Texarkana, AR HUD Metro FMR Area",1p2c,1071,687,1407,1055,546,1146,1062,6973,12852,8243,16878,12657,6549,13748,12745,83672,69245.8137,0,,,
3743,AR,"Texarkana, TX-Texarkana, AR HUD Metro FMR Area",1p3c,1327,915,1495,1336,696,1313,1492,8575,15924,10984,17944,16027,8354,15760,17909,102902,69245.8137,0,,,
3743,AR,"Texarkana, TX-Texarkana, AR HUD Metro FMR Area",1p4c,1327,1121,1628,1406,760,1313,1772,9327,15924,13448,19540,16872,9119,15760,21264,111927,69245.8137,0,,,
3743,AR,"Texarkana, TX-Texarkana, AR HUD Metro FMR Area",2p0c,853,582,1232,986,446,0,773,4872,10236,6989,14784,11834,5348,0,9278,58468,69245.8137,0,,,
3743,AR,"Texarkana, TX-Texarkana, AR HUD Metro FMR Area",2p1c,1071,723,1350,1267,557,601,955,6523,12852,8671,16203,15204,6682,7207,11457,78277,69245.8137,0,,,
3743,AR,"Texarkana, TX-Texarkana, AR HUD Metro FMR Area",2p2c,1071,919,1435,1548,618,1146,1033,7769,12852,11027,17214,18574,7414,13748,12400,93228,69245.8137,0,,,
3743,AR,"Texarkana, TX-Texarkana, AR HUD Metro FMR Area",2p3c,1327,1121,1564,1829,760,1313,1254,9167,15924,13452,18765,21944,9121,15760,15042,110009,69245.8137,0,,,
3743,AR,"Texarkana, TX-Texarkana, AR HUD Metro FMR Area",2p4c,1327,1372,1616,1899,838,1313,1463,9828,15924,16466,19386,22789,10056,15760,17554,117934,69245.8137,0,,,
3744,TX,"Texarkana, TX-Texarkana, AR HUD Metro FMR Area",1p0c,848,318,1060,493,362,0,558,3639,10176,3812,12724,5917,4343,0,6696,43667,69245.8137,,,,
3744,TX,"Texarkana, TX-Texarkana, AR HUD Metro FMR Area",1p1c,1071,466,1282,774,477,601,577,5248,12852,5590,15385,9287,5726,7207,6924,62970,69245.8137,,,,
3744,TX,"Texarkana, TX-Texarkana, AR HUD Metro FMR Area",1p2c,1071,687,1407,1055,546,1146,659,6569,12852,8243,16878,12657,6549,13748,7905,78832,69245.8137,,,,
3744,TX,"Texarkana, TX-Texarkana, AR HUD Metro FMR Area",1p3c,1327,915,1495,1336,696,1313,873,7956,15924,10984,17944,16027,8354,15760,10472,95466,69245.8137,,,,
3744,TX,"Texarkana, TX-Texarkana, AR HUD Metro FMR Area",1p4c,1327,1121,1628,1406,760,1313,1076,8632,15924,13448,19540,16872,9119,15760,12917,103580,69245.8137,,,,
3744,TX,"Texarkana, TX-Texarkana, AR HUD Metro FMR Area",2p0c,853,582,1232,986,446,0,611,4710,10236,6989,14784,11834,5348,0,7330,56520,69245.8137,,,,
3744,TX,"Texarkana, TX-Texarkana, AR HUD Metro FMR Area",2p1c,1071,723,1350,1267,557,601,697,6266,12852,8671,16203,15204,6682,7207,8368,75188,69245.8137,,,,
3744,TX,"Texarkana, TX-Texarkana, AR HUD Metro FMR Area",2p2c,1071,919,1435,1548,618,1146,711,7446,12852,11027,17214,18574,7414,13748,8526,89354,69245.8137,,,,
3744,TX,"Texarkana, TX-Texarkana, AR HUD Metro FMR Area",2p3c,1327,1121,1564,1829,760,1313,818,8732,15924,13452,18765,21944,9121,15760,9819,104786,69245.8137,,,,
3744,TX,"Texarkana, TX-Texarkana, AR HUD Metro FMR Area",2p4c,1327,1372,1616,1899,838,1313,962,9327,15924,16466,19386,22789,10056,15760,11539,111919,69245.8137,,,,
3745,AR,"Little River County, AR HUD Metro FMR Area",1p0c,642,321,1149,481,299,0,668,3560,7704,3854,13784,5770,3588,0,8014,42714,73583,0,,,
3745,AR,"Little River County, AR HUD Metro FMR Area",1p1c,848,471,1390,754,410,672,811,5355,10176,5651,16676,9052,4914,8063,9732,64264,73583,0,,,
3745,AR,"Little River County, AR HUD Metro FMR Area",1p2c,848,695,1531,1028,479,1223,1009,6812,10176,8334,18373,12334,5747,14671,12112,81746,73583,0,,,
3745,AR,"Little River County, AR HUD Metro FMR Area",1p3c,1123,925,1635,1301,636,1392,1452,8464,13476,11105,19620,15616,7632,16705,17420,101573,73583,0,,,
3745,AR,"Little River County, AR HUD Metro FMR Area",1p4c,1123,1133,1712,1371,700,1392,1695,9125,13476,13596,20539,16450,8405,16705,20335,109505,73583,0,,,
3745,AR,"Little River County, AR HUD Metro FMR Area",2p0c,646,589,1330,962,383,0,712,4622,7752,7066,15960,11540,4600,0,8546,55463,73583,0,,,
3745,AR,"Little River County, AR HUD Metro FMR Area",2p1c,848,731,1463,1235,490,672,912,6350,10176,8767,17551,14822,5881,8063,10944,76203,73583,0,,,
3745,AR,"Little River County, AR HUD Metro FMR Area",2p2c,848,929,1560,1509,552,1223,994,7614,10176,11149,18717,18104,6621,14671,11930,91367,73583,0,,,
3745,AR,"Little River County, AR HUD Metro FMR Area",2p3c,1123,1133,1631,1782,701,1392,1184,8946,13476,13601,19571,21386,8407,16705,14212,107356,73583,0,,,
3745,AR,"Little River County, AR HUD Metro FMR Area",2p4c,1123,1387,1765,1852,779,1392,1430,9728,13476,16647,21175,22220,9352,16705,17165,116740,73583,0,,,
3746,FL,"The Villages, FL MSA",1p0c,1038,385,904,482,442,0,599,3849,12456,4616,10844,5779,5300,0,7191,46185,88255,0,,,
3746,FL,"The Villages, FL MSA",1p1c,1371,564,1189,756,601,887,769,6137,16452,6768,14272,9066,7209,10646,9224,73638,88255,0,,,
3746,FL,"The Villages, FL MSA",1p2c,1371,832,1415,1029,684,1622,1058,8012,16452,9981,16982,12353,8207,19467,12696,96138,88255,0,,,
3746,FL,"The Villages, FL MSA",1p3c,1705,1108,1539,1303,873,1848,1446,9823,20460,13299,18468,15641,10481,22181,17349,117879,88255,0,,,
3746,FL,"The Villages, FL MSA",1p4c,1705,1357,1630,1373,951,1848,1668,10531,20460,16283,19555,16475,11408,22181,20015,126376,88255,0,,,
3746,FL,"The Villages, FL MSA",2p0c,1045,705,1147,963,543,0,685,5089,12540,8462,13764,11557,6520,0,8224,61068,88255,0,,,
3746,FL,"The Villages, FL MSA",2p1c,1371,875,1361,1237,697,887,908,7336,16452,10499,16327,14845,8368,10646,10891,88028,88255,0,,,
3746,FL,"The Villages, FL MSA",2p2c,1371,1113,1475,1511,771,1622,1019,8882,16452,13352,17695,18132,9253,19467,12227,106578,88255,0,,,
3746,FL,"The Villages, FL MSA",2p3c,1705,1357,1557,1785,951,1848,1245,10449,20460,16288,18688,21419,11409,22181,14939,125385,88255,0,,,
3746,FL,"The Villages, FL MSA",2p4c,1705,1661,1624,1855,1045,1848,1466,11205,20460,19937,19492,22254,12542,22181,17596,134461,88255,0,,,
3747,OH,"Ottawa County, OH HUD Metro FMR Area",1p0c,677,355,1099,462,320,0,590,3503,8124,4258,13190,5539,3844,0,7079,42034,97140,0,,,
3747,OH,"Ottawa County, OH HUD Metro FMR Area",1p1c,988,520,1373,723,468,887,800,5760,11856,6244,16475,8679,5619,10646,9601,69121,97140,0,,,
3747,OH,"Ottawa County, OH HUD Metro FMR Area",1p2c,988,767,1587,985,545,1526,1071,7469,11856,9207,19048,11819,6539,18311,12848,89630,97140,0,,,
3747,OH,"Ottawa County, OH HUD Metro FMR Area",1p3c,1190,1022,1694,1247,687,1722,1395,8957,14280,12269,20328,14960,8243,20669,16736,107484,97140,0,,,
3747,OH,"Ottawa County, OH HUD Metro FMR Area",1p4c,1190,1252,1770,1313,758,1722,1623,9628,14280,15021,21242,15753,9097,20669,19472,115535,97140,0,,,
3747,OH,"Ottawa County, OH HUD Metro FMR Area",2p0c,753,651,1317,923,436,0,707,4787,9036,7806,15809,11079,5229,0,8487,57445,97140,0,,,
3747,OH,"Ottawa County, OH HUD Metro FMR Area",2p1c,988,807,1523,1185,557,887,970,6917,11856,9685,18271,14219,6688,10646,11640,83005,97140,0,,,
3747,OH,"Ottawa County, OH HUD Metro FMR Area",2p2c,988,1026,1622,1447,625,1526,1056,8290,11856,12317,19466,17359,7505,18311,12671,99485,97140,0,,,
3747,OH,"Ottawa County, OH HUD Metro FMR Area",2p3c,1190,1252,1693,1708,758,1722,1244,9569,14280,15026,20316,20499,9099,20669,14933,114822,97140,0,,,
3747,OH,"Ottawa County, OH HUD Metro FMR Area",2p4c,1190,1533,1750,1774,845,1722,1442,10257,14280,18392,20997,21293,10144,20669,17309,123083,97140,0,,,
3748,OH,"Toledo, OH HUD Metro FMR Area",1p0c,745,336,991,447,336,0,573,3428,8940,4028,11894,5367,4026,0,6875,41130,85807.76218,0,,,
3748,OH,"Toledo, OH HUD Metro FMR Area",1p1c,1056,492,1220,700,481,1081,821,5851,12672,5906,14642,8403,5768,12972,9852,70215,85807.76218,0,,,
3748,OH,"Toledo, OH HUD Metro FMR Area",1p2c,1056,726,1404,953,553,1797,1116,7605,12672,8709,16844,11440,6638,21565,13388,91256,85807.76218,0,,,
3748,OH,"Toledo, OH HUD Metro FMR Area",1p3c,1371,967,1493,1206,726,2017,1512,9293,16452,11605,17920,14477,8711,24209,18140,111515,85807.76218,0,,,
3748,OH,"Toledo, OH HUD Metro FMR Area",1p4c,1371,1184,1557,1272,793,2017,1725,9920,16452,14209,18688,15258,9519,24209,20705,119040,85807.76218,0,,,
3748,OH,"Toledo, OH HUD Metro FMR Area",2p0c,805,615,1175,894,441,0,661,4592,9660,7384,14103,10733,5292,0,7933,55105,85807.76218,0,,,
3748,OH,"Toledo, OH HUD Metro FMR Area",2p1c,1056,764,1353,1148,565,1081,976,6941,12672,9162,16234,13770,6779,12972,11706,83294,85807.76218,0,,,
3748,OH,"Toledo, OH HUD Metro FMR Area",2p2c,1056,971,1438,1401,629,1797,1073,8365,12672,11651,17255,16807,7552,21565,12877,100377,85807.76218,0,,,
3748,OH,"Toledo, OH HUD Metro FMR Area",2p3c,1371,1184,1498,1654,793,2017,1325,9843,16452,14213,17981,19843,9521,24209,15899,118119,85807.76218,0,,,
3748,OH,"Toledo, OH HUD Metro FMR Area",2p4c,1371,1450,1547,1719,876,2017,1514,10494,16452,17397,18562,20624,10509,24209,18171,125925,85807.76218,0,,,
3749,KS,"Topeka, KS MSA",1p0c,747,349,1056,492,340,0,709,3693,8964,4188,12666,5903,4083,0,8507,44310,89227.61346,0,,,
3749,KS,"Topeka, KS MSA",1p1c,985,512,1355,772,465,695,856,5639,11820,6141,16261,9261,5576,8338,10274,67671,89227.61346,0,,,
3749,KS,"Topeka, KS MSA",1p2c,985,755,1489,1052,540,1113,1012,6944,11820,9055,17864,12618,6481,13351,12141,83331,89227.61346,0,,,
3749,KS,"Topeka, KS MSA",1p3c,1280,1006,1580,1331,710,1241,1379,8526,15360,12067,18960,15976,8515,14893,16543,102314,89227.61346,0,,,
3749,KS,"Topeka, KS MSA",1p4c,1280,1231,1645,1400,780,1241,1609,9185,15360,14774,19736,16797,9356,14893,19308,110223,89227.61346,0,,,
3749,KS,"Topeka, KS MSA",2p0c,752,640,1305,984,432,0,789,4902,9024,7677,15656,11806,5185,0,9470,58819,89227.61346,0,,,
3749,KS,"Topeka, KS MSA",2p1c,985,794,1432,1264,552,695,1002,6724,11820,9526,17182,15163,6627,8338,12026,80682,89227.61346,0,,,
3749,KS,"Topeka, KS MSA",2p2c,985,1010,1518,1543,619,1113,1037,7825,11820,12114,18219,18521,7431,13351,12445,93902,89227.61346,0,,,
3749,KS,"Topeka, KS MSA",2p3c,1280,1232,1579,1823,780,1241,1238,9173,15360,14779,18951,21879,9357,14893,14853,110072,89227.61346,0,,,
3749,KS,"Topeka, KS MSA",2p4c,1280,1507,1628,1892,865,1241,1446,9859,15360,18089,19533,22699,10385,14893,17347,118306,89227.61346,0,,,
3750,NJ,"Trenton, NJ MSA",1p0c,1391,389,1062,465,553,0,904,4763,16692,4662,12742,5580,6630,0,10849,57155,124699,0,,,
3750,NJ,"Trenton, NJ MSA",1p1c,2028,570,1308,720,807,1452,1610,8494,24336,6836,15694,8635,9678,17427,19316,101922,124699,0,,,
3750,NJ,"Trenton, NJ MSA",1p2c,2028,840,1431,974,890,2204,2097,10465,24336,10080,17177,11690,10685,26449,25158,125575,124699,0,,,
3750,NJ,"Trenton, NJ MSA",1p3c,2443,1119,1573,1229,1106,2435,2718,12624,29316,13432,18876,14744,13272,29225,32617,151482,124699,0,,,
3750,NJ,"Trenton, NJ MSA",1p4c,2443,1371,1631,1295,1184,2435,2924,13283,29316,16446,19576,15539,14208,29225,35082,159391,124699,0,,,
3750,NJ,"Trenton, NJ MSA",2p0c,1605,712,1265,930,719,0,1017,6248,19260,8546,15181,11161,8633,0,12198,74979,124699,0,,,
3750,NJ,"Trenton, NJ MSA",2p1c,2028,884,1383,1185,904,1452,1588,9424,24336,10604,16599,14215,10848,17427,19054,113084,124699,0,,,
3750,NJ,"Trenton, NJ MSA",2p2c,2028,1124,1521,1439,979,2204,1986,11280,24336,13485,18250,17270,11742,26449,23832,135364,124699,0,,,
3750,NJ,"Trenton, NJ MSA",2p3c,2443,1371,1576,1694,1184,2435,2481,13185,29316,16451,18915,20325,14209,29225,29773,158214,124699,0,,,
3750,NJ,"Trenton, NJ MSA",2p4c,2443,1678,1619,1760,1279,2435,2753,13969,29316,20136,19433,21120,15353,29225,33040,167623,124699,0,,,
3751,AZ,"Tucson, AZ MSA",1p0c,941,338,1004,385,397,0,637,3702,11292,4050,12053,4615,4763,0,7647,44420,87639,1,80,31,83
3751,AZ,"Tucson, AZ MSA",1p1c,1373,495,1231,610,580,925,848,6062,16476,5939,14772,7323,6959,11102,10172,72744,87639,1,80,31,83
3751,AZ,"Tucson, AZ MSA",1p2c,1373,730,1358,836,653,1790,1183,7922,16476,8758,16298,10031,7834,21474,14193,95065,87639,1,80,31,83
3751,AZ,"Tucson, AZ MSA",1p3c,1924,973,1511,1062,899,2056,1789,10212,23088,11670,18128,12739,10791,24666,21462,122545,87639,1,80,31,83
3751,AZ,"Tucson, AZ MSA",1p4c,1924,1191,1579,1133,967,2056,2016,10864,23088,14288,18943,13590,11604,24666,24186,130365,87639,1,80,31,83
3751,AZ,"Tucson, AZ MSA",2p0c,1052,619,1178,769,519,0,701,4837,12624,7425,14130,9230,6225,0,8413,58047,87639,1,80,31,83
3751,AZ,"Tucson, AZ MSA",2p1c,1373,768,1298,995,665,925,948,6971,16476,9213,15572,11938,7976,11102,11371,83647,87639,1,80,31,83
3751,AZ,"Tucson, AZ MSA",2p2c,1373,976,1445,1221,729,1790,1107,8640,16476,11716,17337,14646,8753,21474,13279,103680,87639,1,80,31,83
3751,AZ,"Tucson, AZ MSA",2p3c,1924,1191,1508,1446,967,2056,1504,10596,23088,14293,18101,17354,11606,24666,18045,127153,87639,1,80,31,83
3751,AZ,"Tucson, AZ MSA",2p4c,1924,1458,1560,1517,1050,2056,1725,11290,23088,17494,18724,18205,12600,24666,20705,135482,87639,1,80,31,83
3752,OK,"Tulsa, OK HUD Metro FMR Area",1p0c,890,351,1055,452,385,0,750,3883,10680,4213,12656,5421,4624,0,8999,46594,87210.73296,1,81,38,85
3752,OK,"Tulsa, OK HUD Metro FMR Area",1p1c,1179,515,1294,708,526,948,970,6140,14148,6179,15527,8494,6311,11379,11641,73678,87210.73296,1,81,38,85
3752,OK,"Tulsa, OK HUD Metro FMR Area",1p2c,1179,759,1485,964,602,1568,1299,7856,14148,9111,17823,11567,7221,18818,15588,94276,87210.73296,1,81,38,85
3752,OK,"Tulsa, OK HUD Metro FMR Area",1p3c,1555,1012,1578,1220,797,1759,1814,9734,18660,12141,18931,14640,9563,21107,21763,116805,87210.73296,1,81,38,85
3752,OK,"Tulsa, OK HUD Metro FMR Area",1p4c,1555,1239,1644,1287,867,1759,2062,10413,18660,14864,19722,15448,10408,21107,24744,124953,87210.73296,1,81,38,85
3752,OK,"Tulsa, OK HUD Metro FMR Area",2p0c,950,644,1245,903,495,0,836,5073,11400,7725,14940,10841,5938,0,10030,60874,87210.73296,1,81,38,85
3752,OK,"Tulsa, OK HUD Metro FMR Area",2p1c,1179,799,1430,1160,614,948,1145,7274,14148,9584,17158,13914,7368,11379,13739,87291,87210.73296,1,81,38,85
3752,OK,"Tulsa, OK HUD Metro FMR Area",2p2c,1179,1016,1517,1416,681,1568,1260,8637,14148,12188,18207,16987,8177,18818,15116,103642,87210.73296,1,81,38,85
3752,OK,"Tulsa, OK HUD Metro FMR Area",2p3c,1555,1239,1579,1672,868,1759,1604,10275,18660,14869,18952,20060,10410,21107,19246,123304,87210.73296,1,81,38,85
3752,OK,"Tulsa, OK HUD Metro FMR Area",2p4c,1555,1517,1629,1739,954,1759,1836,10988,18660,18200,19547,20868,11444,21107,22027,131853,87210.73296,1,81,38,85
3753,OK,"Okmulgee County, OK HUD Metro FMR Area",1p0c,731,321,1101,449,327,0,683,3612,8772,3854,13209,5389,3920,0,8195,43339,68559,0,,,
3753,OK,"Okmulgee County, OK HUD Metro FMR Area",1p1c,910,471,1341,704,429,891,824,5570,10920,5651,16095,8444,5145,10697,9888,66840,68559,0,,,
3753,OK,"Okmulgee County, OK HUD Metro FMR Area",1p2c,910,695,1479,958,498,1474,1027,7041,10920,8334,17748,11498,5978,17690,12322,84490,68559,0,,,
3753,OK,"Okmulgee County, OK HUD Metro FMR Area",1p3c,1229,925,1579,1213,669,1653,1403,8671,14748,11105,18943,14552,8027,19841,16841,104057,68559,0,,,
3753,OK,"Okmulgee County, OK HUD Metro FMR Area",1p4c,1229,1133,1721,1280,733,1653,1706,9455,14748,13596,20650,15358,8800,19841,20466,113460,68559,0,,,
3753,OK,"Okmulgee County, OK HUD Metro FMR Area",2p0c,736,589,1283,898,411,0,732,4649,8832,7066,15400,10779,4936,0,8780,55792,68559,0,,,
3753,OK,"Okmulgee County, OK HUD Metro FMR Area",2p1c,910,731,1412,1153,509,891,973,6579,10920,8767,16947,13833,6112,10697,11676,78952,68559,0,,,
3753,OK,"Okmulgee County, OK HUD Metro FMR Area",2p2c,910,929,1505,1407,571,1474,1052,7848,10920,11149,18060,16887,6852,17690,12619,94176,68559,0,,,
3753,OK,"Okmulgee County, OK HUD Metro FMR Area",2p3c,1229,1133,1642,1662,733,1653,1313,9366,14748,13601,19704,19942,8801,19841,15759,112396,68559,0,,,
3753,OK,"Okmulgee County, OK HUD Metro FMR Area",2p4c,1229,1387,1699,1729,812,1653,1519,10029,14748,16647,20391,20748,9747,19841,18230,120353,68559,0,,,
3754,OK,"Pawnee County, OK HUD Metro FMR Area",1p0c,643,336,1157,483,304,0,681,3604,7716,4027,13887,5795,3646,0,8171,43242,72250,0,,,
3754,OK,"Pawnee County, OK HUD Metro FMR Area",1p1c,937,492,1410,758,444,926,896,5862,11244,5905,16919,9093,5324,11106,10755,70346,72250,0,,,
3754,OK,"Pawnee County, OK HUD Metro FMR Area",1p2c,937,726,1553,1033,516,1531,1162,7457,11244,8708,18635,12390,6195,18366,13941,89479,72250,0,,,
3754,OK,"Pawnee County, OK HUD Metro FMR Area",1p3c,1231,967,1655,1307,682,1717,1602,9161,14772,11604,19862,15687,8189,20600,19219,109933,72250,0,,,
3754,OK,"Pawnee County, OK HUD Metro FMR Area",1p4c,1231,1184,1802,1377,750,1717,1889,9950,14772,14207,21628,16523,8997,20600,22670,119397,72250,0,,,
3754,OK,"Pawnee County, OK HUD Metro FMR Area",2p0c,748,615,1347,966,423,0,791,4890,8976,7383,16160,11591,5079,0,9486,58674,72250,0,,,
3754,OK,"Pawnee County, OK HUD Metro FMR Area",2p1c,937,763,1481,1241,528,926,1061,6936,11244,9160,17767,14888,6335,11106,12736,83236,72250,0,,,
3754,OK,"Pawnee County, OK HUD Metro FMR Area",2p2c,937,971,1576,1515,592,1531,1158,8280,11244,11649,18910,18185,7108,18366,13900,99362,72250,0,,,
3754,OK,"Pawnee County, OK HUD Metro FMR Area",2p3c,1231,1184,1718,1790,750,1717,1469,9859,14772,14211,20611,21483,8999,20600,17627,118302,72250,0,,,
3754,OK,"Pawnee County, OK HUD Metro FMR Area",2p4c,1231,1450,1776,1860,832,1717,1692,10557,14772,17395,21312,22318,9987,20600,20299,126683,72250,0,,,
3755,AL,"Greene County, AL HUD Metro FMR Area",1p0c,813,378,1131,443,370,0,762,3897,9756,4535,13574,5319,4437,0,9145,46766,43606,0,,,
3755,AL,"Greene County, AL HUD Metro FMR Area",1p1c,1074,554,1377,659,506,648,903,5720,12888,6650,16520,7902,6066,7781,10835,68642,43606,0,,,
3755,AL,"Greene County, AL HUD Metro FMR Area",1p2c,1074,817,1523,874,587,1278,1161,7314,12888,9806,18273,10486,7046,15333,13930,87762,43606,0,,,
3755,AL,"Greene County, AL HUD Metro FMR Area",1p3c,1294,1089,1631,1089,740,1471,1489,8803,15528,13066,19571,13069,8878,17657,17872,105641,43606,0,,,
3755,AL,"Greene County, AL HUD Metro FMR Area",1p4c,1294,1333,1711,1130,816,1471,1723,9477,15528,15998,20527,13560,9788,17657,20670,113728,43606,0,,,
3755,AL,"Greene County, AL HUD Metro FMR Area",2p0c,819,693,1317,886,469,0,877,5062,9828,8314,15804,10637,5632,0,10526,60741,43606,0,,,
3755,AL,"Greene County, AL HUD Metro FMR Area",2p1c,1074,860,1454,1102,600,648,1084,6822,12888,10315,17443,13221,7204,7781,13013,81864,43606,0,,,
3755,AL,"Greene County, AL HUD Metro FMR Area",2p2c,1074,1093,1554,1317,673,1278,1198,8187,12888,13118,18652,15804,8074,15333,14375,98244,43606,0,,,
3755,AL,"Greene County, AL HUD Metro FMR Area",2p3c,1294,1334,1628,1532,816,1471,1391,9466,15528,16003,19539,18388,9790,17657,16692,113596,43606,0,,,
3755,AL,"Greene County, AL HUD Metro FMR Area",2p4c,1294,1632,1764,1573,909,1471,1638,10282,15528,19588,21168,18879,10902,17657,19659,123381,43606,0,,,
3756,AL,"Tuscaloosa, AL HUD Metro FMR Area",1p0c,916,384,1086,443,404,0,793,4026,10992,4611,13037,5319,4844,0,9511,48313,85381.654,0,,,
3756,AL,"Tuscaloosa, AL HUD Metro FMR Area",1p1c,1138,563,1318,659,528,652,916,5775,13656,6761,15819,7902,6339,7828,10990,69294,85381.654,0,,,
3756,AL,"Tuscaloosa, AL HUD Metro FMR Area",1p2c,1138,831,1507,874,611,1286,1204,7450,13656,9970,18082,10486,7335,15427,14446,89402,85381.654,0,,,
3756,AL,"Tuscaloosa, AL HUD Metro FMR Area",1p3c,1450,1107,1597,1089,794,1480,1597,9115,17400,13285,19161,13069,9527,17765,19168,109376,85381.654,0,,,
3756,AL,"Tuscaloosa, AL HUD Metro FMR Area",1p4c,1450,1356,1661,1130,871,1480,1827,9774,17400,16266,19930,13560,10452,17765,21919,117293,85381.654,0,,,
3756,AL,"Tuscaloosa, AL HUD Metro FMR Area",2p0c,922,704,1269,886,505,0,909,5196,11064,8453,15227,10637,6059,0,10908,62349,85381.654,0,,,
3756,AL,"Tuscaloosa, AL HUD Metro FMR Area",2p1c,1138,874,1452,1102,625,652,1117,6959,13656,10488,17418,13221,7496,7828,13402,83509,85381.654,0,,,
3756,AL,"Tuscaloosa, AL HUD Metro FMR Area",2p2c,1138,1112,1537,1317,698,1286,1228,8316,13656,13338,18442,15804,8381,15427,14741,99789,85381.654,0,,,
3756,AL,"Tuscaloosa, AL HUD Metro FMR Area",2p3c,1450,1356,1597,1532,871,1480,1482,9770,17400,16271,19169,18388,10454,17765,17789,117236,85381.654,0,,,
3756,AL,"Tuscaloosa, AL HUD Metro FMR Area",2p4c,1450,1660,1646,1573,966,1480,1698,10473,17400,19916,19754,18879,11586,17765,20373,125673,85381.654,0,,,
3757,AL,"Pickens County, AL HUD Metro FMR Area",1p0c,615,356,1147,475,301,0,688,3582,7380,4269,13766,5699,3617,0,8250,42982,61582,0,,,
3757,AL,"Pickens County, AL HUD Metro FMR Area",1p1c,772,522,1395,706,402,648,787,5232,9264,6261,16741,8472,4820,7781,9448,62786,61582,0,,,
3757,AL,"Pickens County, AL HUD Metro FMR Area",1p2c,772,769,1542,937,479,1278,994,6771,9264,9232,18505,11245,5742,15333,11925,81246,61582,0,,,
3757,AL,"Pickens County, AL HUD Metro FMR Area",1p3c,1061,1025,1651,1168,648,1471,1344,8368,12732,12302,19808,14017,7772,17657,16123,100411,61582,0,,,
3757,AL,"Pickens County, AL HUD Metro FMR Area",1p4c,1061,1255,1731,1209,719,1471,1557,9004,12732,15061,20768,14508,8629,17657,18687,108043,61582,0,,,
3757,AL,"Pickens County, AL HUD Metro FMR Area",2p0c,619,652,1335,950,395,0,805,4756,7428,7827,16025,11398,4736,0,9658,57073,61582,0,,,
3757,AL,"Pickens County, AL HUD Metro FMR Area",2p1c,772,809,1473,1181,491,648,972,6346,9264,9712,17676,14171,5891,7781,11660,76155,61582,0,,,
3757,AL,"Pickens County, AL HUD Metro FMR Area",2p2c,772,1029,1574,1412,559,1278,1085,7709,9264,12350,18892,16944,6711,15333,13016,92510,61582,0,,,
3757,AL,"Pickens County, AL HUD Metro FMR Area",2p3c,1061,1256,1649,1643,719,1471,1275,9073,12732,15067,19783,19716,8631,17657,15294,108880,61582,0,,,
3757,AL,"Pickens County, AL HUD Metro FMR Area",2p4c,1061,1537,1786,1684,807,1471,1506,9851,12732,18441,21430,20207,9678,17657,18070,118216,61582,0,,,
3758,ID,"Jerome County, ID HUD Metro FMR Area",1p0c,773,317,1228,406,339,0,730,3793,9276,3808,14739,4866,4062,0,8764,45515,74184,0,,,
3758,ID,"Jerome County, ID HUD Metro FMR Area",1p1c,1127,465,1488,644,494,571,793,5582,13524,5584,17857,7725,5932,6850,9516,66988,74184,0,,,
3758,ID,"Jerome County, ID HUD Metro FMR Area",1p2c,1127,686,1630,882,563,1121,958,6966,13524,8234,19554,10583,6755,13449,11493,83591,74184,0,,,
3758,ID,"Jerome County, ID HUD Metro FMR Area",1p3c,1552,914,1802,1120,766,1290,1449,8892,18624,10972,21619,13442,9189,15479,17383,106707,74184,0,,,
3758,ID,"Jerome County, ID HUD Metro FMR Area",1p4c,1552,1119,1876,1193,829,1290,1689,9548,18624,13433,22508,14311,9953,15479,20263,114571,74184,0,,,
3758,ID,"Jerome County, ID HUD Metro FMR Area",2p0c,900,582,1421,811,460,0,763,4936,10800,6981,17048,9733,5520,0,9154,59236,74184,0,,,
3758,ID,"Jerome County, ID HUD Metro FMR Area",2p1c,1127,722,1554,1049,574,571,907,6503,13524,8662,18642,12591,6888,6850,10881,78038,74184,0,,,
3758,ID,"Jerome County, ID HUD Metro FMR Area",2p2c,1127,918,1719,1288,635,1121,976,7783,13524,11015,20630,15450,7619,13449,11706,93392,74184,0,,,
3758,ID,"Jerome County, ID HUD Metro FMR Area",2p3c,1552,1120,1788,1526,830,1290,1237,9342,18624,13438,21459,18308,9954,15479,14842,112105,74184,0,,,
3758,ID,"Jerome County, ID HUD Metro FMR Area",2p4c,1552,1371,1844,1598,907,1290,1445,10007,18624,16448,22128,19177,10889,15479,17344,120089,74184,0,,,
3759,ID,"Twin Falls County, ID HUD Metro FMR Area",1p0c,881,362,1129,406,386,0,766,3928,10572,4339,13543,4866,4629,0,9190,47139,78328,0,,,
3759,ID,"Twin Falls County, ID HUD Metro FMR Area",1p1c,1285,530,1378,644,564,571,858,5828,15420,6362,16530,7725,6763,6850,10291,69941,78328,0,,,
3759,ID,"Twin Falls County, ID HUD Metro FMR Area",1p2c,1285,782,1513,882,642,1121,1067,7291,15420,9382,18159,10583,7700,13449,12802,87495,78328,0,,,
3759,ID,"Twin Falls County, ID HUD Metro FMR Area",1p3c,1801,1042,1677,1120,883,1290,1675,9487,21612,12501,20124,13442,10591,15479,20099,113848,78328,0,,,
3759,ID,"Twin Falls County, ID HUD Metro FMR Area",1p4c,1801,1276,1748,1193,955,1290,1940,10202,21612,15306,20974,14311,11462,15479,23277,122420,78328,0,,,
3759,ID,"Twin Falls County, ID HUD Metro FMR Area",2p0c,979,663,1319,811,510,0,801,5083,11748,7954,15827,9733,6117,0,9616,60995,78328,0,,,
3759,ID,"Twin Falls County, ID HUD Metro FMR Area",2p1c,1285,822,1446,1049,654,571,989,6817,15420,9869,17355,12591,7852,6850,11870,81806,78328,0,,,
3759,ID,"Twin Falls County, ID HUD Metro FMR Area",2p2c,1285,1046,1604,1288,724,1121,1068,8134,15420,12550,19242,15450,8684,13449,12810,97605,78328,0,,,
3759,ID,"Twin Falls County, ID HUD Metro FMR Area",2p3c,1801,1276,1670,1526,955,1290,1437,9954,21612,15311,20034,18308,11464,15479,17244,119451,78328,0,,,
3759,ID,"Twin Falls County, ID HUD Metro FMR Area",2p4c,1801,1562,1722,1598,1044,1290,1678,10695,21612,18740,20668,19177,12528,15479,20139,128344,78328,0,,,
3760,TX,"Tyler, TX MSA",1p0c,995,331,1102,464,412,0,612,3915,11940,3969,13223,5563,4939,0,7348,46983,86676,0,,,
3760,TX,"Tyler, TX MSA",1p1c,1333,485,1343,727,564,583,666,5702,15996,5821,16119,8722,6773,6996,7995,68421,86676,0,,,
3760,TX,"Tyler, TX MSA",1p2c,1333,715,1537,990,636,1141,807,7158,15996,8583,18441,11880,7631,13688,9681,85900,86676,0,,,
3760,TX,"Tyler, TX MSA",1p3c,1776,953,1628,1253,847,1312,1172,8942,21312,11437,19539,15038,10168,15747,14065,107306,86676,0,,,
3760,TX,"Tyler, TX MSA",1p4c,1776,1167,1693,1321,914,1312,1358,9542,21312,14003,20321,15857,10964,15747,16295,114500,86676,0,,,
3760,TX,"Tyler, TX MSA",2p0c,1084,606,1293,927,525,0,693,5129,13008,7277,15519,11127,6298,0,8318,61547,86676,0,,,
3760,TX,"Tyler, TX MSA",2p1c,1333,752,1481,1190,648,583,800,6787,15996,9029,17768,14285,7770,6996,9596,81440,86676,0,,,
3760,TX,"Tyler, TX MSA",2p2c,1333,957,1568,1454,711,1141,815,7977,15996,11482,18812,17443,8531,13688,9776,95729,86676,0,,,
3760,TX,"Tyler, TX MSA",2p3c,1776,1167,1629,1717,914,1312,1011,9526,21312,14008,19552,20602,10966,15747,12130,114315,86676,0,,,
3760,TX,"Tyler, TX MSA",2p4c,1776,1429,1678,1785,995,1312,1166,10141,21312,17145,20141,21420,11940,15747,13988,121694,86676,0,,,
3761,HI,"Urban Honolulu, HI MSA",1p0c,1887,429,1068,463,719,0,1603,6169,22644,5146,12821,5551,8628,0,19235,74025,122272,1,12,61,17
3761,HI,"Urban Honolulu, HI MSA",1p1c,2687,629,1365,735,1030,1334,2701,10480,32244,7546,16383,8819,12354,16004,32412,125763,122272,1,12,61,17
3761,HI,"Urban Honolulu, HI MSA",1p2c,2687,927,1488,1007,1122,1609,2958,11799,32244,11128,17856,12087,13466,19303,35498,141582,122272,1,12,61,17
3761,HI,"Urban Honolulu, HI MSA",1p3c,3765,1236,1566,1280,1553,1693,3946,15039,45180,14829,18795,15356,18631,20318,47357,180465,122272,1,12,61,17
3761,HI,"Urban Honolulu, HI MSA",1p4c,3765,1513,1620,1356,1639,1693,4232,15817,45180,18155,19436,16275,19664,20318,50781,189809,122272,1,12,61,17
3761,HI,"Urban Honolulu, HI MSA",2p0c,2052,786,1316,925,881,0,1615,7576,24624,9435,15793,11102,10574,0,19385,90913,122272,1,12,61,17
3761,HI,"Urban Honolulu, HI MSA",2p1c,2687,976,1434,1198,1137,1334,2596,11361,32244,11706,17202,14370,13645,16004,31155,136326,122272,1,12,61,17
3761,HI,"Urban Honolulu, HI MSA",2p2c,2687,1241,1508,1470,1219,1609,2755,12488,32244,14887,18095,17638,14633,19303,33060,149860,122272,1,12,61,17
3761,HI,"Urban Honolulu, HI MSA",2p3c,3765,1513,1559,1742,1639,1693,3780,15692,45180,18161,18703,20906,19666,20318,45365,188300,122272,1,12,61,17
3761,HI,"Urban Honolulu, HI MSA",2p4c,3765,1852,1597,1819,1744,1693,4117,16588,45180,22229,19167,21825,20929,20318,49406,199054,122272,1,12,61,17
3762,NY,"Utica-Rome, NY MSA",1p0c,922,350,1048,611,395,0,846,4173,11064,4204,12576,7335,4740,0,10151,50071,88095.02186,0,,,
3762,NY,"Utica-Rome, NY MSA",1p1c,1159,514,1282,1027,519,1014,1153,6668,13908,6164,15382,12325,6232,12167,13833,80011,88095.02186,0,,,
3762,NY,"Utica-Rome, NY MSA",1p2c,1159,758,1469,1067,595,1997,1617,8663,13908,9090,17632,12804,7140,23968,19408,103950,88095.02186,0,,,
3762,NY,"Utica-Rome, NY MSA",1p3c,1396,1009,1560,1107,747,2300,1973,10092,16752,12113,18725,13282,8962,27600,23675,121108,88095.02186,0,,,
3762,NY,"Utica-Rome, NY MSA",1p4c,1396,1236,1626,1147,817,2300,2225,10746,16752,14830,19506,13760,9805,27600,26702,128955,88095.02186,0,,,
3762,NY,"Utica-Rome, NY MSA",2p0c,928,642,1228,1223,488,0,954,5462,11136,7707,14735,14670,5850,0,11447,65545,88095.02186,0,,,
3762,NY,"Utica-Rome, NY MSA",2p1c,1159,797,1409,1719,607,1014,1353,8058,13908,9562,16906,20627,7287,12167,16235,96693,88095.02186,0,,,
3762,NY,"Utica-Rome, NY MSA",2p2c,1159,1013,1495,1759,674,1997,1563,9661,13908,12160,17941,21106,8093,23968,18754,115931,88095.02186,0,,,
3762,NY,"Utica-Rome, NY MSA",2p3c,1396,1236,1556,1799,817,2300,1804,10908,16752,14835,18677,21584,9807,27600,21644,130899,88095.02186,0,,,
3762,NY,"Utica-Rome, NY MSA",2p4c,1396,1513,1606,1839,903,2300,2096,11652,16752,18158,19267,22062,10839,27600,25152,139829,88095.02186,0,,,
3763,GA,"Valdosta, GA MSA",1p0c,877,350,1072,426,381,0,776,3882,10524,4200,12863,5112,4571,0,9310,46580,71785.4275,0,,,
3763,GA,"Valdosta, GA MSA",1p1c,1145,513,1277,667,515,621,883,5621,13740,6159,15328,8000,6178,7450,10597,67451,71785.4275,0,,,
3763,GA,"Valdosta, GA MSA",1p2c,1145,757,1396,907,591,960,963,6719,13740,9082,16756,10888,7086,11524,11556,80632,71785.4275,0,,,
3763,GA,"Valdosta, GA MSA",1p3c,1529,1009,1483,1148,788,1065,1339,8361,18348,12102,17798,13776,9454,12778,16072,100328,71785.4275,0,,,
3763,GA,"Valdosta, GA MSA",1p4c,1529,1235,1547,1214,858,1065,1556,9003,18348,14817,18564,14562,10297,12778,18671,108037,71785.4275,0,,,
3763,GA,"Valdosta, GA MSA",2p0c,882,642,1226,852,473,0,843,4918,10584,7700,14713,10224,5677,0,10113,59011,71785.4275,0,,,
3763,GA,"Valdosta, GA MSA",2p1c,1145,796,1338,1093,603,621,1025,6620,13740,9554,16056,13112,7232,7450,12295,79439,71785.4275,0,,,
3763,GA,"Valdosta, GA MSA",2p2c,1145,1013,1419,1333,670,960,1010,7550,13740,12150,17030,16000,8038,11524,12117,90599,71785.4275,0,,,
3763,GA,"Valdosta, GA MSA",2p3c,1529,1235,1479,1574,858,1065,1203,8943,18348,14822,17743,18888,10298,12778,14437,107315,71785.4275,0,,,
3763,GA,"Valdosta, GA MSA",2p4c,1529,1512,1596,1640,944,1065,1433,9719,18348,18142,19152,19674,11329,12778,17200,116622,71785.4275,0,,,
3764,CA,"Vallejo-Fairfield, CA MSA",1p0c,1724,366,1163,568,649,0,1305,5775,20688,4396,13956,6815,7788,0,15662,69305,113873,0,,,
3764,CA,"Vallejo-Fairfield, CA MSA",1p1c,2420,537,1432,903,918,1082,1941,9234,29040,6447,17189,10840,11018,12989,23289,110811,113873,0,,,
3764,CA,"Vallejo-Fairfield, CA MSA",1p2c,2420,792,1572,1239,997,1685,2490,11194,29040,9506,18859,14866,11968,20216,29876,134331,113873,0,,,
3764,CA,"Vallejo-Fairfield, CA MSA",1p3c,3234,1056,1665,1574,1332,1870,3380,14111,38808,12668,19981,18891,15982,22440,40557,169327,113873,0,,,
3764,CA,"Vallejo-Fairfield, CA MSA",1p4c,3234,1292,1797,1659,1405,1870,3615,14873,38808,15509,21568,19903,16864,22440,43380,178472,113873,0,,,
3764,CA,"Vallejo-Fairfield, CA MSA",2p0c,1894,672,1367,1136,797,0,1185,7050,22728,8060,16409,13630,9559,0,14215,84601,113873,0,,,
3764,CA,"Vallejo-Fairfield, CA MSA",2p1c,2420,833,1499,1471,1010,1082,1838,10155,29040,10000,17989,17656,12121,12989,22059,121854,113873,0,,,
3764,CA,"Vallejo-Fairfield, CA MSA",2p2c,2420,1060,1587,1807,1080,1685,2211,11849,29040,12717,19044,21681,12964,20216,26527,142189,113873,0,,,
3764,CA,"Vallejo-Fairfield, CA MSA",2p3c,3234,1293,1715,2142,1406,1870,3152,14811,38808,15515,20579,25706,16866,22440,37822,177735,113873,0,,,
3764,CA,"Vallejo-Fairfield, CA MSA",2p4c,3234,1583,1765,2227,1495,1870,3425,15598,38808,18990,21181,26718,17945,22440,41098,187179,113873,0,,,
3765,TX,"Victoria, TX MSA",1p0c,1092,278,1103,517,425,0,640,4055,13104,3340,13232,6201,5105,0,7677,48659,84233.08678,0,,,
3765,TX,"Victoria, TX MSA",1p1c,1392,408,1335,812,559,583,679,5768,16704,4897,16018,9740,6707,6996,8150,69213,84233.08678,0,,,
3765,TX,"Victoria, TX MSA",1p2c,1392,602,1524,1107,619,1136,816,7195,16704,7222,18287,13280,7428,13627,9795,86343,84233.08678,0,,,
3765,TX,"Victoria, TX MSA",1p3c,1678,802,1614,1402,770,1306,1083,8654,20136,9623,19362,16820,9239,15667,13000,103848,84233.08678,0,,,
3765,TX,"Victoria, TX MSA",1p4c,1678,982,1677,1474,826,1306,1249,9192,20136,11782,20129,17686,9910,15667,14991,110301,84233.08678,0,,,
3765,TX,"Victoria, TX MSA",2p0c,1099,510,1285,1033,500,0,691,5118,13188,6123,15418,12401,5996,0,8293,61419,84233.08678,0,,,
3765,TX,"Victoria, TX MSA",2p1c,1392,633,1468,1328,629,583,811,6845,16704,7597,17618,15941,7545,6996,9733,82134,84233.08678,0,,,
3765,TX,"Victoria, TX MSA",2p2c,1392,805,1554,1623,682,1136,822,8014,16704,9661,18642,19481,8186,13627,9861,96162,84233.08678,0,,,
3765,TX,"Victoria, TX MSA",2p3c,1678,982,1614,1918,826,1306,948,9272,20136,11786,19368,23021,9911,15667,11380,111269,84233.08678,0,,,
3765,TX,"Victoria, TX MSA",2p4c,1678,1202,1663,1991,894,1306,1083,9816,20136,14426,19950,23886,10731,15667,12999,117795,84233.08678,0,,,
3766,NJ,"Vineland-Bridgeton, NJ MSA",1p0c,1208,340,1077,487,481,0,794,4388,14496,4085,12923,5848,5769,0,9530,52651,76482,0,,,
3766,NJ,"Vineland-Bridgeton, NJ MSA",1p1c,1591,499,1320,754,649,1403,1266,7483,19092,5990,15845,9050,7787,16837,15193,89794,76482,0,,,
3766,NJ,"Vineland-Bridgeton, NJ MSA",1p2c,1591,736,1514,1021,723,2077,1698,9359,19092,8833,18162,12252,8670,24924,20373,112305,76482,0,,,
3766,NJ,"Vineland-Bridgeton, NJ MSA",1p3c,2163,981,1607,1288,976,2284,2362,11661,25956,11770,19281,15453,11713,27412,28346,139931,76482,0,,,
3766,NJ,"Vineland-Bridgeton, NJ MSA",1p4c,2163,1201,1673,1356,1044,2284,2605,12327,25956,14410,20076,16266,12533,27412,31265,147918,76482,0,,,
3766,NJ,"Vineland-Bridgeton, NJ MSA",2p0c,1275,624,1268,975,590,0,876,5607,15300,7489,15210,11697,7075,0,10517,67288,76482,0,,,
3766,NJ,"Vineland-Bridgeton, NJ MSA",2p1c,1591,774,1454,1242,734,1403,1327,8526,19092,9292,17451,14898,8812,16837,15927,102309,76482,0,,,
3766,NJ,"Vineland-Bridgeton, NJ MSA",2p2c,1591,985,1543,1508,800,2077,1589,10093,19092,11816,18513,18100,9596,24924,19073,121113,76482,0,,,
3766,NJ,"Vineland-Bridgeton, NJ MSA",2p3c,2163,1201,1605,1775,1045,2284,2136,12210,25956,14415,19264,21302,12534,27412,25632,146515,76482,0,,,
3766,NJ,"Vineland-Bridgeton, NJ MSA",2p4c,2163,1470,1656,1843,1128,2284,2385,12929,25956,17644,19866,22115,13537,27412,28617,155146,76482,0,,,
3767,NC,"Camden County, NC HUD Metro FMR Area",1p0c,982,335,1231,580,409,0,894,4430,11784,4015,14771,6962,4905,0,10726,53164,96588,0,,,
3767,NC,"Camden County, NC HUD Metro FMR Area",1p1c,1129,491,1591,913,503,427,960,6013,13548,5888,19093,10958,6034,5123,11515,72159,96588,0,,,
3767,NC,"Camden County, NC HUD Metro FMR Area",1p2c,1129,724,1753,1246,575,672,1130,7228,13548,8683,21030,14953,6902,8069,13555,86740,96588,0,,,
3767,NC,"Camden County, NC HUD Metro FMR Area",1p3c,1582,964,1862,1579,791,748,1649,9175,18984,11570,22348,18949,9486,8976,19789,110102,96588,0,,,
3767,NC,"Camden County, NC HUD Metro FMR Area",1p4c,1582,1181,1940,1656,858,748,1909,9873,18984,14166,23284,19871,10292,8976,22905,118478,96588,0,,,
3767,NC,"Camden County, NC HUD Metro FMR Area",2p0c,990,614,1528,1160,498,0,1032,5822,11880,7362,18335,13924,5974,0,12388,69862,96588,0,,,
3767,NC,"Camden County, NC HUD Metro FMR Area",2p1c,1129,761,1680,1493,587,427,1157,7234,13548,9134,20159,17920,7042,5123,13883,86809,96588,0,,,
3767,NC,"Camden County, NC HUD Metro FMR Area",2p2c,1129,968,1783,1826,651,672,1173,8203,13548,11616,21394,21915,7813,8069,14080,98434,96588,0,,,
3767,NC,"Camden County, NC HUD Metro FMR Area",2p3c,1582,1181,1856,2159,858,748,1512,9895,18984,14171,22266,25911,10294,8976,18141,118741,96588,0,,,
3767,NC,"Camden County, NC HUD Metro FMR Area",2p4c,1582,1445,1913,2236,940,748,1759,10623,18984,17345,22955,26833,11279,8976,21108,127479,96588,0,,,
3768,NC,"Virginia Beach-Norfolk-Newport News, VA-NC HUD Metro FMR Area",1p0c,1475,365,990,387,571,0,1011,4799,17700,4379,11879,4638,6855,0,12133,57583,99963.59704,1,62,64,48
3768,NC,"Virginia Beach-Norfolk-Newport News, VA-NC HUD Metro FMR Area",1p1c,1696,535,1265,604,693,871,1245,6909,20352,6421,15182,7242,8312,10450,14943,82903,99963.59704,1,62,64,48
3768,NC,"Virginia Beach-Norfolk-Newport News, VA-NC HUD Metro FMR Area",1p2c,1696,789,1385,821,772,1620,1667,8749,20352,9468,16620,9846,9258,19442,20006,104993,99963.59704,1,62,64,48
3768,NC,"Virginia Beach-Norfolk-Newport News, VA-NC HUD Metro FMR Area",1p3c,2361,1051,1466,1038,1059,1851,2405,11231,28332,12617,17593,12451,12713,22208,28855,134769,99963.59704,1,62,64,48
3768,NC,"Virginia Beach-Norfolk-Newport News, VA-NC HUD Metro FMR Area",1p4c,2361,1287,1523,1100,1133,1851,2661,11915,28332,15447,18278,13201,13592,22208,31926,142985,99963.59704,1,62,64,48
3768,NC,"Virginia Beach-Norfolk-Newport News, VA-NC HUD Metro FMR Area",2p0c,1483,669,1223,773,668,0,1041,5857,17796,8028,14678,9275,8017,0,12495,70289,99963.59704,1,62,64,48
3768,NC,"Virginia Beach-Norfolk-Newport News, VA-NC HUD Metro FMR Area",2p1c,1696,830,1338,990,784,871,1302,7811,20352,9960,16052,11880,9411,10450,15622,93727,99963.59704,1,62,64,48
3768,NC,"Virginia Beach-Norfolk-Newport News, VA-NC HUD Metro FMR Area",2p2c,1696,1056,1415,1207,854,1620,1504,9352,20352,12666,16978,14484,10251,19442,18046,112219,99963.59704,1,62,64,48
3768,NC,"Virginia Beach-Norfolk-Newport News, VA-NC HUD Metro FMR Area",2p3c,2361,1288,1469,1424,1133,1851,2109,11634,28332,15452,17628,17088,13594,22208,25306,139609,99963.59704,1,62,64,48
3768,NC,"Virginia Beach-Norfolk-Newport News, VA-NC HUD Metro FMR Area",2p4c,2361,1576,1576,1487,1222,1851,2411,12484,28332,18913,18913,17839,14668,22208,28934,149808,99963.59704,1,62,64,48
3769,VA,"Virginia Beach-Norfolk-Newport News, VA-NC HUD Metro FMR Area",1p0c,1475,365,990,387,571,0,1044,4832,17700,4379,11879,4638,6855,0,12532,57982,99963.59704,,,,
3769,VA,"Virginia Beach-Norfolk-Newport News, VA-NC HUD Metro FMR Area",1p1c,1696,535,1265,604,693,871,1310,6974,20352,6421,15182,7242,8312,10450,15724,83683,99963.59704,,,,
3769,VA,"Virginia Beach-Norfolk-Newport News, VA-NC HUD Metro FMR Area",1p2c,1696,789,1385,821,772,1620,1713,8795,20352,9468,16620,9846,9258,19442,20554,105540,99963.59704,,,,
3769,VA,"Virginia Beach-Norfolk-Newport News, VA-NC HUD Metro FMR Area",1p3c,2361,1051,1466,1038,1059,1851,2463,11289,28332,12617,17593,12451,12713,22208,29557,135471,99963.59704,,,,
3769,VA,"Virginia Beach-Norfolk-Newport News, VA-NC HUD Metro FMR Area",1p4c,2361,1287,1523,1100,1133,1851,2717,11972,28332,15447,18278,13201,13592,22208,32604,143663,99963.59704,,,,
3769,VA,"Virginia Beach-Norfolk-Newport News, VA-NC HUD Metro FMR Area",2p0c,1483,669,1223,773,668,0,1080,5896,17796,8028,14678,9275,8017,0,12957,70752,99963.59704,,,,
3769,VA,"Virginia Beach-Norfolk-Newport News, VA-NC HUD Metro FMR Area",2p1c,1696,830,1338,990,784,871,1334,7843,20352,9960,16052,11880,9411,10450,16012,94117,99963.59704,,,,
3769,VA,"Virginia Beach-Norfolk-Newport News, VA-NC HUD Metro FMR Area",2p2c,1696,1056,1415,1207,854,1620,1523,9371,20352,12666,16978,14484,10251,19442,18274,112447,99963.59704,,,,
3769,VA,"Virginia Beach-Norfolk-Newport News, VA-NC HUD Metro FMR Area",2p3c,2361,1288,1469,1424,1133,1851,2129,11654,28332,15452,17628,17088,13594,22208,25543,139845,99963.59704,,,,
3769,VA,"Virginia Beach-Norfolk-Newport News, VA-NC HUD Metro FMR Area",2p4c,2361,1576,1576,1487,1222,1851,2428,12501,28332,18913,18913,17839,14668,22208,29137,150012,99963.59704,,,,
3770,NC,"Gates County, NC HUD Metro FMR Area",1p0c,1069,315,1206,580,430,0,920,4520,12828,3785,14468,6962,5158,0,11039,54240,76599,0,,,
3770,NC,"Gates County, NC HUD Metro FMR Area",1p1c,1230,463,1470,913,526,469,965,6035,14760,5550,17640,10958,6306,5630,11582,72424,76599,0,,,
3770,NC,"Gates County, NC HUD Metro FMR Area",1p2c,1230,682,1615,1246,594,723,1125,7216,14760,8184,19385,14953,7123,8680,13505,86591,76599,0,,,
3770,NC,"Gates County, NC HUD Metro FMR Area",1p3c,1653,909,1791,1579,795,802,1651,9180,19836,10905,21493,18949,9544,9619,19809,110155,76599,0,,,
3770,NC,"Gates County, NC HUD Metro FMR Area",1p4c,1653,1113,1868,1656,859,802,1900,9849,19836,13352,22410,19871,10304,9619,22797,118188,76599,0,,,
3770,NC,"Gates County, NC HUD Metro FMR Area",2p0c,1079,578,1407,1160,515,0,1016,5755,12948,6939,16885,13924,6174,0,12186,69057,76599,0,,,
3770,NC,"Gates County, NC HUD Metro FMR Area",2p1c,1230,717,1544,1493,605,469,1151,7209,14760,8609,18523,17920,7256,5630,13806,86503,76599,0,,,
3770,NC,"Gates County, NC HUD Metro FMR Area",2p2c,1230,912,1713,1826,665,723,1187,8257,14760,10948,20550,21915,7982,8680,14242,99078,76599,0,,,
3770,NC,"Gates County, NC HUD Metro FMR Area",2p3c,1653,1113,1784,2159,859,802,1505,9874,19836,13356,21404,25911,10305,9619,18060,118491,76599,0,,,
3770,NC,"Gates County, NC HUD Metro FMR Area",2p4c,1653,1362,1841,2236,936,802,1733,10564,19836,16348,22094,26833,11234,9619,20799,126762,76599,0,,,
3771,VA,"Southampton County-Franklin city, VA HUD Metro FMR Area",1p0c,884,331,1121,403,377,0,780,3896,10608,3972,13447,4839,4527,0,9356,46749,87421.68282,0,,,
3771,VA,"Southampton County-Franklin city, VA HUD Metro FMR Area",1p1c,1167,485,1372,630,513,774,977,5919,14004,5825,16465,7564,6156,9286,11728,71029,87421.68282,0,,,
3771,VA,"Southampton County-Franklin city, VA HUD Metro FMR Area",1p2c,1167,716,1511,857,585,1475,1283,7594,14004,8590,18137,10289,7015,17699,15397,91130,87421.68282,0,,,
3771,VA,"Southampton County-Franklin city, VA HUD Metro FMR Area",1p3c,1492,954,1679,1085,759,1691,1772,9431,17904,11446,20147,13014,9112,20287,21258,113168,87421.68282,0,,,
3771,VA,"Southampton County-Franklin city, VA HUD Metro FMR Area",1p4c,1492,1168,1753,1148,826,1691,2016,10093,17904,14014,21030,13779,9910,20287,24196,121120,87421.68282,0,,,
3771,VA,"Southampton County-Franklin city, VA HUD Metro FMR Area",2p0c,890,607,1316,807,465,0,829,4913,10680,7283,15788,9678,5577,0,9948,58954,87421.68282,0,,,
3771,VA,"Southampton County-Franklin city, VA HUD Metro FMR Area",2p1c,1167,753,1447,1034,596,774,1081,6851,14004,9036,17358,12403,7153,9286,12976,82217,87421.68282,0,,,
3771,VA,"Southampton County-Franklin city, VA HUD Metro FMR Area",2p2c,1167,958,1608,1261,660,1475,1221,8349,14004,11491,19290,15128,7916,17699,14654,100182,87421.68282,0,,,
3771,VA,"Southampton County-Franklin city, VA HUD Metro FMR Area",2p3c,1492,1168,1676,1488,826,1691,1511,9852,17904,14019,20113,17853,9911,20287,18136,118223,87421.68282,0,,,
3771,VA,"Southampton County-Franklin city, VA HUD Metro FMR Area",2p4c,1492,1430,1732,1552,907,1691,1734,10537,17904,17159,20780,18618,10886,20287,20807,126441,87421.68282,0,,,
3772,CA,"Visalia-Porterville, CA MSA",1p0c,1082,335,1169,525,440,0,810,4360,12984,4015,14027,6305,5278,0,9714,52324,71096,0,,,
3772,CA,"Visalia-Porterville, CA MSA",1p1c,1429,491,1418,835,596,802,908,6479,17148,5888,17017,10025,7152,9618,10900,77748,71096,0,,,
3772,CA,"Visalia-Porterville, CA MSA",1p2c,1429,724,1554,1145,668,1166,1078,7764,17148,8683,18649,13745,8020,13995,12933,93173,71096,0,,,
3772,CA,"Visalia-Porterville, CA MSA",1p3c,1967,964,1718,1455,910,1279,1854,10147,23604,11570,20612,17465,10921,15342,22247,121761,71096,0,,,
3772,CA,"Visalia-Porterville, CA MSA",1p4c,1967,1181,1789,1537,977,1279,2103,10832,23604,14166,21465,18439,11727,15342,25236,129979,71096,0,,,
3772,CA,"Visalia-Porterville, CA MSA",2p0c,1089,614,1346,1051,529,0,802,5429,13068,7362,16146,12610,6343,0,9623,65152,71096,0,,,
3772,CA,"Visalia-Porterville, CA MSA",2p1c,1429,761,1475,1361,680,802,1043,7550,17148,9134,17699,16330,8160,9618,12513,90601,71096,0,,,
3772,CA,"Visalia-Porterville, CA MSA",2p2c,1429,968,1633,1671,744,1166,1089,8700,17148,11616,19600,20050,8930,13995,13064,104403,71096,0,,,
3772,CA,"Visalia-Porterville, CA MSA",2p3c,1967,1181,1700,1981,977,1279,1526,10611,23604,14171,20405,23770,11728,15342,18311,127330,71096,0,,,
3772,CA,"Visalia-Porterville, CA MSA",2p4c,1967,1445,1755,2062,1059,1279,1766,11333,23604,17345,21056,24744,12713,15342,21192,135996,71096,0,,,
3773,TX,"Waco, TX HUD Metro FMR Area",1p0c,944,301,1047,425,387,0,563,3667,11328,3612,12560,5101,4638,0,6761,43999,83268,0,,,
3773,TX,"Waco, TX HUD Metro FMR Area",1p1c,1377,441,1260,665,565,629,642,5579,16524,5296,15125,7982,6775,7543,7706,66951,83268,0,,,
3773,TX,"Waco, TX HUD Metro FMR Area",1p2c,1377,651,1376,905,630,1222,742,6903,16524,7810,16517,10864,7555,14661,8900,82830,83268,0,,,
3773,TX,"Waco, TX HUD Metro FMR Area",1p3c,1776,867,1523,1145,821,1404,1068,8605,21312,10407,18275,13745,9848,16851,12817,103254,83268,0,,,
3773,TX,"Waco, TX HUD Metro FMR Area",1p4c,1776,1062,1584,1211,881,1404,1238,9156,21312,12741,19003,14530,10573,16851,14857,109866,83268,0,,,
3773,TX,"Waco, TX HUD Metro FMR Area",2p0c,1106,552,1215,850,515,0,645,4882,13272,6621,14575,10201,6176,0,7735,58581,83268,0,,,
3773,TX,"Waco, TX HUD Metro FMR Area",2p1c,1377,685,1325,1090,640,629,741,6487,16524,8216,15905,13083,7681,7543,8889,77840,83268,0,,,
3773,TX,"Waco, TX HUD Metro FMR Area",2p2c,1377,871,1468,1330,698,1222,767,7732,16524,10448,17615,15964,8374,14661,9199,92784,83268,0,,,
3773,TX,"Waco, TX HUD Metro FMR Area",2p3c,1776,1062,1526,1571,881,1404,915,9134,21312,12746,18307,18846,10574,16851,10976,109611,83268,0,,,
3773,TX,"Waco, TX HUD Metro FMR Area",2p4c,1776,1300,1572,1636,955,1404,1053,9697,21312,15600,18867,19630,11460,16851,12639,116360,83268,0,,,
3774,TX,"Falls County, TX HUD Metro FMR Area",1p0c,640,301,1172,455,292,0,504,3363,7680,3612,14060,5455,3506,0,6045,40358,70846,0,,,
3774,TX,"Falls County, TX HUD Metro FMR Area",1p1c,933,441,1410,712,427,629,548,5100,11196,5296,16918,8549,5120,7543,6576,61199,70846,0,,,
3774,TX,"Falls County, TX HUD Metro FMR Area",1p2c,933,651,1543,970,492,1222,626,6437,11196,7810,18514,11643,5901,14661,7516,77240,70846,0,,,
3774,TX,"Falls County, TX HUD Metro FMR Area",1p3c,1307,867,1638,1228,675,1404,888,8007,15684,10407,19650,14737,8100,16851,10656,96085,70846,0,,,
3774,TX,"Falls County, TX HUD Metro FMR Area",1p4c,1307,1062,1780,1296,735,1404,1089,8674,15684,12741,21364,15548,8825,16851,13073,104086,70846,0,,,
3774,TX,"Falls County, TX HUD Metro FMR Area",2p0c,711,552,1352,909,392,0,567,4483,8532,6621,16220,10911,4705,0,6806,53795,70846,0,,,
3774,TX,"Falls County, TX HUD Metro FMR Area",2p1c,933,685,1478,1167,502,629,655,6048,11196,8216,17735,14005,6027,7543,7855,72576,70846,0,,,
3774,TX,"Falls County, TX HUD Metro FMR Area",2p2c,933,871,1567,1425,560,1222,672,7250,11196,10448,18809,17098,6720,14661,8064,86996,70846,0,,,
3774,TX,"Falls County, TX HUD Metro FMR Area",2p3c,1307,1062,1706,1683,736,1404,813,8711,15684,12746,20474,20192,8827,16851,9760,104533,70846,0,,,
3774,TX,"Falls County, TX HUD Metro FMR Area",2p4c,1307,1300,1761,1750,809,1404,951,9283,15684,15600,21133,21003,9713,16851,11410,111395,70846,0,,,
3775,WA,"Walla Walla, WA MSA",1p0c,1020,363,1084,369,429,0,603,3868,12240,4350,13011,4424,5151,0,7235,46411,90621,0,,,
3775,WA,"Walla Walla, WA MSA",1p1c,1487,532,1321,585,627,1053,849,6452,17844,6379,15847,7018,7521,12635,10185,77428,90621,0,,,
3775,WA,"Walla Walla, WA MSA",1p2c,1487,784,1511,801,705,1824,1125,8237,17844,9407,18133,9612,8461,21886,13502,98845,90621,0,,,
3775,WA,"Walla Walla, WA MSA",1p3c,2049,1045,1606,1017,961,2061,1610,10348,24588,12535,19266,12206,11526,24733,19322,124176,90621,0,,,
3775,WA,"Walla Walla, WA MSA",1p4c,2049,1279,1673,1087,1033,2061,1815,10997,24588,15346,20077,13042,12399,24733,21780,131965,90621,0,,,
3775,WA,"Walla Walla, WA MSA",2p0c,1133,665,1258,737,558,0,673,5024,13596,7975,15099,8848,6697,0,8070,60286,90621,0,,,
3775,WA,"Walla Walla, WA MSA",2p1c,1487,825,1442,954,718,1053,920,7397,17844,9895,17300,11442,8612,12635,11036,88765,90621,0,,,
3775,WA,"Walla Walla, WA MSA",2p2c,1487,1049,1531,1170,787,1824,1014,8861,17844,12584,18369,14036,9447,21886,12168,106334,90621,0,,,
3775,WA,"Walla Walla, WA MSA",2p3c,2049,1279,1594,1386,1033,2061,1324,10727,24588,15352,19131,16630,12400,24733,15890,128724,90621,0,,,
3775,WA,"Walla Walla, WA MSA",2p4c,2049,1566,1646,1456,1122,2061,1534,11434,24588,18790,19746,17466,13468,24733,18412,137203,90621,0,,,
3776,GA,"Warner Robins, GA HUD Metro FMR Area",1p0c,1057,345,1091,450,435,0,866,4245,12684,4142,13094,5394,5224,0,10396,50934,92678,0,,,
3776,GA,"Warner Robins, GA HUD Metro FMR Area",1p1c,1302,506,1413,704,561,647,1021,6155,15624,6074,16952,8451,6737,7765,12255,73858,92678,0,,,
3776,GA,"Warner Robins, GA HUD Metro FMR Area",1p2c,1302,747,1556,959,636,1002,1182,7384,15624,8958,18672,11508,7632,12024,14187,88603,92678,0,,,
3776,GA,"Warner Robins, GA HUD Metro FMR Area",1p3c,1742,995,1654,1214,850,1111,1652,9217,20904,11936,19843,14565,10196,13334,19820,110598,92678,0,,,
3776,GA,"Warner Robins, GA HUD Metro FMR Area",1p4c,1742,1218,1723,1281,919,1111,1884,9878,20904,14614,20676,15371,11027,13334,22604,118531,92678,0,,,
3776,GA,"Warner Robins, GA HUD Metro FMR Area",2p0c,1176,633,1362,899,562,0,1033,5665,14112,7594,16343,10788,6739,0,12400,67976,92678,0,,,
3776,GA,"Warner Robins, GA HUD Metro FMR Area",2p1c,1302,785,1497,1154,648,647,1175,7208,15624,9423,17967,13845,7776,7765,14095,86495,92678,0,,,
3776,GA,"Warner Robins, GA HUD Metro FMR Area",2p2c,1302,999,1589,1409,714,1002,1172,8186,15624,11983,19066,16902,8571,12024,14062,98231,92678,0,,,
3776,GA,"Warner Robins, GA HUD Metro FMR Area",2p3c,1742,1218,1654,1663,919,1111,1467,9775,20904,14619,19844,19958,11029,13334,17609,117297,92678,0,,,
3776,GA,"Warner Robins, GA HUD Metro FMR Area",2p4c,1742,1491,1705,1730,1004,1111,1678,10462,20904,17893,20460,20765,12045,13334,20137,125539,92678,0,,,
3777,GA,"Peach County, GA HUD Metro FMR Area",1p0c,741,402,1088,450,355,0,752,3787,8892,4823,13057,5394,4258,0,9020,45444,87400,0,,,
3777,GA,"Peach County, GA HUD Metro FMR Area",1p1c,1081,589,1334,704,519,647,930,5805,12972,7073,16013,8451,6223,7765,11159,69656,87400,0,,,
3777,GA,"Peach County, GA HUD Metro FMR Area",1p2c,1081,869,1475,959,606,1002,1077,7068,12972,10430,17698,11508,7266,12024,12923,84819,87400,0,,,
3777,GA,"Peach County, GA HUD Metro FMR Area",1p3c,1350,1158,1576,1214,779,1111,1432,8620,16200,13898,18910,14565,9345,13334,17186,103437,87400,0,,,
3777,GA,"Peach County, GA HUD Metro FMR Area",1p4c,1350,1418,1720,1281,859,1111,1731,9470,16200,17015,20643,15371,10312,13334,20766,113641,87400,0,,,
3777,GA,"Peach County, GA HUD Metro FMR Area",2p0c,976,737,1280,899,532,0,962,5386,11712,8843,15361,10788,6382,0,11547,64632,87400,0,,,
3777,GA,"Peach County, GA HUD Metro FMR Area",2p1c,1081,914,1412,1154,620,647,1104,6932,12972,10972,16944,13845,7434,7765,13250,83181,87400,0,,,
3777,GA,"Peach County, GA HUD Metro FMR Area",2p2c,1081,1163,1506,1409,697,1002,1118,7975,12972,13952,18077,16902,8359,12024,13417,95703,87400,0,,,
3777,GA,"Peach County, GA HUD Metro FMR Area",2p3c,1350,1418,1646,1663,860,1111,1344,9392,16200,17021,19747,19958,10314,13334,16133,112708,87400,0,,,
3777,GA,"Peach County, GA HUD Metro FMR Area",2p4c,1350,1736,1704,1730,958,1111,1581,10171,16200,20834,20444,20765,11498,13334,18975,122050,87400,0,,,
3778,DC,"Washington-Arlington-Alexandria, DC-VA-MD HUD Metro FMR Area",1p0c,2012,413,1045,389,753,0,1435,6046,24144,4953,12535,4662,9034,0,17223,72551,154757.0635,1,11,99,4
3778,DC,"Washington-Arlington-Alexandria, DC-VA-MD HUD Metro FMR Area",1p1c,2314,605,1267,611,906,1542,2205,9450,27768,7263,15207,7327,10876,18501,26454,113396,154757.0635,1,11,99,4
3778,DC,"Washington-Arlington-Alexandria, DC-VA-MD HUD Metro FMR Area",1p2c,2314,893,1377,833,996,2827,3156,12395,27768,10710,16529,9991,11946,33926,37875,148745,154757.0635,1,11,99,4
3778,DC,"Washington-Arlington-Alexandria, DC-VA-MD HUD Metro FMR Area",1p3c,2893,1189,1507,1055,1267,3223,3875,15009,34716,14271,18084,12655,15209,38672,46498,180105,154757.0635,1,11,99,4
3778,DC,"Washington-Arlington-Alexandria, DC-VA-MD HUD Metro FMR Area",1p4c,2893,1456,1558,1114,1350,3223,4160,15753,34716,17473,18696,13362,16203,38672,49920,189041,154757.0635,1,11,99,4
3778,DC,"Washington-Arlington-Alexandria, DC-VA-MD HUD Metro FMR Area",2p0c,2056,757,1227,777,873,0,1306,6996,24672,9080,14724,9324,10479,0,15675,83955,154757.0635,1,11,99,4
3778,DC,"Washington-Arlington-Alexandria, DC-VA-MD HUD Metro FMR Area",2p1c,2314,939,1332,999,1010,1542,1954,10090,27768,11266,15986,11989,12119,18501,23449,121078,154757.0635,1,11,99,4
3778,DC,"Washington-Arlington-Alexandria, DC-VA-MD HUD Metro FMR Area",2p2c,2314,1194,1458,1221,1089,2827,2680,12783,27768,14327,17497,14653,13069,33926,32158,153398,154757.0635,1,11,99,4
3778,DC,"Washington-Arlington-Alexandria, DC-VA-MD HUD Metro FMR Area",2p3c,2893,1457,1506,1443,1350,3223,3498,15370,34716,17479,18077,17317,16205,38672,41971,184436,154757.0635,1,11,99,4
3778,DC,"Washington-Arlington-Alexandria, DC-VA-MD HUD Metro FMR Area",2p4c,2893,1783,1544,1502,1452,3223,3798,16194,34716,21394,18522,18024,17421,38672,45581,194329,154757.0635,1,11,99,4
3779,MD,"Washington-Arlington-Alexandria, DC-VA-MD HUD Metro FMR Area",1p0c,2012,413,1045,389,753,0,1422,6033,24144,4953,12535,4662,9034,0,17068,72395,154757.0635,,,,
3779,MD,"Washington-Arlington-Alexandria, DC-VA-MD HUD Metro FMR Area",1p1c,2314,605,1267,611,906,1542,2041,9286,27768,7263,15207,7327,10876,18501,24486,111428,154757.0635,,,,
3779,MD,"Washington-Arlington-Alexandria, DC-VA-MD HUD Metro FMR Area",1p2c,2314,893,1377,833,996,2827,2779,12019,27768,10710,16529,9991,11946,33926,33353,144223,154757.0635,,,,
3779,MD,"Washington-Arlington-Alexandria, DC-VA-MD HUD Metro FMR Area",1p3c,2893,1189,1507,1055,1267,3223,3431,14564,34716,14271,18084,12655,15209,38672,41166,174773,154757.0635,,,,
3779,MD,"Washington-Arlington-Alexandria, DC-VA-MD HUD Metro FMR Area",1p4c,2893,1456,1558,1114,1350,3223,3628,15221,34716,17473,18696,13362,16203,38672,43533,182654,154757.0635,,,,
3779,MD,"Washington-Arlington-Alexandria, DC-VA-MD HUD Metro FMR Area",2p0c,2056,757,1227,777,873,0,1346,7036,24672,9080,14724,9324,10479,0,16153,84433,154757.0635,,,,
3779,MD,"Washington-Arlington-Alexandria, DC-VA-MD HUD Metro FMR Area",2p1c,2314,939,1332,999,1010,1542,1915,10051,27768,11266,15986,11989,12119,18501,22979,120608,154757.0635,,,,
3779,MD,"Washington-Arlington-Alexandria, DC-VA-MD HUD Metro FMR Area",2p2c,2314,1194,1458,1221,1089,2827,2553,12657,27768,14327,17497,14653,13069,33926,30641,151881,154757.0635,,,,
3779,MD,"Washington-Arlington-Alexandria, DC-VA-MD HUD Metro FMR Area",2p3c,2893,1457,1506,1443,1350,3223,3265,15137,34716,17479,18077,17317,16205,38672,39178,181643,154757.0635,,,,
3779,MD,"Washington-Arlington-Alexandria, DC-VA-MD HUD Metro FMR Area",2p4c,2893,1783,1544,1502,1452,3223,3571,15967,34716,21394,18522,18024,17421,38672,42853,191601,154757.0635,,,,
3780,VA,"Washington-Arlington-Alexandria, DC-VA-MD HUD Metro FMR Area",1p0c,2012,413,1045,389,753,0,1482,6092,24144,4953,12535,4662,9034,0,17778,73105,154757.0635,,,,
3780,VA,"Washington-Arlington-Alexandria, DC-VA-MD HUD Metro FMR Area",1p1c,2314,605,1267,611,906,1542,2172,9418,27768,7263,15207,7327,10876,18501,26069,113011,154757.0635,,,,
3780,VA,"Washington-Arlington-Alexandria, DC-VA-MD HUD Metro FMR Area",1p2c,2314,893,1377,833,996,2827,2980,12219,27768,10710,16529,9991,11946,33926,35755,146625,154757.0635,,,,
3780,VA,"Washington-Arlington-Alexandria, DC-VA-MD HUD Metro FMR Area",1p3c,2893,1189,1507,1055,1267,3223,3634,14768,34716,14271,18084,12655,15209,38672,43609,177217,154757.0635,,,,
3780,VA,"Washington-Arlington-Alexandria, DC-VA-MD HUD Metro FMR Area",1p4c,2893,1456,1558,1114,1350,3223,3842,15435,34716,17473,18696,13362,16203,38672,46104,185225,154757.0635,,,,
3780,VA,"Washington-Arlington-Alexandria, DC-VA-MD HUD Metro FMR Area",2p0c,2056,757,1227,777,873,0,1379,7069,24672,9080,14724,9324,10479,0,16546,84825,154757.0635,,,,
3780,VA,"Washington-Arlington-Alexandria, DC-VA-MD HUD Metro FMR Area",2p1c,2314,939,1332,999,1010,1542,2013,10148,27768,11266,15986,11989,12119,18501,24152,121780,154757.0635,,,,
3780,VA,"Washington-Arlington-Alexandria, DC-VA-MD HUD Metro FMR Area",2p2c,2314,1194,1458,1221,1089,2827,2708,12811,27768,14327,17497,14653,13069,33926,32491,153731,154757.0635,,,,
3780,VA,"Washington-Arlington-Alexandria, DC-VA-MD HUD Metro FMR Area",2p3c,2893,1457,1506,1443,1350,3223,3419,15291,34716,17479,18077,17317,16205,38672,41031,183497,154757.0635,,,,
3780,VA,"Washington-Arlington-Alexandria, DC-VA-MD HUD Metro FMR Area",2p4c,2893,1783,1544,1502,1452,3223,3704,16100,34716,21394,18522,18024,17421,38672,44453,193201,154757.0635,,,,
3781,VA,"Madison County, VA HUD Metro FMR Area",1p0c,907,338,1203,403,386,0,821,4057,10884,4050,14430,4839,4637,0,9850,48689,104444,0,,,
3781,VA,"Madison County, VA HUD Metro FMR Area",1p1c,1096,495,1440,630,494,943,1031,6128,13152,5939,17277,7564,5927,11311,12369,73540,104444,0,,,
3781,VA,"Madison County, VA HUD Metro FMR Area",1p2c,1096,730,1574,857,567,1933,1530,8288,13152,8758,18887,10289,6802,23198,18364,99450,104444,0,,,
3781,VA,"Madison County, VA HUD Metro FMR Area",1p3c,1361,973,1670,1085,725,2238,2008,10059,16332,11670,20043,13014,8694,26855,24101,120708,104444,0,,,
3781,VA,"Madison County, VA HUD Metro FMR Area",1p4c,1361,1191,1815,1148,792,2238,2284,10830,16332,14288,21783,13779,9507,26855,27412,129956,104444,0,,,
3781,VA,"Madison County, VA HUD Metro FMR Area",2p0c,913,619,1381,807,476,0,867,5061,10956,7425,16568,9678,5707,0,10402,60736,104444,0,,,
3781,VA,"Madison County, VA HUD Metro FMR Area",2p1c,1096,768,1507,1034,579,943,1135,7060,13152,9213,18081,12403,6944,11311,13614,84719,104444,0,,,
3781,VA,"Madison County, VA HUD Metro FMR Area",2p2c,1096,976,1597,1261,643,1933,1362,8868,13152,11716,19162,15128,7721,23198,16339,106415,104444,0,,,
3781,VA,"Madison County, VA HUD Metro FMR Area",2p3c,1361,1191,1737,1488,792,2238,1744,10551,16332,14293,20845,17853,9508,26855,20924,126610,104444,0,,,
3781,VA,"Madison County, VA HUD Metro FMR Area",2p4c,1361,1458,1792,1552,875,2238,1981,11257,16332,17494,21509,18618,10502,26855,23771,135083,104444,0,,,
3782,WV,"Jefferson County, WV HUD Metro FMR Area",1p0c,944,355,1208,684,403,0,917,4512,11328,4258,14492,8212,4839,0,11009,54138,118108,0,,,
3782,WV,"Jefferson County, WV HUD Metro FMR Area",1p1c,1246,520,1510,1080,548,848,1359,7112,14952,6244,18123,12955,6581,10176,16309,85339,118108,0,,,
3782,WV,"Jefferson County, WV HUD Metro FMR Area",1p2c,1246,767,1662,1475,625,1590,1911,9276,14952,9207,19947,17699,7501,19082,22927,111315,118108,0,,,
3782,WV,"Jefferson County, WV HUD Metro FMR Area",1p3c,1746,1022,1833,1870,860,1819,2730,11880,20952,12269,21999,22443,10314,21823,32764,142563,118108,0,,,
3782,WV,"Jefferson County, WV HUD Metro FMR Area",1p4c,1746,1252,1905,1955,931,1819,2959,12566,20952,15021,22863,23456,11169,21823,35510,150793,118108,0,,,
3782,WV,"Jefferson County, WV HUD Metro FMR Area",2p0c,950,651,1455,1369,497,0,1151,6072,11400,7806,17464,16423,5963,0,13807,72863,118108,0,,,
3782,WV,"Jefferson County, WV HUD Metro FMR Area",2p1c,1246,807,1600,1764,637,848,1541,8444,14952,9685,19203,21167,7649,10176,18497,101329,118108,0,,,
3782,WV,"Jefferson County, WV HUD Metro FMR Area",2p2c,1246,1026,1766,2159,706,1590,1964,10457,14952,12317,21193,25911,8466,19082,23562,125483,118108,0,,,
3782,WV,"Jefferson County, WV HUD Metro FMR Area",2p3c,1746,1252,1834,2555,931,1819,2592,12728,20952,15026,22010,30654,11170,21823,31101,152736,118108,0,,,
3782,WV,"Jefferson County, WV HUD Metro FMR Area",2p4c,1746,1533,1887,2639,1018,1819,2866,13507,20952,18392,22644,31668,12215,21823,34394,162087,118108,0,,,
3783,VA,"Warren County, VA HUD Metro FMR Area",1p0c,983,364,1148,373,418,0,838,4124,11796,4373,13770,4476,5020,0,10053,49489,96160,0,,,
3783,VA,"Warren County, VA HUD Metro FMR Area",1p1c,1298,534,1478,582,569,653,1037,6152,15576,6413,17741,6983,6827,7840,12443,73821,96160,0,,,
3783,VA,"Warren County, VA HUD Metro FMR Area",1p2c,1298,788,1625,791,648,1440,1437,8027,15576,9457,19502,9490,7772,17284,17239,96320,96160,0,,,
3783,VA,"Warren County, VA HUD Metro FMR Area",1p3c,1744,1050,1725,1000,868,1683,2006,10075,20928,12601,20701,11998,10410,20190,24067,120894,96160,0,,,
3783,VA,"Warren County, VA HUD Metro FMR Area",1p4c,1744,1286,1796,1061,941,1683,2263,10773,20928,15428,21550,12737,11287,20190,27156,129276,96160,0,,,
3783,VA,"Warren County, VA HUD Metro FMR Area",2p0c,989,668,1424,746,515,0,917,5259,11868,8018,17085,8951,6174,0,11006,63102,96160,0,,,
3783,VA,"Warren County, VA HUD Metro FMR Area",2p1c,1298,829,1562,955,660,653,1146,7104,15576,9948,18747,11459,7924,7840,13748,85242,96160,0,,,
3783,VA,"Warren County, VA HUD Metro FMR Area",2p2c,1298,1054,1656,1164,730,1440,1295,8638,15576,12651,19872,13966,8764,17284,15539,103652,96160,0,,,
3783,VA,"Warren County, VA HUD Metro FMR Area",2p3c,1744,1286,1722,1373,941,1683,1714,10462,20928,15433,20665,16473,11289,20190,20565,125543,96160,0,,,
3783,VA,"Warren County, VA HUD Metro FMR Area",2p4c,1744,1574,1775,1434,1030,1683,1962,11201,20928,18890,21294,17212,12362,20190,23538,134414,96160,0,,,
3784,VA,"Culpeper County, VA HUD Metro FMR Area",1p0c,1148,358,1182,403,468,0,931,4489,13776,4292,14182,4836,5610,0,11167,53863,106515,0,,,
3784,VA,"Culpeper County, VA HUD Metro FMR Area",1p1c,1421,525,1516,630,604,804,1226,6725,17052,6294,18188,7559,7248,9649,14712,80703,106515,0,,,
3784,VA,"Culpeper County, VA HUD Metro FMR Area",1p2c,1421,774,1661,857,681,1690,1713,8796,17052,9282,19931,10282,8176,20274,20560,105557,106515,0,,,
3784,VA,"Culpeper County, VA HUD Metro FMR Area",1p3c,1882,1031,1758,1084,904,1962,2339,10960,22584,12368,21101,13005,10852,23543,28062,131515,106515,0,,,
3784,VA,"Culpeper County, VA HUD Metro FMR Area",1p4c,1882,1262,1827,1148,976,1962,2596,11652,22584,15143,21926,13771,11713,23543,31147,139827,106515,0,,,
3784,VA,"Culpeper County, VA HUD Metro FMR Area",2p0c,1148,656,1459,806,560,0,1016,5644,13776,7869,17505,9672,6720,0,12186,67729,106515,0,,,
3784,VA,"Culpeper County, VA HUD Metro FMR Area",2p1c,1421,814,1596,1033,694,804,1284,7645,17052,9764,19149,12395,8326,9649,15405,91740,106515,0,,,
3784,VA,"Culpeper County, VA HUD Metro FMR Area",2p2c,1421,1035,1687,1260,762,1690,1526,9381,17052,12417,20246,15118,9149,20274,18314,112570,106515,0,,,
3784,VA,"Culpeper County, VA HUD Metro FMR Area",2p3c,1882,1262,1751,1487,976,1962,2014,11334,22584,15148,21015,17841,11715,23543,24167,136013,106515,0,,,
3784,VA,"Culpeper County, VA HUD Metro FMR Area",2p4c,1882,1545,1877,1551,1064,1962,2320,12200,22584,18541,22518,18607,12768,23543,27838,146399,106515,0,,,
3785,VA,"Rappahannock County, VA HUD Metro FMR Area",1p0c,1183,358,1201,396,478,0,958,4573,14196,4292,14408,4751,5740,0,11494,54881,100202,0,,,
3785,VA,"Rappahannock County, VA HUD Metro FMR Area",1p1c,1361,525,1565,619,585,1078,1347,7079,16332,6294,18780,7422,7025,12939,16160,84953,100202,0,,,
3785,VA,"Rappahannock County, VA HUD Metro FMR Area",1p2c,1361,774,1728,841,663,2201,1986,9553,16332,9282,20734,10094,7952,26408,23837,114639,100202,0,,,
3785,VA,"Rappahannock County, VA HUD Metro FMR Area",1p3c,1640,1031,1838,1064,829,2546,2537,11485,19680,12368,22059,12766,9950,30552,30448,137824,100202,0,,,
3785,VA,"Rappahannock County, VA HUD Metro FMR Area",1p4c,1640,1262,1916,1127,901,2546,2801,12194,19680,15143,22996,13525,10812,30552,33617,146325,100202,0,,,
3785,VA,"Rappahannock County, VA HUD Metro FMR Area",2p0c,1229,656,1506,792,585,0,1063,5831,14748,7869,18069,9501,7022,0,12757,69966,100202,0,,,
3785,VA,"Rappahannock County, VA HUD Metro FMR Area",2p1c,1361,814,1659,1014,675,1078,1366,7968,16332,9764,19912,12173,8102,12939,16394,95616,100202,0,,,
3785,VA,"Rappahannock County, VA HUD Metro FMR Area",2p2c,1361,1035,1763,1237,744,2201,1767,10107,16332,12417,21154,14845,8926,26408,21202,121283,100202,0,,,
3785,VA,"Rappahannock County, VA HUD Metro FMR Area",2p3c,1640,1262,1836,1460,901,2546,2196,11841,19680,15148,22028,17517,10813,30552,26348,142086,100202,0,,,
3785,VA,"Rappahannock County, VA HUD Metro FMR Area",2p4c,1640,1545,1971,1523,989,2546,2508,12722,19680,18541,23657,18276,11867,30552,30092,152664,100202,0,,,
3786,IA,"Waterloo-Cedar Falls, IA HUD Metro FMR Area",1p0c,684,347,1055,397,320,0,653,3455,8208,4165,12661,4759,3842,0,7831,41465,87387.51315,0,,,
3786,IA,"Waterloo-Cedar Falls, IA HUD Metro FMR Area",1p1c,997,509,1343,619,468,732,878,5546,11964,6108,16111,7432,5611,8788,10539,66553,87387.51315,0,,,
3786,IA,"Waterloo-Cedar Falls, IA HUD Metro FMR Area",1p2c,997,751,1469,842,543,1318,1136,7055,11964,9007,17629,10104,6511,15819,13627,84662,87387.51315,0,,,
3786,IA,"Waterloo-Cedar Falls, IA HUD Metro FMR Area",1p3c,1301,1000,1556,1065,715,1499,1560,8694,15612,12003,18667,12777,8574,17982,18718,104333,87387.51315,0,,,
3786,IA,"Waterloo-Cedar Falls, IA HUD Metro FMR Area",1p4c,1301,1225,1617,1126,784,1499,1805,9356,15612,14695,19403,13514,9410,17982,21657,112272,87387.51315,0,,,
3786,IA,"Waterloo-Cedar Falls, IA HUD Metro FMR Area",2p0c,760,636,1294,793,434,0,746,4662,9120,7637,15522,9517,5203,0,8950,55949,87387.51315,0,,,
3786,IA,"Waterloo-Cedar Falls, IA HUD Metro FMR Area",2p1c,997,790,1414,1016,555,732,989,6493,11964,9475,16965,12190,6656,8788,11871,77910,87387.51315,0,,,
3786,IA,"Waterloo-Cedar Falls, IA HUD Metro FMR Area",2p2c,997,1004,1496,1239,621,1318,1102,7777,11964,12050,17948,14863,7456,15819,13221,93320,87387.51315,0,,,
3786,IA,"Waterloo-Cedar Falls, IA HUD Metro FMR Area",2p3c,1301,1225,1553,1461,784,1499,1313,9137,15612,14700,18641,17536,9411,17982,15756,109638,87387.51315,0,,,
3786,IA,"Waterloo-Cedar Falls, IA HUD Metro FMR Area",2p4c,1301,1499,1599,1523,869,1499,1526,9816,15612,17993,19191,18272,10433,17982,18309,117793,87387.51315,0,,,
3787,IA,"Bremer County, IA HUD Metro FMR Area",1p0c,656,349,1274,427,312,0,725,3744,7872,4189,15291,5129,3744,0,8702,44926,99082,0,,,
3787,IA,"Bremer County, IA HUD Metro FMR Area",1p1c,920,512,1586,669,445,696,934,5761,11040,6142,19034,8023,5335,8350,11211,69135,99082,0,,,
3787,IA,"Bremer County, IA HUD Metro FMR Area",1p2c,920,755,1747,910,520,1253,1230,7335,11040,9057,20968,10917,6240,15030,14763,88016,99082,0,,,
3787,IA,"Bremer County, IA HUD Metro FMR Area",1p3c,1196,1006,1855,1151,684,1424,1665,8980,14352,12069,22260,13812,8203,17086,19978,107760,99082,0,,,
3787,IA,"Bremer County, IA HUD Metro FMR Area",1p4c,1196,1231,2006,1215,754,1424,1963,9789,14352,14777,24074,14575,9044,17086,23557,117464,99082,0,,,
3787,IA,"Bremer County, IA HUD Metro FMR Area",2p0c,701,640,1521,855,416,0,816,4949,8412,7679,18247,10257,4996,0,9792,59384,99082,0,,,
3787,IA,"Bremer County, IA HUD Metro FMR Area",2p1c,920,794,1672,1096,532,696,1059,6769,11040,9528,20064,13152,6386,8350,12705,81224,99082,0,,,
3787,IA,"Bremer County, IA HUD Metro FMR Area",2p2c,920,1010,1773,1337,599,1253,1175,8066,11040,12116,21270,16046,7189,15030,14096,96788,99082,0,,,
3787,IA,"Bremer County, IA HUD Metro FMR Area",2p3c,1196,1232,1918,1578,754,1424,1441,9543,14352,14782,23018,18941,9045,17086,17291,114513,99082,0,,,
3787,IA,"Bremer County, IA HUD Metro FMR Area",2p4c,1196,1508,1975,1642,839,1424,1670,10255,14352,18092,23702,19704,10073,17086,20044,123054,99082,0,,,
3788,NY,"Watertown-Fort Drum, NY MSA",1p0c,889,350,1076,576,385,0,828,4104,10668,4200,12910,6912,4616,0,9940,49246,80333,0,,,
3788,NY,"Watertown-Fort Drum, NY MSA",1p1c,1282,513,1318,967,557,1014,1227,6879,15384,6159,15814,11606,6689,12167,14728,82546,80333,0,,,
3788,NY,"Watertown-Fort Drum, NY MSA",1p2c,1282,757,1512,1007,633,1997,1705,8893,15384,9082,18145,12085,7596,23968,20458,106719,80333,0,,,
3788,NY,"Watertown-Fort Drum, NY MSA",1p3c,1740,1009,1608,1047,853,2300,2254,10811,20880,12102,19296,12563,10240,27600,27051,129732,80333,0,,,
3788,NY,"Watertown-Fort Drum, NY MSA",1p4c,1740,1235,1677,1087,924,2300,2516,11478,20880,14817,20122,13041,11083,27600,30196,137739,80333,0,,,
3788,NY,"Watertown-Fort Drum, NY MSA",2p0c,977,642,1259,1152,503,0,962,5494,11724,7700,15107,13824,6031,0,11546,65932,80333,0,,,
3788,NY,"Watertown-Fort Drum, NY MSA",2p1c,1282,796,1445,1619,645,1014,1386,8187,15384,9554,17338,19422,7743,12167,16634,98242,80333,0,,,
3788,NY,"Watertown-Fort Drum, NY MSA",2p2c,1282,1013,1535,1658,712,1997,1616,9813,15384,12150,18415,19900,8549,23968,19387,117753,80333,0,,,
3788,NY,"Watertown-Fort Drum, NY MSA",2p3c,1740,1235,1599,1698,924,2300,2040,11536,20880,14822,19183,20378,11085,27600,24479,138427,80333,0,,,
3788,NY,"Watertown-Fort Drum, NY MSA",2p4c,1740,1512,1650,1738,1010,2300,2340,12290,20880,18142,19801,20857,12115,27600,28079,147474,80333,0,,,
3789,WI,"Wausau, WI HUD Metro FMR Area",1p0c,723,350,1134,497,333,0,707,3745,8676,4200,13606,5965,3998,0,8489,44934,94793,0,,,
3789,WI,"Wausau, WI HUD Metro FMR Area",1p1c,1054,513,1383,780,487,1065,1076,6357,12648,6159,16592,9360,5839,12775,12915,76288,94793,0,,,
3789,WI,"Wausau, WI HUD Metro FMR Area",1p2c,1054,757,1580,1063,562,2002,1638,8657,12648,9082,18959,12755,6747,24029,19660,103880,94793,0,,,
3789,WI,"Wausau, WI HUD Metro FMR Area",1p3c,1379,1009,1673,1346,741,2291,2194,10633,16548,12102,20080,16150,8895,27492,26328,127595,94793,0,,,
3789,WI,"Wausau, WI HUD Metro FMR Area",1p4c,1379,1235,1740,1415,812,2291,2446,11317,16548,14817,20874,16975,9738,27492,29356,135799,94793,0,,,
3789,WI,"Wausau, WI HUD Metro FMR Area",2p0c,803,642,1326,994,449,0,771,4984,9636,7700,15915,11930,5382,0,9246,59810,94793,0,,,
3789,WI,"Wausau, WI HUD Metro FMR Area",2p1c,1054,796,1517,1277,574,1065,1173,7456,12648,9554,18202,15325,6893,12775,14076,89473,94793,0,,,
3789,WI,"Wausau, WI HUD Metro FMR Area",2p2c,1054,1013,1605,1560,642,2002,1464,9340,12648,12150,19263,18720,7699,24029,17573,112082,94793,0,,,
3789,WI,"Wausau, WI HUD Metro FMR Area",2p3c,1379,1235,1668,1843,812,2291,1902,11129,16548,14822,20011,22115,9740,27492,22822,133549,94793,0,,,
3789,WI,"Wausau, WI HUD Metro FMR Area",2p4c,1379,1512,1717,1912,898,2291,2172,11880,16548,18142,20607,22940,10770,27492,26061,142561,94793,0,,,
3790,WI,"Lincoln County, WI HUD Metro FMR Area",1p0c,706,327,1175,497,321,0,704,3729,8472,3923,14099,5965,3848,0,8442,44749,87905,0,,,
3790,WI,"Lincoln County, WI HUD Metro FMR Area",1p1c,933,479,1454,780,439,963,973,6021,11196,5753,17445,9360,5262,11558,11675,72249,87905,0,,,
3790,WI,"Lincoln County, WI HUD Metro FMR Area",1p2c,933,707,1674,1063,509,1795,1447,8128,11196,8483,20088,12755,6110,21535,17367,97534,87905,0,,,
3790,WI,"Lincoln County, WI HUD Metro FMR Area",1p3c,1307,942,1783,1346,698,2050,2023,10150,15684,11304,21401,16150,8379,24605,24271,121794,87905,0,,,
3790,WI,"Lincoln County, WI HUD Metro FMR Area",1p4c,1307,1153,1862,1415,764,2050,2255,10806,15684,13840,22342,16975,9166,24605,27062,129675,87905,0,,,
3790,WI,"Lincoln County, WI HUD Metro FMR Area",2p0c,725,599,1390,994,411,0,738,4858,8700,7193,16682,11930,4934,0,8853,58292,87905,0,,,
3790,WI,"Lincoln County, WI HUD Metro FMR Area",2p1c,933,744,1601,1277,521,963,1087,7125,11196,8924,19210,15325,6247,11558,13038,85498,87905,0,,,
3790,WI,"Lincoln County, WI HUD Metro FMR Area",2p2c,933,946,1703,1560,583,1795,1294,8813,11196,11349,20436,18720,7000,21535,15525,105760,87905,0,,,
3790,WI,"Lincoln County, WI HUD Metro FMR Area",2p3c,1307,1154,1776,1843,764,2050,1724,10618,15684,13845,21310,22115,9168,24605,20689,127415,87905,0,,,
3790,WI,"Lincoln County, WI HUD Metro FMR Area",2p4c,1307,1412,1834,1912,844,2050,1971,11331,15684,16946,22011,22940,10131,24605,23653,135970,87905,0,,,
3791,OH,"Weirton-Steubenville, WV-OH MSA",1p0c,706,342,1030,593,325,0,615,3612,8472,4100,12363,7120,3903,0,7384,43343,74980.99099,0,,,
3791,OH,"Weirton-Steubenville, WV-OH MSA",1p1c,899,501,1271,934,435,1015,828,5883,10788,6013,15248,11208,5216,12181,9938,70592,74980.99099,0,,,
3791,OH,"Weirton-Steubenville, WV-OH MSA",1p2c,899,739,1465,1275,509,1759,1193,7839,10788,8866,17578,15297,6102,21112,14318,94062,74980.99099,0,,,
3791,OH,"Weirton-Steubenville, WV-OH MSA",1p3c,1197,985,1562,1615,677,1988,1643,9667,14364,11815,18738,19385,8128,23860,19713,116002,74980.99099,0,,,
3791,OH,"Weirton-Steubenville, WV-OH MSA",1p4c,1197,1205,1631,1692,746,1988,1870,10330,14364,14465,19571,20305,8951,23860,22445,123961,74980.99099,0,,,
3791,OH,"Weirton-Steubenville, WV-OH MSA",2p0c,711,626,1221,1187,415,0,731,4891,8532,7517,14656,14241,4983,0,8769,58697,74980.99099,0,,,
3791,OH,"Weirton-Steubenville, WV-OH MSA",2p1c,899,777,1408,1527,520,1015,1029,7176,10788,9327,16898,18329,6245,12181,12348,86115,74980.99099,0,,,
3791,OH,"Weirton-Steubenville, WV-OH MSA",2p2c,899,988,1499,1868,586,1759,1184,8784,10788,11861,17989,22417,7032,21112,14212,105410,74980.99099,0,,,
3791,OH,"Weirton-Steubenville, WV-OH MSA",2p3c,1197,1206,1564,2209,746,1988,1493,10403,14364,14470,18769,26505,8952,23860,17914,124834,74980.99099,0,,,
3791,OH,"Weirton-Steubenville, WV-OH MSA",2p4c,1197,1476,1617,2285,830,1988,1707,11100,14364,17711,19400,27425,9958,23860,20485,133204,74980.99099,0,,,
3792,WV,"Weirton-Steubenville, WV-OH MSA",1p0c,706,342,1030,593,325,0,711,3708,8472,4100,12363,7120,3903,0,8534,44493,74980.99099,,,,
3792,WV,"Weirton-Steubenville, WV-OH MSA",1p1c,899,501,1271,934,435,1015,1008,6062,10788,6013,15248,11208,5216,12181,12095,72749,74980.99099,,,,
3792,WV,"Weirton-Steubenville, WV-OH MSA",1p2c,899,739,1465,1275,509,1759,1498,8144,10788,8866,17578,15297,6102,21112,17978,97722,74980.99099,,,,
3792,WV,"Weirton-Steubenville, WV-OH MSA",1p3c,1197,985,1562,1615,677,1988,2023,10047,14364,11815,18738,19385,8128,23860,24279,120568,74980.99099,,,,
3792,WV,"Weirton-Steubenville, WV-OH MSA",1p4c,1197,1205,1631,1692,746,1988,2277,10736,14364,14465,19571,20305,8951,23860,27318,128834,74980.99099,,,,
3792,WV,"Weirton-Steubenville, WV-OH MSA",2p0c,711,626,1221,1187,415,0,885,5045,8532,7517,14656,14241,4983,0,10616,60545,74980.99099,,,,
3792,WV,"Weirton-Steubenville, WV-OH MSA",2p1c,899,777,1408,1527,520,1015,1272,7419,10788,9327,16898,18329,6245,12181,15265,89032,74980.99099,,,,
3792,WV,"Weirton-Steubenville, WV-OH MSA",2p2c,899,988,1499,1868,586,1759,1499,9099,10788,11861,17989,22417,7032,21112,17988,109187,74980.99099,,,,
3792,WV,"Weirton-Steubenville, WV-OH MSA",2p3c,1197,1206,1564,2209,746,1988,1913,10823,14364,14470,18769,26505,8952,23860,22959,129879,74980.99099,,,,
3792,WV,"Weirton-Steubenville, WV-OH MSA",2p4c,1197,1476,1617,2285,830,1988,2167,11560,14364,17711,19400,27425,9958,23860,26000,138719,74980.99099,,,,
3793,WA,"Wenatchee, WA MSA",1p0c,1020,369,1155,419,431,0,635,4029,12240,4430,13859,5024,5175,0,7615,48344,90984.09009,0,,,
3793,WA,"Wenatchee, WA MSA",1p1c,1488,541,1393,665,630,1098,922,6737,17856,6495,16711,7977,7560,13172,11068,80841,90984.09009,0,,,
3793,WA,"Wenatchee, WA MSA",1p2c,1488,798,1585,911,710,2006,1293,8791,17856,9578,19025,10931,8518,24070,15520,105497,90984.09009,0,,,
3793,WA,"Wenatchee, WA MSA",1p3c,2065,1064,1679,1157,971,2285,1834,11055,24780,12763,20152,13884,11656,27423,22002,132660,90984.09009,0,,,
3793,WA,"Wenatchee, WA MSA",1p4c,2065,1302,1747,1230,1045,2285,2046,11721,24780,15627,20958,14764,12545,27423,24557,140654,90984.09009,0,,,
3793,WA,"Wenatchee, WA MSA",2p0c,1134,677,1325,837,562,0,718,5253,13608,8121,15900,10049,6746,0,8611,63034,90984.09009,0,,,
3793,WA,"Wenatchee, WA MSA",2p1c,1488,840,1511,1084,723,1098,985,7728,17856,10076,18137,13002,8672,13172,11816,92731,90984.09009,0,,,
3793,WA,"Wenatchee, WA MSA",2p2c,1488,1068,1600,1330,794,2006,1160,9445,17856,12813,19205,15955,9522,24070,13917,113339,90984.09009,0,,,
3793,WA,"Wenatchee, WA MSA",2p3c,2065,1303,1664,1576,1046,2285,1551,11489,24780,15632,19966,18908,12547,27423,18609,137865,90984.09009,0,,,
3793,WA,"Wenatchee, WA MSA",2p4c,2065,1594,1715,1649,1136,2285,1766,12211,24780,19133,20580,19788,13634,27423,21190,146529,90984.09009,0,,,
3794,OH,"Wheeling, WV-OH MSA",1p0c,654,330,1055,615,306,0,604,3565,7848,3963,12664,7383,3667,0,7252,42777,78380.65184,0,,,
3794,OH,"Wheeling, WV-OH MSA",1p1c,954,484,1285,969,447,965,843,5947,11448,5812,15421,11628,5359,11577,10114,71359,78380.65184,0,,,
3794,OH,"Wheeling, WV-OH MSA",1p2c,954,714,1411,1323,518,1686,1174,7779,11448,8570,16933,15874,6215,20227,14082,93349,78380.65184,0,,,
3794,OH,"Wheeling, WV-OH MSA",1p3c,1228,952,1565,1677,677,1907,1633,9638,14736,11420,18782,20119,8121,22888,19592,115659,78380.65184,0,,,
3794,OH,"Wheeling, WV-OH MSA",1p4c,1228,1165,1631,1755,743,1907,1854,10284,14736,13982,19577,21061,8916,22888,22249,123410,78380.65184,0,,,
3794,OH,"Wheeling, WV-OH MSA",2p0c,786,606,1234,1230,432,0,768,5056,9432,7266,14812,14765,5184,0,9213,60672,78380.65184,0,,,
3794,OH,"Wheeling, WV-OH MSA",2p1c,954,751,1354,1584,529,965,1026,7163,11448,9016,16242,19011,6353,11577,12313,85960,78380.65184,0,,,
3794,OH,"Wheeling, WV-OH MSA",2p2c,954,955,1502,1938,593,1686,1200,8829,11448,11465,18028,23256,7114,20227,14405,105944,78380.65184,0,,,
3794,OH,"Wheeling, WV-OH MSA",2p3c,1228,1166,1565,2292,743,1907,1489,10389,14736,13987,18775,27502,8918,22888,17863,124669,78380.65184,0,,,
3794,OH,"Wheeling, WV-OH MSA",2p4c,1228,1427,1615,2370,824,1907,1696,11067,14736,17120,19376,28443,9890,22888,20351,132805,78380.65184,0,,,
3795,WV,"Wheeling, WV-OH MSA",1p0c,654,330,1055,615,306,0,700,3660,7848,3963,12664,7383,3667,0,8396,43920,78380.65184,,,,
3795,WV,"Wheeling, WV-OH MSA",1p1c,954,484,1285,969,447,965,1025,6129,11448,5812,15421,11628,5359,11577,12305,73550,78380.65184,,,,
3795,WV,"Wheeling, WV-OH MSA",1p2c,954,714,1411,1323,518,1686,1475,8081,11448,8570,16933,15874,6215,20227,17701,96969,78380.65184,,,,
3795,WV,"Wheeling, WV-OH MSA",1p3c,1228,952,1565,1677,677,1907,2012,10017,14736,11420,18782,20119,8121,22888,24141,120208,78380.65184,,,,
3795,WV,"Wheeling, WV-OH MSA",1p4c,1228,1165,1631,1755,743,1907,2258,10688,14736,13982,19577,21061,8916,22888,27095,128255,78380.65184,,,,
3795,WV,"Wheeling, WV-OH MSA",2p0c,786,606,1234,1230,432,0,929,5217,9432,7266,14812,14765,5184,0,11148,62607,78380.65184,,,,
3795,WV,"Wheeling, WV-OH MSA",2p1c,954,751,1354,1584,529,965,1269,7406,11448,9016,16242,19011,6353,11577,15222,88869,78380.65184,,,,
3795,WV,"Wheeling, WV-OH MSA",2p2c,954,955,1502,1938,593,1686,1513,9141,11448,11465,18028,23256,7114,20227,18156,109695,78380.65184,,,,
3795,WV,"Wheeling, WV-OH MSA",2p3c,1228,1166,1565,2292,743,1907,1908,10809,14736,13987,18775,27502,8918,22888,22897,129703,78380.65184,,,,
3795,WV,"Wheeling, WV-OH MSA",2p4c,1228,1427,1615,2370,824,1907,2154,11525,14736,17120,19376,28443,9890,22888,25846,138300,78380.65184,,,,
3796,KS,"Wichita, KS HUD Metro FMR Area",1p0c,690,345,1047,477,321,0,674,3555,8280,4136,12569,5729,3855,0,8086,42654,87338.71542,1,98,72,84
3796,KS,"Wichita, KS HUD Metro FMR Area",1p1c,995,505,1282,749,466,699,827,5523,11940,6065,15382,8982,5590,8393,9918,66270,87338.71542,1,98,72,84
3796,KS,"Wichita, KS HUD Metro FMR Area",1p2c,995,745,1469,1020,540,1129,995,6892,11940,8943,17622,12236,6484,13544,11938,82706,87338.71542,1,98,72,84
3796,KS,"Wichita, KS HUD Metro FMR Area",1p3c,1305,993,1557,1291,714,1261,1363,8484,15660,11917,18686,15489,8562,15128,16360,101802,87338.71542,1,98,72,84
3796,KS,"Wichita, KS HUD Metro FMR Area",1p4c,1305,1216,1620,1358,783,1261,1589,9131,15660,14591,19442,16297,9392,15128,19067,109576,87338.71542,1,98,72,84
3796,KS,"Wichita, KS HUD Metro FMR Area",2p0c,760,632,1234,955,432,0,756,4768,9120,7582,14804,11457,5186,0,9071,57220,87338.71542,1,98,72,84
3796,KS,"Wichita, KS HUD Metro FMR Area",2p1c,995,784,1414,1226,552,699,985,6656,11940,9408,16969,14711,6628,8393,11820,79868,87338.71542,1,98,72,84
3796,KS,"Wichita, KS HUD Metro FMR Area",2p2c,995,997,1498,1497,619,1129,1019,7753,11940,11964,17977,17964,7422,13544,12227,93037,87338.71542,1,98,72,84
3796,KS,"Wichita, KS HUD Metro FMR Area",2p3c,1305,1216,1557,1768,783,1261,1218,9108,15660,14596,18689,21218,9394,15128,14610,109295,87338.71542,1,98,72,84
3796,KS,"Wichita, KS HUD Metro FMR Area",2p4c,1305,1489,1605,1835,867,1261,1421,9783,15660,17865,19256,22025,10409,15128,17052,117396,87338.71542,1,98,72,84
3797,KS,"Sumner County, KS HUD Metro FMR Area",1p0c,655,327,1148,477,305,0,685,3597,7860,3923,13774,5729,3658,0,8214,43158,82406,0,,,
3797,KS,"Sumner County, KS HUD Metro FMR Area",1p1c,948,479,1427,749,443,495,774,5314,11376,5753,17123,8982,5318,5937,9282,63772,82406,0,,,
3797,KS,"Sumner County, KS HUD Metro FMR Area",1p2c,948,707,1646,1020,514,913,923,6670,11376,8483,19746,12236,6166,10950,11078,80035,82406,0,,,
3797,KS,"Sumner County, KS HUD Metro FMR Area",1p3c,1142,942,1754,1291,647,1041,1195,8012,13704,11304,21048,15489,7764,12492,14337,96139,82406,0,,,
3797,KS,"Sumner County, KS HUD Metro FMR Area",1p4c,1142,1153,1832,1358,713,1041,1412,8651,13704,13840,21978,16297,8552,12492,16946,103808,82406,0,,,
3797,KS,"Sumner County, KS HUD Metro FMR Area",2p0c,723,599,1365,955,411,0,769,4822,8676,7193,16376,11457,4927,0,9230,57858,82406,0,,,
3797,KS,"Sumner County, KS HUD Metro FMR Area",2p1c,948,744,1574,1226,525,495,931,6442,11376,8924,18884,14711,6303,5937,11173,77308,82406,0,,,
3797,KS,"Sumner County, KS HUD Metro FMR Area",2p2c,948,946,1675,1497,588,913,962,7529,11376,11349,20100,17964,7055,10950,11547,90342,82406,0,,,
3797,KS,"Sumner County, KS HUD Metro FMR Area",2p3c,1142,1154,1747,1768,713,1041,1073,8638,13704,13845,20965,21218,8553,12492,12879,103656,82406,0,,,
3797,KS,"Sumner County, KS HUD Metro FMR Area",2p4c,1142,1412,1805,1835,793,1041,1265,9293,13704,16946,21656,22025,9516,12492,15181,111521,82406,0,,,
3798,TX,"Wichita Falls, TX MSA",1p0c,823,326,1052,589,357,0,574,3720,9876,3912,12619,7067,4281,0,6887,44642,82968.153,0,,,
3798,TX,"Wichita Falls, TX MSA",1p1c,1102,478,1264,927,491,603,625,5490,13224,5736,15173,11126,5887,7239,7495,65880,82968.153,0,,,
3798,TX,"Wichita Falls, TX MSA",1p2c,1102,705,1383,1265,561,1171,751,6938,13224,8458,16592,15185,6732,14053,9006,83250,82968.153,0,,,
3798,TX,"Wichita Falls, TX MSA",1p3c,1506,939,1532,1604,759,1346,1134,8820,18072,11271,18380,19243,9110,16149,13612,105837,82968.153,0,,,
3798,TX,"Wichita Falls, TX MSA",1p4c,1506,1150,1595,1681,825,1346,1321,9424,18072,13800,19139,20173,9895,16149,15855,113082,82968.153,0,,,
3798,TX,"Wichita Falls, TX MSA",2p0c,896,598,1216,1178,464,0,673,5024,10752,7171,14591,14135,5565,0,8070,60284,82968.153,0,,,
3798,TX,"Wichita Falls, TX MSA",2p1c,1102,742,1329,1516,572,603,770,6634,13224,8898,15946,18193,6868,7239,9236,79605,82968.153,0,,,
3798,TX,"Wichita Falls, TX MSA",2p2c,1102,943,1474,1854,635,1171,819,7998,13224,11315,17684,22252,7619,14053,9824,95971,82968.153,0,,,
3798,TX,"Wichita Falls, TX MSA",2p3c,1506,1150,1534,2193,825,1346,1023,9576,18072,13804,18405,26311,9897,16149,12279,114916,82968.153,0,,,
3798,TX,"Wichita Falls, TX MSA",2p4c,1506,1408,1583,2270,905,1346,1180,10197,18072,16896,18993,27240,10857,16149,14161,122368,82968.153,0,,,
3799,PA,"Williamsport, PA MSA",1p0c,771,351,1066,420,348,0,667,3622,9252,4212,12787,5036,4180,0,8000,43467,80388,0,,,
3799,PA,"Williamsport, PA MSA",1p1c,1125,515,1287,666,509,617,801,5520,13500,6176,15443,7996,6109,7409,9608,66242,80388,0,,,
3799,PA,"Williamsport, PA MSA",1p2c,1125,759,1408,913,585,1219,987,6996,13500,9107,16894,10957,7019,14625,11845,83947,80388,0,,,
3799,PA,"Williamsport, PA MSA",1p3c,1477,1011,1558,1160,773,1404,1388,8770,17724,12136,18690,13917,9271,16845,16661,105243,80388,0,,,
3799,PA,"Williamsport, PA MSA",1p4c,1477,1238,1621,1225,843,1404,1612,9420,17724,14858,19451,14700,10116,16845,19345,113039,80388,0,,,
3799,PA,"Williamsport, PA MSA",2p0c,943,643,1233,839,493,0,815,4966,11316,7721,14800,10071,5911,0,9776,59595,80388,0,,,
3799,PA,"Williamsport, PA MSA",2p1c,1125,798,1348,1086,597,617,948,6521,13500,9580,16178,13032,7166,7409,11381,78246,80388,0,,,
3799,PA,"Williamsport, PA MSA",2p2c,1125,1015,1493,1333,665,1219,1040,7890,13500,12183,17920,15992,7974,14625,12481,94675,80388,0,,,
3799,PA,"Williamsport, PA MSA",2p3c,1477,1239,1553,1579,843,1404,1253,9348,17724,14863,18638,18953,10117,16845,15033,112173,80388,0,,,
3799,PA,"Williamsport, PA MSA",2p4c,1477,1516,1602,1645,929,1404,1451,10023,17724,18192,19220,19736,11151,16845,17406,120274,80388,0,,,
3800,NC,"Wilmington, NC HUD Metro FMR Area",1p0c,1083,393,958,518,458,0,852,4263,12996,4719,11498,6220,5500,0,10226,51159,99706,0,,,
3800,NC,"Wilmington, NC HUD Metro FMR Area",1p1c,1580,577,1181,814,670,678,1164,6663,18960,6920,14166,9771,8035,8141,13964,79957,99706,0,,,
3800,NC,"Wilmington, NC HUD Metro FMR Area",1p2c,1580,850,1358,1110,755,1362,1630,8644,18960,10205,16292,13322,9055,16338,19557,103729,99706,0,,,
3800,NC,"Wilmington, NC HUD Metro FMR Area",1p3c,2087,1133,1443,1406,1000,1572,2295,10935,25044,13598,17316,16873,11997,18860,27536,131225,99706,0,,,
3800,NC,"Wilmington, NC HUD Metro FMR Area",1p4c,2087,1387,1504,1478,1079,1572,2572,11679,25044,16649,18043,17741,12945,18860,30862,140143,99706,0,,,
3800,NC,"Wilmington, NC HUD Metro FMR Area",2p0c,1427,721,1138,1037,667,0,1099,6088,17124,8652,13655,12439,8003,0,13187,73060,99706,0,,,
3800,NC,"Wilmington, NC HUD Metro FMR Area",2p1c,1580,895,1309,1333,768,678,1320,7883,18960,10735,15713,15991,9220,8141,15841,94600,99706,0,,,
3800,NC,"Wilmington, NC HUD Metro FMR Area",2p2c,1580,1138,1390,1629,844,1362,1549,9491,18960,13652,16685,19542,10125,16338,18586,113888,99706,0,,,
3800,NC,"Wilmington, NC HUD Metro FMR Area",2p3c,2087,1388,1448,1924,1079,1572,2094,11591,25044,16655,17374,23093,12946,18860,25124,139096,99706,0,,,
3800,NC,"Wilmington, NC HUD Metro FMR Area",2p4c,2087,1699,1494,1997,1175,1572,2384,12407,25044,20385,17923,23960,14105,18860,28604,148881,99706,0,,,
3801,NC,"Pender County, NC HUD Metro FMR Area",1p0c,740,383,1197,518,349,0,780,3967,8880,4592,14369,6220,4183,0,9361,47605,95366,0,,,
3801,NC,"Pender County, NC HUD Metro FMR Area",1p1c,1079,561,1448,814,509,699,979,6090,12948,6734,17376,9771,6111,8388,11745,73074,95366,0,,,
3801,NC,"Pender County, NC HUD Metro FMR Area",1p2c,1079,828,1587,1110,592,1068,1213,7476,12948,9931,19049,13322,7103,12810,14552,89716,95366,0,,,
3801,NC,"Pender County, NC HUD Metro FMR Area",1p3c,1512,1103,1759,1406,812,1181,1795,9567,18144,13233,21102,16873,9742,14171,21534,114798,95366,0,,,
3801,NC,"Pender County, NC HUD Metro FMR Area",1p4c,1512,1350,1833,1478,889,1181,2058,10301,18144,16201,21994,17741,10663,14171,24692,123606,95366,0,,,
3801,NC,"Pender County, NC HUD Metro FMR Area",2p0c,974,702,1386,1037,520,0,975,5594,11688,8419,16635,12439,6243,0,11705,67129,95366,0,,,
3801,NC,"Pender County, NC HUD Metro FMR Area",2p1c,1079,871,1517,1333,605,699,1166,7269,12948,10447,18204,15991,7263,8388,13989,87230,95366,0,,,
3801,NC,"Pender County, NC HUD Metro FMR Area",2p2c,1079,1107,1682,1629,679,1068,1245,8488,12948,13285,20178,19542,8145,12810,14942,101850,95366,0,,,
3801,NC,"Pender County, NC HUD Metro FMR Area",2p3c,1512,1351,1751,1924,889,1181,1621,10229,18144,16207,21009,23093,10665,14171,19457,122745,95366,0,,,
3801,NC,"Pender County, NC HUD Metro FMR Area",2p4c,1512,1653,1807,1997,983,1181,1896,11028,18144,19837,21679,23960,11792,14171,22752,132336,95366,0,,,
3802,VA,"Winchester, VA-WV MSA",1p0c,1095,353,1115,449,450,0,897,4358,13140,4234,13377,5387,5394,0,10769,52300,100152.9902,0,,,
3802,VA,"Winchester, VA-WV MSA",1p1c,1569,517,1365,703,648,785,1271,6858,18828,6208,16379,8439,7773,9420,15252,82299,100152.9902,0,,,
3802,VA,"Winchester, VA-WV MSA",1p2c,1569,763,1563,958,724,1582,1756,8914,18828,9155,18755,11492,8688,18982,21067,106966,100152.9902,0,,,
3802,VA,"Winchester, VA-WV MSA",1p3c,1952,1017,1656,1212,922,1827,2317,10903,23424,12199,19877,14544,11060,21924,27803,130831,100152.9902,0,,,
3802,VA,"Winchester, VA-WV MSA",1p4c,1952,1245,1723,1279,992,1827,2572,11590,23424,14935,20673,15350,11909,21924,30862,139078,100152.9902,0,,,
3802,VA,"Winchester, VA-WV MSA",2p0c,1253,647,1313,898,590,0,1040,5740,15036,7762,15752,10773,7078,0,12480,68880,100152.9902,0,,,
3802,VA,"Winchester, VA-WV MSA",2p1c,1569,803,1504,1152,736,785,1348,7897,18828,9630,18047,13826,8835,9420,16177,94763,100152.9902,0,,,
3802,VA,"Winchester, VA-WV MSA",2p2c,1569,1021,1592,1407,804,1582,1584,9559,18828,12247,19108,16878,9648,18982,19011,114702,100152.9902,0,,,
3802,VA,"Winchester, VA-WV MSA",2p3c,1952,1245,1655,1661,993,1827,2021,11353,23424,14940,19858,19931,11911,21924,24246,136235,100152.9902,0,,,
3802,VA,"Winchester, VA-WV MSA",2p4c,1952,1524,1705,1728,1079,1827,2283,12098,23424,18287,20454,20737,12950,21924,27396,145171,100152.9902,0,,,
3803,WV,"Winchester, VA-WV MSA",1p0c,1095,353,1115,449,450,0,868,4329,13140,4234,13377,5387,5394,0,10414,51945,100152.9902,,,,
3803,WV,"Winchester, VA-WV MSA",1p1c,1569,517,1365,703,648,785,1270,6858,18828,6208,16379,8439,7773,9420,15242,82290,100152.9902,,,,
3803,WV,"Winchester, VA-WV MSA",1p2c,1569,763,1563,958,724,1582,1783,8941,18828,9155,18755,11492,8688,18982,21396,107295,100152.9902,,,,
3803,WV,"Winchester, VA-WV MSA",1p3c,1952,1017,1656,1212,922,1827,2374,10959,23424,12199,19877,14544,11060,21924,28485,131512,100152.9902,,,,
3803,WV,"Winchester, VA-WV MSA",1p4c,1952,1245,1723,1279,992,1827,2628,11646,23424,14935,20673,15350,11909,21924,31537,139752,100152.9902,,,,
3803,WV,"Winchester, VA-WV MSA",2p0c,1253,647,1313,898,590,0,1072,5772,15036,7762,15752,10773,7078,0,12864,69265,100152.9902,,,,
3803,WV,"Winchester, VA-WV MSA",2p1c,1569,803,1504,1152,736,785,1415,7964,18828,9630,18047,13826,8835,9420,16983,95570,100152.9902,,,,
3803,WV,"Winchester, VA-WV MSA",2p2c,1569,1021,1592,1407,804,1582,1688,9662,18828,12247,19108,16878,9648,18982,20255,115946,100152.9902,,,,
3803,WV,"Winchester, VA-WV MSA",2p3c,1952,1245,1655,1661,993,1827,2149,11482,23424,14940,19858,19931,11911,21924,25789,137778,100152.9902,,,,
3803,WV,"Winchester, VA-WV MSA",2p4c,1952,1524,1705,1728,1079,1827,2412,12226,23424,18287,20454,20737,12950,21924,28940,146715,100152.9902,,,,
3804,NC,"Winston-Salem, NC HUD Metro FMR Area",1p0c,945,354,1038,420,403,0,771,3932,11340,4251,12459,5040,4841,0,9256,47187,82037.5181,0,,,
3804,NC,"Winston-Salem, NC HUD Metro FMR Area",1p1c,1163,520,1264,657,522,734,894,5754,13956,6234,15166,7885,6268,8802,10730,69042,82037.5181,0,,,
3804,NC,"Winston-Salem, NC HUD Metro FMR Area",1p2c,1163,766,1389,894,599,1164,1069,7044,13956,9193,16665,10730,7187,13971,12823,84525,82037.5181,0,,,
3804,NC,"Winston-Salem, NC HUD Metro FMR Area",1p3c,1526,1021,1543,1131,791,1297,1522,8830,18312,12249,18515,13576,9488,15562,18262,105964,82037.5181,0,,,
3804,NC,"Winston-Salem, NC HUD Metro FMR Area",1p4c,1526,1250,1609,1196,862,1297,1776,9516,18312,14997,19313,14356,10342,15562,21306,114188,82037.5181,0,,,
3804,NC,"Winston-Salem, NC HUD Metro FMR Area",2p0c,992,650,1217,840,510,0,838,5046,11904,7794,14601,10080,6116,0,10061,60556,82037.5181,0,,,
3804,NC,"Winston-Salem, NC HUD Metro FMR Area",2p1c,1163,806,1336,1077,611,734,1039,6765,13956,9670,16026,12925,7335,8802,12470,81185,82037.5181,0,,,
3804,NC,"Winston-Salem, NC HUD Metro FMR Area",2p2c,1163,1025,1485,1314,679,1164,1106,7937,13956,12298,17820,15770,8151,13971,13274,95241,82037.5181,0,,,
3804,NC,"Winston-Salem, NC HUD Metro FMR Area",2p3c,1526,1250,1548,1551,862,1297,1346,9380,18312,15003,18575,18616,10343,15562,16154,112563,82037.5181,0,,,
3804,NC,"Winston-Salem, NC HUD Metro FMR Area",2p4c,1526,1530,1599,1616,949,1297,1577,10094,18312,18363,19185,19396,11387,15562,18922,121127,82037.5181,0,,,
3805,NC,"Davidson County, NC HUD Metro FMR Area",1p0c,790,322,1087,420,345,0,706,3670,9480,3865,13043,5040,4143,0,8471,44043,77356,0,,,
3805,NC,"Davidson County, NC HUD Metro FMR Area",1p1c,933,472,1324,657,436,653,765,5241,11196,5668,15893,7885,5236,7835,9184,62897,77356,0,,,
3805,NC,"Davidson County, NC HUD Metro FMR Area",1p2c,933,697,1457,894,506,1028,852,6366,11196,8359,17478,10730,6071,12340,10219,76393,77356,0,,,
3805,NC,"Davidson County, NC HUD Metro FMR Area",1p3c,1244,928,1618,1131,674,1144,1208,7948,14928,11138,19418,13576,8093,13726,14492,95371,77356,0,,,
3805,NC,"Davidson County, NC HUD Metro FMR Area",1p4c,1244,1136,1689,1196,739,1144,1433,8581,14928,13637,20263,14356,8869,13726,17199,102977,77356,0,,,
3805,NC,"Davidson County, NC HUD Metro FMR Area",2p0c,812,591,1273,840,435,0,753,4705,9744,7087,15279,10080,5225,0,9041,56457,77356,0,,,
3805,NC,"Davidson County, NC HUD Metro FMR Area",2p1c,933,733,1398,1077,517,653,900,6211,11196,8793,16780,12925,6206,7835,10799,74534,77356,0,,,
3805,NC,"Davidson County, NC HUD Metro FMR Area",2p2c,933,932,1555,1314,579,1028,941,7282,11196,11182,18655,15770,6948,12340,11292,87383,77356,0,,,
3805,NC,"Davidson County, NC HUD Metro FMR Area",2p3c,1244,1137,1621,1551,739,1144,1078,8514,14928,13641,19450,18616,8870,13726,12935,102167,77356,0,,,
3805,NC,"Davidson County, NC HUD Metro FMR Area",2p4c,1244,1391,1675,1616,818,1144,1279,9167,14928,16697,20094,19396,9819,13726,15347,110007,77356,0,,,
3806,MA,"Worcester, MA HUD Metro FMR Area",1p0c,1429,386,1085,420,563,0,1053,4935,17148,4627,13014,5035,6761,0,12636,59220,116982,0,,,
3806,MA,"Worcester, MA HUD Metro FMR Area",1p1c,1854,565,1342,646,751,1445,1700,8303,22248,6785,16106,7748,9014,17338,20401,99639,116982,0,,,
3806,MA,"Worcester, MA HUD Metro FMR Area",1p2c,1854,834,1473,872,835,2509,2320,10696,22248,10005,17676,10461,10014,30113,27838,128355,116982,0,,,
3806,MA,"Worcester, MA HUD Metro FMR Area",1p3c,2265,1111,1623,1098,1048,2837,2967,12949,27180,13332,19473,13175,12578,34043,35607,155389,116982,0,,,
3806,MA,"Worcester, MA HUD Metro FMR Area",1p4c,2265,1360,1686,1138,1126,2837,3099,13510,27180,16323,20228,13653,13507,34043,37190,162124,116982,0,,,
3806,MA,"Worcester, MA HUD Metro FMR Area",2p0c,1438,707,1295,839,666,0,1118,6063,17256,8483,15539,10070,7991,0,13421,72760,116982,0,,,
3806,MA,"Worcester, MA HUD Metro FMR Area",2p1c,1854,877,1420,1065,848,1445,1645,9154,22248,10525,17034,12783,10175,17338,19742,109844,116982,0,,,
3806,MA,"Worcester, MA HUD Metro FMR Area",2p2c,1854,1115,1565,1291,922,2509,2165,11422,22248,13385,18775,15496,11063,30113,25980,137061,116982,0,,,
3806,MA,"Worcester, MA HUD Metro FMR Area",2p3c,2265,1361,1624,1518,1126,2837,2667,13397,27180,16329,19487,18210,13508,34043,32004,160762,116982,0,,,
3806,MA,"Worcester, MA HUD Metro FMR Area",2p4c,2265,1666,1670,1557,1220,2837,2922,14137,27180,19986,20045,18688,14644,34043,35063,169649,116982,0,,,
3807,MA,"Eastern Worcester County, MA HUD Metro FMR Area",1p0c,1408,386,1085,420,557,0,1039,4894,16896,4627,13014,5035,6682,0,12473,58727,116982,0,,,
3807,MA,"Eastern Worcester County, MA HUD Metro FMR Area",1p1c,2053,565,1342,646,813,1445,1841,8705,24636,6785,16106,7748,9755,17338,22091,104459,116982,0,,,
3807,MA,"Eastern Worcester County, MA HUD Metro FMR Area",1p2c,2053,834,1473,872,896,2509,2473,11110,24636,10005,17676,10461,10755,30113,29677,133323,116982,0,,,
3807,MA,"Eastern Worcester County, MA HUD Metro FMR Area",1p3c,2877,1111,1623,1098,1238,2837,3280,14064,34524,13332,19473,13175,14858,34043,39364,168770,116982,0,,,
3807,MA,"Eastern Worcester County, MA HUD Metro FMR Area",1p4c,2877,1360,1686,1138,1316,2837,3472,14685,34524,16323,20228,13653,15787,34043,41658,176216,116982,0,,,
3807,MA,"Eastern Worcester County, MA HUD Metro FMR Area",2p0c,1565,707,1295,839,705,0,1173,6284,18780,8483,15539,10070,8464,0,14077,75413,116982,0,,,
3807,MA,"Eastern Worcester County, MA HUD Metro FMR Area",2p1c,2053,877,1420,1065,910,1445,1771,9540,24636,10525,17034,12783,10917,17338,21252,114484,116982,0,,,
3807,MA,"Eastern Worcester County, MA HUD Metro FMR Area",2p2c,2053,1115,1565,1291,984,2509,2306,11824,24636,13385,18775,15496,11804,30113,27676,141886,116982,0,,,
3807,MA,"Eastern Worcester County, MA HUD Metro FMR Area",2p3c,2877,1361,1624,1518,1316,2837,3100,14632,34524,16329,19487,18210,15788,34043,37201,175583,116982,0,,,
3807,MA,"Eastern Worcester County, MA HUD Metro FMR Area",2p4c,2877,1666,1670,1557,1410,2837,3355,15373,34524,19986,20045,18688,16924,34043,40263,184474,116982,0,,,
3808,MA,"Fitchburg-Leominster, MA HUD Metro FMR Area",1p0c,1139,386,1085,420,473,0,879,4381,13668,4627,13014,5035,5680,0,10553,52576,116982,0,,,
3808,MA,"Fitchburg-Leominster, MA HUD Metro FMR Area",1p1c,1661,565,1342,646,691,1445,1578,7928,19932,6785,16106,7748,8295,17338,18930,95133,116982,0,,,
3808,MA,"Fitchburg-Leominster, MA HUD Metro FMR Area",1p2c,1661,834,1473,872,775,2509,2172,10296,19932,10005,17676,10461,9295,30113,26064,123546,116982,0,,,
3808,MA,"Fitchburg-Leominster, MA HUD Metro FMR Area",1p3c,2165,1111,1623,1098,1017,2837,2907,12758,25980,13332,19473,13175,12205,34043,34882,153092,116982,0,,,
3808,MA,"Fitchburg-Leominster, MA HUD Metro FMR Area",1p4c,2165,1360,1686,1138,1095,2837,3038,13318,25980,16323,20228,13653,13134,34043,36451,159813,116982,0,,,
3808,MA,"Fitchburg-Leominster, MA HUD Metro FMR Area",2p0c,1332,707,1295,839,633,0,1073,5879,15984,8483,15539,10070,7596,0,12873,70545,116982,0,,,
3808,MA,"Fitchburg-Leominster, MA HUD Metro FMR Area",2p1c,1661,877,1420,1065,788,1445,1549,8804,19932,10525,17034,12783,9456,17338,18584,105652,116982,0,,,
3808,MA,"Fitchburg-Leominster, MA HUD Metro FMR Area",2p2c,1661,1115,1565,1291,862,2509,2032,11036,19932,13385,18775,15496,10344,30113,24389,132434,116982,0,,,
3808,MA,"Fitchburg-Leominster, MA HUD Metro FMR Area",2p3c,2165,1361,1624,1518,1095,2837,2620,13218,25980,16329,19487,18210,13136,34043,31434,158618,116982,0,,,
3808,MA,"Fitchburg-Leominster, MA HUD Metro FMR Area",2p4c,2165,1666,1670,1557,1189,2837,2851,13936,25980,19986,20045,18688,14271,34043,34214,167228,116982,0,,,
3809,CT,"Windham County, CT HUD Metro FMR Area",1p0c,1135,368,1144,586,467,0,965,4664,13620,4419,13724,7028,5601,0,11574,55966,,0,,,
3809,CT,"Windham County, CT HUD Metro FMR Area",1p1c,1600,540,1443,932,664,1191,1674,8045,19200,6480,17321,11181,7973,14296,20093,96544,,0,,,
3809,CT,"Windham County, CT HUD Metro FMR Area",1p2c,1600,796,1596,1278,744,1774,2170,9958,19200,9556,19152,15334,8928,21292,26036,119498,,0,,,
3809,CT,"Windham County, CT HUD Metro FMR Area",1p3c,1958,1061,1765,1624,937,1954,2780,12079,23496,12734,21179,19487,11248,23444,33363,144951,,0,,,
3809,CT,"Windham County, CT HUD Metro FMR Area",1p4c,1958,1299,1838,1701,1011,1954,3027,12788,23496,15591,22052,20416,12135,23444,36319,153454,,0,,,
3809,CT,"Windham County, CT HUD Metro FMR Area",2p0c,1220,675,1389,1171,588,0,1119,6163,14640,8102,16672,14056,7061,0,13427,73958,,0,,,
3809,CT,"Windham County, CT HUD Metro FMR Area",2p1c,1600,838,1533,1517,757,1191,1679,9116,19200,10053,18399,18209,9082,14296,20152,109391,,0,,,
3809,CT,"Windham County, CT HUD Metro FMR Area",2p2c,1600,1065,1696,1864,828,1774,2106,10932,19200,12784,20349,22362,9930,21292,25272,131189,,0,,,
3809,CT,"Windham County, CT HUD Metro FMR Area",2p3c,1958,1300,1764,2210,1011,1954,2594,12790,23496,15596,21165,26514,12137,23444,31124,153477,,0,,,
3809,CT,"Windham County, CT HUD Metro FMR Area",2p4c,1958,1591,1817,2287,1102,1954,2880,13588,23496,19089,21801,27444,13222,23444,34560,163056,,0,,,
3810,MA,"Western Worcester County, MA HUD Metro FMR Area",1p0c,1047,386,1085,420,445,0,842,4224,12564,4627,13014,5035,5337,0,10107,50684,116982,0,,,
3810,MA,"Western Worcester County, MA HUD Metro FMR Area",1p1c,1462,565,1342,646,630,1445,1439,7528,17544,6785,16106,7748,7554,17338,17267,90341,116982,0,,,
3810,MA,"Western Worcester County, MA HUD Metro FMR Area",1p2c,1462,834,1473,872,713,2509,2020,9883,17544,10005,17676,10461,8553,30113,24244,118597,116982,0,,,
3810,MA,"Western Worcester County, MA HUD Metro FMR Area",1p3c,2049,1111,1623,1098,981,2837,2817,12516,24588,13332,19473,13175,11773,34043,33808,150193,116982,0,,,
3810,MA,"Western Worcester County, MA HUD Metro FMR Area",1p4c,2049,1360,1686,1138,1059,2837,3027,13155,24588,16323,20228,13653,12702,34043,36321,157858,116982,0,,,
3810,MA,"Western Worcester County, MA HUD Metro FMR Area",2p0c,1155,707,1295,839,578,0,997,5571,13860,8483,15539,10070,6937,0,11958,66847,116982,0,,,
3810,MA,"Western Worcester County, MA HUD Metro FMR Area",2p1c,1462,877,1420,1065,726,1445,1463,8458,17544,10525,17034,12783,8715,17338,17556,101494,116982,0,,,
3810,MA,"Western Worcester County, MA HUD Metro FMR Area",2p2c,1462,1115,1565,1291,800,2509,1899,10642,17544,13385,18775,15496,9603,30113,22786,127702,116982,0,,,
3810,MA,"Western Worcester County, MA HUD Metro FMR Area",2p3c,2049,1361,1624,1518,1059,2837,2537,12984,24588,16329,19487,18210,12704,34043,30443,155804,116982,0,,,
3810,MA,"Western Worcester County, MA HUD Metro FMR Area",2p4c,2049,1666,1670,1557,1153,2837,2769,13702,24588,19986,20045,18688,13839,34043,33229,164419,116982,0,,,
3811,WA,"Yakima, WA MSA",1p0c,1011,339,1139,380,419,0,609,3898,12132,4073,13669,4562,5031,0,7306,46773,76662,0,,,
3811,WA,"Yakima, WA MSA",1p1c,1335,498,1376,603,569,1053,791,6225,16020,5973,16516,7238,6828,12635,9491,74701,76662,0,,,
3811,WA,"Yakima, WA MSA",1p2c,1335,734,1506,826,642,1824,1022,7890,16020,8808,18077,9914,7708,21886,12261,94675,76662,0,,,
3811,WA,"Yakima, WA MSA",1p3c,1871,978,1665,1049,885,2061,1506,10014,22452,11737,19978,12591,10615,24733,18066,120170,76662,0,,,
3811,WA,"Yakima, WA MSA",1p4c,1871,1197,1733,1120,953,2061,1701,10636,22452,14369,20799,13437,11432,24733,20410,127633,76662,0,,,
3811,WA,"Yakima, WA MSA",2p0c,1018,622,1310,760,509,0,640,4861,12216,7468,15725,9124,6111,0,7685,58328,76662,0,,,
3811,WA,"Yakima, WA MSA",2p1c,1335,772,1433,983,654,1053,859,7090,16020,9265,17201,11800,7850,12635,10313,85084,76662,0,,,
3811,WA,"Yakima, WA MSA",2p2c,1335,982,1586,1206,719,1824,951,8604,16020,11783,19037,14476,8632,21886,11415,103250,76662,0,,,
3811,WA,"Yakima, WA MSA",2p3c,1871,1198,1651,1429,953,2061,1231,10393,22452,14374,19809,17153,11434,24733,14767,124721,76662,0,,,
3811,WA,"Yakima, WA MSA",2p4c,1871,1466,1703,1500,1036,2061,1423,11060,22452,17594,20431,17999,12433,24733,17078,132720,76662,0,,,
3812,PA,"York-Hanover, PA MSA",1p0c,953,346,1083,509,403,0,767,4062,11436,4154,13001,6109,4840,0,9201,48740,99386,0,,,
3812,PA,"York-Hanover, PA MSA",1p1c,1342,508,1389,809,574,961,1115,6698,16104,6091,16667,9712,6891,11532,13378,80376,99386,0,,,
3812,PA,"York-Hanover, PA MSA",1p2c,1342,749,1524,1110,649,1933,1605,8911,16104,8982,18282,13315,7789,23193,19261,106926,99386,0,,,
3812,PA,"York-Hanover, PA MSA",1p3c,1818,997,1615,1410,874,2232,2223,11169,21816,11969,19377,16917,10489,26781,26672,134023,99386,0,,,
3812,PA,"York-Hanover, PA MSA",1p4c,1818,1221,1679,1482,944,2232,2436,11811,21816,14654,20152,17780,11323,26781,29228,141734,99386,0,,,
3812,PA,"York-Hanover, PA MSA",2p0c,1076,635,1337,1018,531,0,946,5542,12912,7616,16039,12218,6373,0,11351,66508,99386,0,,,
3812,PA,"York-Hanover, PA MSA",2p1c,1342,787,1464,1318,661,961,1232,7767,16104,9449,17572,15821,7934,11532,14786,93198,99386,0,,,
3812,PA,"York-Hanover, PA MSA",2p2c,1342,1001,1551,1619,728,1933,1518,9691,16104,12016,18606,19423,8731,23193,18221,116295,99386,0,,,
3812,PA,"York-Hanover, PA MSA",2p3c,1818,1222,1611,1919,944,2232,1991,11736,21816,14659,19335,23026,11325,26781,23891,140834,99386,0,,,
3812,PA,"York-Hanover, PA MSA",2p4c,1818,1495,1728,1991,1029,2232,2262,12555,21816,17943,20740,23888,12344,26781,27141,150654,99386,0,,,
3813,OH,"Youngstown-Warren-Boardman, OH HUD Metro FMR Area",1p0c,660,349,1004,438,313,0,547,3311,7920,4189,12046,5259,3759,0,6562,39736,73572.75487,0,,,
3813,OH,"Youngstown-Warren-Boardman, OH HUD Metro FMR Area",1p1c,884,512,1240,686,433,1023,746,5524,10608,6142,14876,8232,5201,12274,8951,66284,73572.75487,0,,,
3813,OH,"Youngstown-Warren-Boardman, OH HUD Metro FMR Area",1p2c,884,755,1430,934,509,1719,997,7227,10608,9058,17163,11205,6106,20624,11964,86728,73572.75487,0,,,
3813,OH,"Youngstown-Warren-Boardman, OH HUD Metro FMR Area",1p3c,1159,1006,1525,1181,672,1933,1349,8825,13908,12070,18300,14177,8065,23194,16187,105901,73572.75487,0,,,
3813,OH,"Youngstown-Warren-Boardman, OH HUD Metro FMR Area",1p4c,1159,1231,1593,1246,742,1933,1568,9473,13908,14777,19117,14950,8906,23194,18819,113671,73572.75487,0,,,
3813,OH,"Youngstown-Warren-Boardman, OH HUD Metro FMR Area",2p0c,702,640,1193,877,417,0,633,4461,8424,7679,14317,10519,5000,0,7591,53530,73572.75487,0,,,
3813,OH,"Youngstown-Warren-Boardman, OH HUD Metro FMR Area",2p1c,884,794,1377,1124,521,1023,896,6619,10608,9528,16521,13491,6252,12274,10752,79427,73572.75487,0,,,
3813,OH,"Youngstown-Warren-Boardman, OH HUD Metro FMR Area",2p2c,884,1010,1466,1372,588,1719,998,8036,10608,12117,17595,16464,7056,20624,11972,96437,73572.75487,0,,,
3813,OH,"Youngstown-Warren-Boardman, OH HUD Metro FMR Area",2p3c,1159,1232,1530,1620,742,1933,1200,9416,13908,14782,18363,19437,8908,23194,14403,112995,73572.75487,0,,,
3813,OH,"Youngstown-Warren-Boardman, OH HUD Metro FMR Area",2p4c,1159,1508,1582,1684,828,1933,1391,10084,13908,18093,18984,20210,9936,23194,16688,121013,73572.75487,0,,,
3814,PA,"Sharon, PA HUD Metro FMR Area",1p0c,716,348,1061,335,330,0,618,3408,8592,4177,12726,4019,3964,0,7415,40893,78611,0,,,
3814,PA,"Sharon, PA HUD Metro FMR Area",1p1c,908,510,1308,531,440,944,778,5420,10896,6125,15695,6370,5285,11331,9334,65036,78611,0,,,
3814,PA,"Sharon, PA HUD Metro FMR Area",1p2c,908,753,1445,727,516,1937,1107,7392,10896,9032,17338,8722,6187,23249,13280,88705,78611,0,,,
3814,PA,"Sharon, PA HUD Metro FMR Area",1p3c,1257,1003,1607,923,702,2243,1574,9309,15084,12036,19289,11073,8420,26917,18883,111702,78611,0,,,
3814,PA,"Sharon, PA HUD Metro FMR Area",1p4c,1257,1228,1680,982,772,2243,1800,9961,15084,14736,20155,11782,9258,26917,21596,119527,78611,0,,,
3814,PA,"Sharon, PA HUD Metro FMR Area",2p0c,721,638,1253,670,422,0,685,4389,8652,7658,15033,8037,5064,0,8221,52665,78611,0,,,
3814,PA,"Sharon, PA HUD Metro FMR Area",2p1c,908,792,1381,866,528,944,903,6322,10896,9502,16577,10389,6333,11331,10839,75866,78611,0,,,
3814,PA,"Sharon, PA HUD Metro FMR Area",2p2c,908,1007,1538,1062,595,1937,1098,8145,10896,12083,18453,12740,7134,23249,13177,97734,78611,0,,,
3814,PA,"Sharon, PA HUD Metro FMR Area",2p3c,1257,1228,1605,1258,772,2243,1363,9725,15084,14741,19261,15092,9260,26917,16350,116705,78611,0,,,
3814,PA,"Sharon, PA HUD Metro FMR Area",2p4c,1257,1504,1659,1317,857,2243,1564,10401,15084,18043,19912,15800,10285,26917,18769,124809,78611,0,,,
3815,CA,"Yuba City, CA MSA",1p0c,1195,340,1134,577,477,0,871,4593,14340,4083,13602,6920,5720,0,10453,55119,85847.61754,0,,,
3815,CA,"Yuba City, CA MSA",1p1c,1522,499,1384,917,627,1051,1117,7118,18264,5988,16611,11008,7529,12616,13399,85416,85847.61754,0,,,
3815,CA,"Yuba City, CA MSA",1p2c,1522,736,1523,1258,701,1829,1700,9269,18264,8829,18275,15096,8412,21944,20402,111223,85847.61754,0,,,
3815,CA,"Yuba City, CA MSA",1p3c,2133,980,1687,1599,967,2068,2649,12083,25596,11765,20242,19184,11600,24814,31793,144994,85847.61754,0,,,
3815,CA,"Yuba City, CA MSA",1p4c,2133,1200,1760,1684,1035,2068,2899,12779,25596,14405,21117,20204,12419,24814,34791,153346,85847.61754,0,,,
3815,CA,"Yuba City, CA MSA",2p0c,1197,624,1314,1153,565,0,870,5723,14364,7486,15764,13840,6784,0,10439,68678,85847.61754,0,,,
3815,CA,"Yuba City, CA MSA",2p1c,1522,774,1444,1494,713,1051,1208,8206,18264,9288,17328,17928,8554,12616,14495,98474,85847.61754,0,,,
3815,CA,"Yuba City, CA MSA",2p2c,1522,984,1602,1835,778,1829,1565,10114,18264,11812,19219,22016,9338,21944,18779,121373,85847.61754,0,,,
3815,CA,"Yuba City, CA MSA",2p3c,2133,1201,1670,2175,1035,2068,2281,12563,25596,14410,20035,26104,12421,24814,27370,150750,85847.61754,0,,,
3815,CA,"Yuba City, CA MSA",2p4c,2133,1470,1725,2260,1119,2068,2538,13313,25596,17637,20695,27124,13423,24814,30461,159751,85847.61754,0,,,
3816,AZ,"Yuma, AZ MSA",1p0c,1043,307,1062,643,419,0,759,4232,12516,3681,12740,7712,5029,0,9104,50783,67312,0,,,
3816,AZ,"Yuma, AZ MSA",1p1c,1377,450,1262,1023,567,786,947,6411,16524,5398,15138,12275,6806,9429,11361,76931,67312,0,,,
3816,AZ,"Yuma, AZ MSA",1p2c,1377,663,1381,1403,633,1546,1314,8318,16524,7959,16568,16837,7601,18554,15770,99814,67312,0,,,
3816,AZ,"Yuma, AZ MSA",1p3c,1877,884,1470,1783,857,1780,1912,10563,22524,10606,17634,21399,10286,21362,22940,126752,67312,0,,,
3816,AZ,"Yuma, AZ MSA",1p4c,1877,1082,1535,1873,919,1780,2135,11202,22524,12985,18425,22477,11025,21362,25619,134418,67312,0,,,
3816,AZ,"Yuma, AZ MSA",2p0c,1050,562,1199,1285,501,0,833,5431,12600,6748,14390,15425,6007,0,10001,65171,67312,0,,,
3816,AZ,"Yuma, AZ MSA",2p1c,1377,698,1312,1666,644,786,1083,7565,16524,8373,15745,19987,7730,9429,12994,90782,67312,0,,,
3816,AZ,"Yuma, AZ MSA",2p2c,1377,887,1396,2046,703,1546,1276,9231,16524,10648,16752,24549,8436,18554,15309,110772,67312,0,,,
3816,AZ,"Yuma, AZ MSA",2p3c,1877,1083,1458,2426,919,1780,1718,11260,22524,12990,17495,29111,11026,21362,20614,135122,67312,0,,,
3816,AZ,"Yuma, AZ MSA",2p4c,1877,1325,1575,2516,994,1780,1977,12044,22524,15899,18901,30189,11929,21362,23720,144526,67312,0,,,